Date,Open,High,Low,Close,Volume,Dividends,Stock Splits
2015-03-20 00:00:00+09:00,854.3101810641057,876.4255932297153,848.5765556878365,874.7874145507812,3762900,0.0,0.0
2015-03-23 00:00:00+09:00,882.9782904679769,882.9782904679769,862.5010573866231,869.0537719726562,2175100,0.0,0.0
2015-03-24 00:00:00+09:00,863.3201641840119,897.7219164569991,863.3201641840119,895.2646484375,3311700,0.0,0.0
2015-03-25 00:00:00+09:00,900.9982957814581,932.1236914539084,899.3601170618554,923.1137084960938,4336200,0.0,0.0
2015-03-26 00:00:00+09:00,927.2091130437078,934.5809169459988,905.0937013368349,909.1891479492188,2670600,0.0,0.0
2015-03-27 00:00:00+09:00,908.3700952148437,925.5709716796874,905.0937377929687,921.4755249023438,2572800,0.0,0.0
2015-03-30 00:00:00+09:00,921.4755129085357,948.5054612871861,918.1991555293054,937.8572998046875,3828600,0.0,0.0
2015-03-31 00:00:00+09:00,961.610940224316,975.5354598016698,951.781867581478,954.2391357421875,4892100,0.0,0.0
2015-04-01 00:00:00+09:00,947.6863719423785,950.1436399768013,937.0382104598799,937.8572998046875,3052300,0.0,0.0
2015-04-02 00:00:00+09:00,937.0382030907946,938.6763817675268,926.3900416920357,935.4000244140625,3707200,0.0,0.0
2015-04-03 00:00:00+09:00,929.6664967890763,932.9428544870113,922.2946919687224,927.209228515625,1718700,0.0,0.0
2015-04-06 00:00:00+09:00,915.7418847787156,918.19915280585,906.7319020125565,916.5609741210938,1645700,0.0,0.0
2015-04-07 00:00:00+09:00,922.2946019853864,932.9427634647914,912.465529850551,917.3800659179688,2310700,0.0,0.0
2015-04-08 00:00:00+09:00,917.3801093612699,932.1237182617189,910.8273942944036,932.1237182617188,2137700,0.0,0.0
2015-04-09 00:00:00+09:00,932.9427734587481,941.1336669921875,923.1137012186208,941.1336669921875,2204200,0.0,0.0
2015-04-10 00:00:00+09:00,941.1336518698813,941.1336518698813,914.922792984036,915.7418823242188,3586800,0.0,0.0
2015-04-13 00:00:00+09:00,914.9227707143084,922.2945745965186,905.9127881916071,908.3700561523438,2258800,0.0,0.0
2015-04-14 00:00:00+09:00,908.3699873932695,928.0281295911401,895.2645592613558,925.5708618164062,3440900,0.0,0.0
2015-04-15 00:00:00+09:00,917.3801992832321,955.0583146109362,916.5611098195862,942.77197265625,5482200,0.0,0.0
2015-04-16 00:00:00+09:00,944.4099497337864,957.5153783510809,941.1335925794627,956.6962890625,3487400,0.0,0.0
2015-04-17 00:00:00+09:00,955.058316552983,966.5255690673414,945.2292429692474,964.8873901367188,2863500,0.0,0.0
2015-04-20 00:00:00+09:00,958.3345866363321,981.269089564381,950.1436927334574,976.3545532226562,4299800,0.0,0.0
2015-04-21 00:00:00+09:00,982.907126767792,1009.9370727539062,976.35441258934,1009.9370727539062,4872900,0.0,0.0
2015-04-22 00:00:00+09:00,1011.5755246720224,1047.6154623931309,995.1937347987913,1041.8818359375,7776100,0.0,0.0
2015-04-23 00:00:00+09:00,1037.7862354911822,1041.8816823557884,1019.7662692869154,1031.2335205078125,3726100,0.0,0.0
2015-04-24 00:00:00+09:00,1025.4999164376725,1048.4344193611987,1025.4999164376725,1038.6053466796875,3327400,0.0,0.0
2015-04-27 00:00:00+09:00,1023.861761197611,1050.891711693228,1023.0426717886529,1046.7962646484375,2525000,0.0,0.0
2015-04-28 00:00:00+09:00,1046.7960307914268,1059.9014584069691,1046.7960307914268,1050.0723876953125,2680900,0.0,0.0
2015-04-30 00:00:00+09:00,1052.5297652732233,1052.5297652732233,1036.14797904329,1045.97705078125,3483000,0.0,0.0
2015-05-01 00:00:00+09:00,1027.138088060462,1048.434412055336,1025.4999092916255,1036.1480712890625,2423900,0.0,0.0
2015-05-07 00:00:00+09:00,1025.4999164376725,1045.977151190821,1024.6808270475465,1038.6053466796875,3349000,0.0,0.0
2015-05-08 00:00:00+09:00,1038.6053394423172,1044.3389651332448,1028.7762668292985,1036.1480712890625,2222500,0.0,0.0
2015-05-11 00:00:00+09:00,1045.1579364394238,1055.8060972338694,1036.147954228739,1037.7861328125,2998300,0.0,0.0
2015-05-12 00:00:00+09:00,1045.9771424964354,1086.93161166231,1045.9771424964354,1077.1025390625,7232300,0.0,0.0
2015-05-13 00:00:00+09:00,1079.559922567228,1097.5798909257098,1061.5399542087462,1074.6453857421875,4154000,0.0,0.0
2015-05-14 00:00:00+09:00,1071.3691089282263,1077.9218251907844,1057.4445868702908,1059.90185546875,2670800,0.0,0.0
2015-05-15 00:00:00+09:00,1064.8163926656684,1077.9218251907844,1051.7109601405525,1059.90185546875,2616700,0.0,0.0
2015-05-18 00:00:00+09:00,1064.8163462727252,1087.7508521924453,1061.5399882841937,1086.9317626953125,2633600,0.0,0.0
2015-05-19 00:00:00+09:00,1086.9317990528145,1103.313589543437,1086.1127095282834,1100.0372314453125,3486100,0.0,0.0
2015-05-20 00:00:00+09:00,1105.7705772632437,1139.3532392393868,1102.4942199972786,1128.705078125,4504700,0.0,0.0
2015-05-21 00:00:00+09:00,1143.448789989165,1169.6596505046762,1096.7606946959113,1122.1524658203125,6686700,0.0,0.0
2015-05-22 00:00:00+09:00,1133.619729403409,1136.076997602983,1111.5043156072443,1126.2479248046875,2169300,0.0,0.0
2015-05-25 00:00:00+09:00,1135.257804146026,1185.2222529576477,1132.8005361716841,1172.9359130859375,6123100,0.0,0.0
2015-05-26 00:00:00+09:00,1222.9004127355317,1226.1767701708582,1173.7550512056378,1189.3177490234375,5522300,0.0,0.0
2015-05-27 00:00:00+09:00,1175.393322414822,1195.870557996962,1173.755143568251,1179.48876953125,3783500,0.0,0.0
2015-05-28 00:00:00+09:00,1186.860338882066,1214.709373748864,1176.2121784918197,1182.764892578125,5489500,0.0,0.0
2015-05-29 00:00:00+09:00,1192.5939865794908,1202.4230578974536,1177.0312903260497,1190.13671875,5023700,0.0,0.0
2015-06-01 00:00:00+09:00,1181.9459281589673,1226.176752913357,1181.9459281589673,1224.53857421875,3832700,0.0,0.0
2015-06-02 00:00:00+09:00,1228.6338429949458,1255.6637875408346,1225.3574860802926,1245.834716796875,5157200,0.0,0.0
2015-06-03 00:00:00+09:00,1248.2921652905518,1251.568522679766,1217.1667700930184,1224.53857421875,3042600,0.0,0.0
2015-06-04 00:00:00+09:00,1224.5385569910848,1228.6340036699848,1212.252216954385,1218.804931640625,2529900,0.0,0.0
2015-06-05 00:00:00+09:00,1211.433257039388,1226.9959560818143,1169.659696451823,1179.48876953125,7012300,0.0,0.0
2015-06-08 00:00:00+09:00,1163.1068723398298,1183.5841060077846,1122.1524050039202,1142.629638671875,6298300,0.0,0.0
2015-06-09 00:00:00+09:00,1140.1722739657473,1163.9258630067004,1127.0668455293594,1150.8204345703125,4111600,0.0,0.0
2015-06-10 00:00:00+09:00,1155.7350250436612,1171.297722049919,1140.1723280374035,1168.8404541015625,3713100,0.0,0.0
2015-06-11 00:00:00+09:00,1180.3076247957606,1186.860338882066,1169.6594644055142,1182.764892578125,3330900,0.0,0.0
2015-06-12 00:00:00+09:00,1182.7649111975454,1183.584000471228,1131.98137622923,1149.1822509765625,7812400,0.0,0.0
2015-06-15 00:00:00+09:00,1142.6295616976015,1165.5640618607074,1136.0768473652854,1157.3731689453125,2957600,0.0,0.0
2015-06-16 00:00:00+09:00,1154.9159479407624,1177.031359709841,1147.5441440177365,1172.9359130859375,4314200,0.0,0.0
2015-06-17 00:00:00+09:00,1175.3932622363625,1180.3077985244588,1152.45875955858,1159.011474609375,2038500,0.0,0.0
2015-06-18 00:00:00+09:00,1171.2977516328071,1186.0413596953179,1168.0213942855823,1178.6695556640625,2947100,0.0,0.0
2015-06-19 00:00:00+09:00,1181.9458680444834,1190.9558504065687,1159.0113674864476,1163.9259033203125,3586100,0.0,0.0
2015-06-22 00:00:00+09:00,1154.915920958227,1181.9458680444834,1148.363206513074,1163.9259033203125,3191200,0.0,0.0
2015-06-23 00:00:00+09:00,1175.3931017889493,1187.6794408320393,1163.1067627458592,1186.8603515625,3376500,0.0,0.0
2015-06-24 00:00:00+09:00,1195.870471233355,1209.7949904189486,1188.4986669586287,1191.7750244140625,2569400,0.0,0.0
2015-06-25 00:00:00+09:00,1188.4986077501255,1195.8704116576039,1172.1168212890625,1172.1168212890625,2406700,0.0,0.0
2015-06-26 00:00:00+09:00,1172.9359940923143,1173.7550834736637,1156.5542064653268,1159.011474609375,2157200,0.0,0.0
2015-06-29 00:00:00+09:00,1134.4386810173605,1174.574056735664,1130.3432345154927,1161.4686279296875,2917200,0.0,0.0
2015-06-30 00:00:00+09:00,1162.2878442038952,1189.317794069102,1160.6496654241857,1163.10693359375,3500600,0.0,0.0
2015-07-01 00:00:00+09:00,1169.6596462903012,1173.7550932310937,1147.5442328100225,1162.287841796875,2712000,0.0,0.0
2015-07-02 00:00:00+09:00,1163.1069263574013,1176.212356513541,1159.0114794336075,1160.649658203125,2635600,0.0,0.0
2015-07-03 00:00:00+09:00,1159.8305736323996,1173.7550932310937,1152.4587691389734,1162.287841796875,2441000,0.0,0.0
2015-07-06 00:00:00+09:00,1159.0114842442413,1172.9360038429352,1155.7351266916073,1162.287841796875,2077300,0.0,0.0
2015-07-07 00:00:00+09:00,1174.5741566227634,1239.2822168551193,1174.5741566227634,1236.005859375,6574900,0.0,0.0
2015-07-08 00:00:00+09:00,1243.3775582342791,1279.417487458461,1200.7849146057004,1201.60400390625,7507400,0.0,0.0
2015-07-09 00:00:00+09:00,1179.4886671812417,1231.91038572263,1156.554165319384,1226.995849609375,5179200,0.0,0.0
2015-07-10 00:00:00+09:00,1250.749482711943,1258.940376508354,1232.729516359839,1240.92041015625,4810100,0.0,0.0
2015-07-13 00:00:00+09:00,1255.6638859675481,1282.6938326322115,1245.834814453125,1277.779296875,4148500,0.0,0.0
2015-07-14 00:00:00+09:00,1296.6185445623476,1320.372137608657,1292.5230974853976,1301.5330810546875,4529200,0.0,0.0
2015-07-15 00:00:00+09:00,1318.7338125494462,1326.10561647053,1282.6938822685918,1294.1611328125,4280700,0.0,0.0
2015-07-16 00:00:00+09:00,1300.713884330917,1307.2665991134404,1282.6939186789773,1306.447509765625,3636500,0.0,0.0
2015-07-17 00:00:00+09:00,1303.9901548661824,1320.3719407313354,1299.8947083998942,1317.9146728515625,3200300,0.0,0.0
2015-07-21 00:00:00+09:00,1333.4773993029567,1368.6982397022362,1331.8392206797344,1367.879150390625,4226700,0.0,0.0
2015-07-22 00:00:00+09:00,1360.5076721154483,1362.1458511306384,1338.3922554103808,1353.9549560546875,2828800,0.0,0.0
2015-07-23 00:00:00+09:00,1362.9649406382334,1365.4222091610188,1347.4022399939267,1353.9549560546875,2144900,0.0,0.0
2015-07-24 00:00:00+09:00,1353.1354596508718,1387.5372086250463,1344.125477776683,1380.1654052734375,3381000,0.0,0.0
2015-07-27 00:00:00+09:00,1388.3565609110776,1400.6429021580782,1340.0302853395415,1344.125732421875,4789200,0.0,0.0
2015-07-28 00:00:00+09:00,1329.3819957570443,1389.1755174392772,1325.2865490664803,1382.622802734375,4300300,0.0,0.0
2015-07-29 00:00:00+09:00,1392.4518343600196,1416.205424475573,1380.1654946450783,1409.6527099609375,4907900,0.0,0.0
2015-07-30 00:00:00+09:00,1417.0245899240783,1421.1200367157664,1384.2610155905736,1394.090087890625,5262200,0.0,0.0
2015-07-31 00:00:00+09:00,1403.0999660036264,1439.958984375,1390.8136265465018,1439.958984375,6054000,0.0,0.0
2015-08-03 00:00:00+09:00,1472.7227302611343,1515.3153787447711,1444.054601474071,1456.3409423828125,6503600,0.0,0.0
2015-08-04 00:00:00+09:00,1462.8934973566895,1462.8934973566895,1426.0344786662915,1444.054443359375,5144600,0.0,0.0
2015-08-05 00:00:00+09:00,1457.9792222389062,1463.7128483937784,1438.3210754222018,1448.96923828125,4963900,0.0,0.0
2015-08-06 00:00:00+09:00,1448.9689349397604,1449.7880242189801,1389.9945068359375,1389.9945068359375,5116600,0.0,0.0
2015-08-07 00:00:00+09:00,1394.909122866676,1422.7581599644252,1335.1156020391556,1376.070068359375,5876700,0.0,0.0
2015-08-10 00:00:00+09:00,1392.4519018540318,1392.4519018540318,1361.326506400824,1391.6328125,3439300,0.0,0.0
2015-08-11 00:00:00+09:00,1392.451922375739,1392.451922375739,1302.3520921043678,1316.276611328125,7447400,0.0,0.0
2015-08-12 00:00:00+09:00,1309.7237316313244,1344.944569942861,1302.3519282637935,1341.668212890625,4939100,0.0,0.0
2015-08-13 00:00:00+09:00,1335.1156211238338,1386.718249424939,1327.7438170808186,1382.622802734375,3540200,0.0,0.0
2015-08-14 00:00:00+09:00,1377.7084703793573,1410.4720487474751,1356.4121444400807,1368.698486328125,3586800,0.0,0.0
2015-08-17 00:00:00+09:00,1347.4020018793665,1375.2510402160829,1341.6683763394542,1355.5928955078125,3449700,0.0,0.0
2015-08-18 00:00:00+09:00,1360.507372193655,1371.9746227720484,1328.5628884395596,1335.9346923828125,3435700,0.0,0.0
2015-08-19 00:00:00+09:00,1329.3820607282798,1346.5829376693111,1322.0102563249807,1322.829345703125,2767600,0.0,0.0
2015-08-20 00:00:00+09:00,1314.63824451309,1338.3918327317067,1294.9801025390625,1294.9801025390625,2832500,0.0,0.0
2015-08-21 00:00:00+09:00,1254.845077939367,1268.7695990392165,1185.22247244012,1206.518798828125,6558200,0.0,0.0
2015-08-24 00:00:00+09:00,1171.2977405093636,1194.2322417221344,1127.8860060709048,1134.438720703125,7086600,0.0,0.0
2015-08-25 00:00:00+09:00,1085.2935134966874,1202.4233040099148,1065.6353668371248,1104.95166015625,8726500,0.0,0.0
2015-08-26 00:00:00+09:00,1146.725143421864,1166.3832887376675,1122.15246177711,1162.287841796875,4299900,0.0,0.0
2015-08-27 00:00:00+09:00,1197.5088998222482,1226.177033538923,1174.5743928489082,1193.4134521484375,4511400,0.0,0.0
2015-08-28 00:00:00+09:00,1215.5287877383475,1228.6342194120764,1193.4133717889301,1208.156982421875,3490400,0.0,0.0
2015-08-31 00:00:00+09:00,1204.8804319600677,1226.9958443753783,1182.7650195447573,1184.4031982421875,4136300,0.0,0.0
2015-09-01 00:00:00+09:00,1169.6597509657836,1172.9361088116261,1112.3234886635394,1113.142578125,4414500,0.0,0.0
2015-09-02 00:00:00+09:00,1083.6552100914357,1140.991464593628,1080.3788526913104,1103.3133544921875,4023300,0.0,0.0
2015-09-03 00:00:00+09:00,1126.2477522846516,1159.0113232602052,1109.865966796875,1109.865966796875,4815900,0.0,0.0
2015-09-04 00:00:00+09:00,1122.9716374636225,1126.2479952680387,1087.7507910661493,1108.22802734375,4651000,0.0,0.0
2015-09-07 00:00:00+09:00,1115.599494912469,1191.7747908205893,1101.6749784561462,1156.553955078125,7050500,0.0,0.0
2015-09-08 00:00:00+09:00,1151.6396839002623,1155.735130855811,1111.5043037358862,1122.1524658203125,3906500,0.0,0.0
2015-09-09 00:00:00+09:00,1163.106831355589,1169.6595458984375,1127.066901369923,1169.6595458984375,3690400,0.0,0.0
2015-09-10 00:00:00+09:00,1139.3532387212847,1177.8504365788694,1130.3432562439777,1168.8404541015625,3097300,0.0,0.0
2015-09-11 00:00:00+09:00,1169.6594083761868,1181.945746699466,1153.2776239451478,1164.744873046875,3470700,0.0,0.0
2015-09-14 00:00:00+09:00,1179.4885380622839,1223.7193582396194,1171.2976454368513,1183.583984375,4585900,0.0,0.0
2015-09-15 00:00:00+09:00,1187.6795284257948,1195.0513323953342,1160.6495805374836,1175.3931884765625,2859500,0.0,0.0
2015-09-16 00:00:00+09:00,1183.584406374133,1185.2225854833016,1108.2281673523892,1114.7808837890625,5265700,0.0,0.0
2015-09-17 00:00:00+09:00,1114.7806468974811,1122.1524513222255,1084.4743398179758,1117.2379150390625,4583900,0.0,0.0
2015-09-18 00:00:00+09:00,1126.2478158493673,1126.2478158493673,1085.2933498184811,1090.2078857421875,4217000,0.0,0.0
2015-09-24 00:00:00+09:00,1068.9116341727122,1076.283438546317,1032.0526123046875,1032.0526123046875,4980400,0.0,0.0
2015-09-25 00:00:00+09:00,1044.3390412892652,1106.5898390445468,1044.3390412892652,1104.95166015625,5376200,0.0,0.0
2015-09-28 00:00:00+09:00,1094.3033123405612,1115.5996342873086,1071.3688117825254,1083.6551513671875,3159300,0.0,0.0
2015-09-29 00:00:00+09:00,1059.0825985179229,1069.730760761336,1041.8817210477941,1044.3389892578125,2792400,0.0,0.0
2015-09-30 00:00:00+09:00,1054.167882146696,1071.3687566805581,1036.1479183493166,1065.6351318359375,3193700,0.0,0.0
2015-10-01 00:00:00+09:00,1076.2833623950692,1095.1224166835673,1050.0725042545498,1088.5697021484375,2434500,0.0,0.0
2015-10-02 00:00:00+09:00,1078.7406352535395,1109.046940116395,1072.1879206885976,1090.2078857421875,2205000,0.0,0.0
2015-10-05 00:00:00+09:00,1104.95153319225,1112.3233373425319,1092.6651929417803,1103.3133544921875,1986500,0.0,0.0
2015-10-06 00:00:00+09:00,1121.3336002257358,1125.4290479986566,1101.6754509157156,1114.7808837890625,2265800,0.0,0.0
2015-10-07 00:00:00+09:00,1117.2379626676527,1136.077019222899,1116.4188732522073,1133.6197509765625,2021100,0.0,0.0
2015-10-08 00:00:00+09:00,1138.5341574125407,1154.9159438501313,1126.2478175843478,1131.162353515625,2412800,0.0,0.0
2015-10-09 00:00:00+09:00,1150.001481800363,1157.3732861708784,1131.9815155613262,1155.735107421875,2587200,0.0,0.0
2015-10-13 00:00:00+09:00,1159.011474609375,1184.4032454312057,1155.7351170839775,1159.011474609375,2318000,0.0,0.0
2015-10-14 00:00:00+09:00,1151.6395890805898,1156.5541250226122,1128.7050880178183,1131.9814453125,2397100,0.0,0.0
2015-10-15 00:00:00+09:00,1127.8862915039062,1157.373514811198,1123.790843822338,1150.001708984375,2419400,0.0,0.0
2015-10-16 00:00:00+09:00,1170.4785761140745,1194.2321651324846,1163.1067726256022,1190.13671875,4314600,0.0,0.0
2015-10-19 00:00:00+09:00,1186.0413071958078,1208.9758076111962,1184.4031285947085,1201.60400390625,2941600,0.0,0.0
2015-10-20 00:00:00+09:00,1210.6140169157013,1211.4331062370247,1165.564104242925,1171.2977294921875,2876800,0.0,0.0
2015-10-21 00:00:00+09:00,1175.39323473567,1193.4132007037429,1172.9359666491146,1190.9559326171875,2789900,0.0,0.0
2015-10-22 00:00:00+09:00,1186.0412798871052,1198.327619112455,1184.4031013237252,1192.593994140625,2066400,0.0,0.0
2015-10-23 00:00:00+09:00,1215.528509346144,1222.900312974254,1195.0512770458383,1197.508544921875,2872800,0.0,0.0
2015-10-26 00:00:00+09:00,1212.2521773628566,1214.7094452899435,1202.423105654509,1205.699462890625,2099300,0.0,0.0
2015-10-27 00:00:00+09:00,1204.8803611084484,1218.8048792177913,1201.60400390625,1201.60400390625,2070900,0.0,0.0
2015-10-28 00:00:00+09:00,1204.0614013671875,1208.9759376992986,1190.955971148225,1204.0614013671875,1627400,0.0,0.0
2015-10-29 00:00:00+09:00,1193.4130758559877,1204.0612364504475,1180.3076474320371,1190.13671875,2415700,0.0,0.0
2015-10-30 00:00:00+09:00,1192.594024076124,1202.423095703125,1177.0313273333722,1202.423095703125,2505200,0.0,0.0
2015-11-02 00:00:00+09:00,1190.9558857455902,1194.2322430653853,1172.1168311567671,1175.3931884765625,2518700,0.0,0.0
2015-11-04 00:00:00+09:00,1190.13682078153,1191.7749994749665,1136.8960132448478,1142.629638671875,3699500,0.0,0.0
2015-11-05 00:00:00+09:00,1139.3531570325108,1145.086781834256,1117.2377470829222,1141.8104248046875,2977000,0.0,0.0
2015-11-06 00:00:00+09:00,1150.8205109917687,1177.850458936771,1150.8205109917687,1176.2122802734375,2039500,0.0,0.0
2015-11-09 00:00:00+09:00,1184.4031162496792,1198.3276342138872,1170.4785982854714,1197.508544921875,2295600,0.0,0.0
2015-11-10 00:00:00+09:00,1188.4987193745617,1195.0514345744214,1164.74512677507,1168.021484375,2388900,0.0,0.0
2015-11-11 00:00:00+09:00,1158.1922329870702,1167.2022149975778,1136.8959118713249,1149.1822509765625,2368400,0.0,0.0
2015-11-12 00:00:00+09:00,1151.6396508667601,1160.6496339105256,1146.7251146610697,1152.458740234375,2087300,0.0,0.0
2015-11-13 00:00:00+09:00,1139.353376884681,1150.0015392854725,1131.1624827302262,1133.6197509765625,2152300,0.0,0.0
2015-11-16 00:00:00+09:00,1117.2376147408206,1145.9057353536716,1115.5994364200865,1137.71484375,1590700,0.0,0.0
2015-11-17 00:00:00+09:00,1147.544109823337,1166.3831637319288,1145.90593122259,1161.4686279296875,2028700,0.0,0.0
2015-11-18 00:00:00+09:00,1154.0969741965137,1161.4687788578115,1127.067023771755,1129.5242919921875,3209600,0.0,0.0
2015-11-19 00:00:00+09:00,1130.343480357469,1140.1725540997077,1118.0571381796703,1121.33349609375,3104200,0.0,0.0
2015-11-20 00:00:00+09:00,1113.9615283492049,1119.695153862767,1095.9415624494384,1107.4088134765625,2763400,0.0,0.0
2015-11-24 00:00:00+09:00,1109.866046991049,1111.5042256581944,1082.8360989831488,1095.9415283203125,2393800,0.0,0.0
2015-11-25 00:00:00+09:00,1085.293300853056,1125.4286757525276,1085.293300853056,1113.96142578125,2659400,0.0,0.0
2015-11-26 00:00:00+09:00,1114.780520087647,1126.247770110591,1113.9614308002938,1115.599609375,1371400,0.0,0.0
2015-11-27 00:00:00+09:00,1107.408863523544,1111.5043105040304,1077.9216452640412,1082.836181640625,3251200,0.0,0.0
2015-11-30 00:00:00+09:00,1081.1981763773238,1083.6554449599996,1051.710953385215,1057.444580078125,2688000,0.0,0.0
2015-12-01 00:00:00+09:00,1058.263407038283,1097.5796946062687,1057.4443177139499,1091.8460693359375,2928800,0.0,0.0
2015-12-02 00:00:00+09:00,1096.7606043946726,1136.076891930852,1095.9415150710022,1131.9814453125,3871600,0.0,0.0
2015-12-03 00:00:00+09:00,1123.790736401529,1134.438899355771,1108.2280366991756,1111.50439453125,2495900,0.0,0.0
2015-12-04 00:00:00+09:00,1090.2078906872714,1099.2178732549348,1086.1124440656063,1091.8460693359375,1879100,0.0,0.0
2015-12-07 00:00:00+09:00,1108.227737118153,1113.1422725377458,1093.484130859375,1093.484130859375,1386000,0.0,0.0
2015-12-08 00:00:00+09:00,1094.3032638456193,1100.0368887310378,1066.4542286878714,1068.0924072265625,1988800,0.0,0.0
2015-12-09 00:00:00+09:00,1069.7307513030682,1095.9416119781818,1065.6353043225818,1082.836181640625,2243500,0.0,0.0
2015-12-10 00:00:00+09:00,1073.0072525528458,1102.494474760405,1068.9118050240181,1091.0272216796875,2387800,0.0,0.0
2015-12-11 00:00:00+09:00,1078.740853967313,1089.389017294249,1074.6454065338758,1082.0172119140625,2084800,0.0,0.0
2015-12-14 00:00:00+09:00,1057.4442655755147,1058.2633548594615,1015.6707120942201,1034.509765625,4347500,0.0,0.0
2015-12-15 00:00:00+09:00,1035.3290734824282,1039.4245207667732,1017.30910543131,1025.5,2009800,0.0,0.0
2015-12-16 00:00:00+09:00,1044.3388370323635,1048.434283452098,1030.4143192052652,1034.509765625,2259100,0.0,0.0
2015-12-17 00:00:00+09:00,1048.434345885093,1069.730668535884,1037.7861845596976,1054.987060546875,3304700,0.0,0.0
2015-12-18 00:00:00+09:00,1048.434412055336,1073.0070935878828,1036.1480712890625,1036.1480712890625,2711700,0.0,0.0
2015-12-21 00:00:00+09:00,1042.7008621345233,1065.6353665648192,1027.1381626996795,1062.3590087890625,2841800,0.0,0.0
2015-12-22 00:00:00+09:00,1061.539556047766,1068.9113585203197,1045.9768619390409,1063.177734375,2214600,0.0,0.0
2015-12-24 00:00:00+09:00,1061.5396652044665,1086.1123426397548,1059.0823974609375,1059.0823974609375,2348600,0.0,0.0
2015-12-25 00:00:00+09:00,1059.0823974609375,1059.0823974609375,1059.0823974609375,1059.0823974609375,0,0.0,0.0
2015-12-28 00:00:00+09:00,1024.6810077446307,1067.2736635421695,1024.6810077446307,1060.720947265625,2476200,0.0,0.0
2015-12-29 00:00:00+09:00,1056.625273392497,1071.368881858439,1036.1480394120224,1066.454345703125,1647900,0.0,0.0
2015-12-30 00:00:00+09:00,1067.2736147641237,1091.027210180977,1062.3590777813265,1086.9317626953125,2151900,0.0,0.0
2016-01-04 00:00:00+09:00,1077.1023505116914,1082.8359751912215,1045.9769593942433,1055.8060302734375,2213300,0.0,0.0
2016-01-05 00:00:00+09:00,1047.615283240714,1073.8261425555716,1043.5198364727676,1063.9970703125,1620600,0.0,0.0
2016-01-06 00:00:00+09:00,1063.9968182599102,1077.1022448127653,1054.167748345269,1061.53955078125,1528700,0.0,0.0
2016-01-07 00:00:00+09:00,1055.8062767797662,1078.7407808525618,1050.8917401927388,1056.6253662109375,2182300,0.0,0.0
2016-01-08 00:00:00+09:00,1045.9769899896498,1050.072436309108,1022.2234013367918,1026.31884765625,2262800,0.0,0.0
2016-01-12 00:00:00+09:00,1003.3843535509271,1032.0524779380964,1002.5652642827223,1008.2988891601562,2456600,0.0,0.0
2016-01-13 00:00:00+09:00,1015.6707120942201,1034.509765625,1004.2034621189628,1034.509765625,2414100,0.0,0.0
2016-01-14 00:00:00+09:00,1009.9370600796678,1021.4043097480501,991.0980070530397,1005.8416137695312,2212400,0.0,0.0
2016-01-15 00:00:00+09:00,1022.2235875203418,1029.5953922380365,999.2890839541803,1006.660888671875,1889100,0.0,0.0
2016-01-18 00:00:00+09:00,982.907190979251,1014.0325853602607,975.5353870469066,1011.5753173828125,1944900,0.0,0.0
2016-01-19 00:00:00+09:00,1009.9373339883971,1015.6709603776256,985.364649463132,994.3746337890625,1653000,0.0,0.0
2016-01-20 00:00:00+09:00,991.0981149706691,991.9172043218846,934.5809497368045,940.3145751953125,2542800,0.0,0.0
2016-01-21 00:00:00+09:00,929.6664007104872,950.9627235461459,891.9882910781679,895.2646484375,2997500,0.0,0.0
2016-01-22 00:00:00+09:00,925.5711891677713,956.6965919893423,912.465756400794,955.8775024414062,2808000,0.0,0.0
2016-01-25 00:00:00+09:00,973.0782328184487,976.354590504706,951.7819078577755,968.1636962890625,2528200,0.0,0.0
2016-01-26 00:00:00+09:00,968.1635391026327,973.8971641226991,954.2390211967573,956.6962890625,3570900,0.0,0.0
2016-01-27 00:00:00+09:00,968.9826091385816,1011.5752512985192,962.4298949601297,1009.9370727539062,2837200,0.0,0.0
2016-01-28 00:00:00+09:00,1005.0226730088056,1032.0526226496293,1003.384494242695,1014.8517456054688,2702900,0.0,0.0
2016-01-29 00:00:00+09:00,1030.414497476265,1059.90171679991,1007.4799935578743,1054.1680908203125,3151900,0.0,0.0
2016-02-01 00:00:00+09:00,1046.7963306481759,1061.5399409389952,1012.3945733029307,1027.13818359375,4165800,0.0,0.0
2016-02-02 00:00:00+09:00,1014.0325724442924,1052.5297702672988,1011.575304498143,1047.615234375,2568200,0.0,0.0
2016-02-03 00:00:00+09:00,1024.6808199072073,1041.0626075955718,1014.0326579097703,1036.1480712890625,2297600,0.0,0.0
2016-02-04 00:00:00+09:00,1023.8615206586636,1033.6905912569869,1003.3842902454903,1007.479736328125,2180100,0.0,0.0
2016-02-05 00:00:00+09:00,984.5455322265625,987.8218900709105,967.3446535437357,984.5455322265625,2004600,0.0,0.0
2016-02-08 00:00:00+09:00,971.43981080094,1013.2133608438136,969.8016323678862,1007.479736328125,1723000,0.0,0.0
2016-02-09 00:00:00+09:00,974.7163505850934,977.9927080660517,943.5909545159896,947.6864013671875,2107300,0.0,0.0
2016-02-10 00:00:00+09:00,935.4000062684755,945.2290781381969,887.8928255648227,909.1891479492188,3411700,0.0,0.0
2016-02-12 00:00:00+09:00,884.6165580180154,919.0183130520494,869.8729487177152,878.0638427734375,4165000,0.0,0.0
2016-02-15 00:00:00+09:00,905.0937401888425,923.9327954144926,885.4355956055555,922.2946166992188,3030200,0.0,0.0
2016-02-16 00:00:00+09:00,919.0181146005274,937.0380776319103,906.7317761700391,914.9226684570312,2734700,0.0,0.0
2016-02-17 00:00:00+09:00,914.1036838840795,934.5809169459988,895.2646294671137,909.1891479492188,2751700,0.0,0.0
2016-02-18 00:00:00+09:00,931.304555517535,949.3245205319464,924.75184096684,928.0281982421875,2671400,0.0,0.0
2016-02-19 00:00:00+09:00,925.5710634739279,935.400136714359,896.9029331893372,910.8274536132812,2421200,0.0,0.0
2016-02-22 00:00:00+09:00,901.8171600847613,902.6362492401516,873.1490396460995,889.5308227539062,2623100,0.0,0.0
2016-02-23 00:00:00+09:00,895.2646680073225,901.8173828692242,878.0637914948304,881.3401489257812,1741700,0.0,0.0
2016-02-24 00:00:00+09:00,865.7773488218544,880.5209555189153,855.9482776904805,867.41552734375,2520100,0.0,0.0
2016-02-25 00:00:00+09:00,867.4155148265581,906.7317987847025,866.5964255774302,902.6363525390625,2423500,0.0,0.0
2016-02-26 00:00:00+09:00,909.1892295784049,939.4955372310185,909.1892295784049,937.0382690429688,3468900,0.0,0.0
2016-02-29 00:00:00+09:00,946.8671954587693,955.0580881530493,929.6663208007812,929.6663208007812,3023800,0.0,0.0
2016-03-01 00:00:00+09:00,919.0182734088023,954.239116329104,919.0182734088023,947.6864013671875,2002500,0.0,0.0
2016-03-02 00:00:00+09:00,974.7163061297572,976.3544847955216,955.0581621405856,973.897216796875,2117000,0.0,0.0
2016-03-03 00:00:00+09:00,967.3445760758196,1005.0226882684426,967.3445760758196,999.2890625,2192500,0.0,0.0
2016-03-04 00:00:00+09:00,999.2889122139219,1027.1379474723426,988.6407516739374,1009.9370727539062,1843100,0.0,0.0
2016-03-07 00:00:00+09:00,1003.3844133316977,1003.3844133316977,978.8117338215336,987.8217163085938,1615200,0.0,0.0
2016-03-08 00:00:00+09:00,971.4399482228911,973.0781268876851,940.3145535918036,953.4199829101562,2625900,0.0,0.0
2016-03-09 00:00:00+09:00,940.3146552379569,959.1537119195536,939.4955658170179,946.8673706054688,1540300,0.0,0.0
2016-03-10 00:00:00+09:00,900.9983870182415,908.3701920029362,860.0439148810486,870.6920776367188,6511300,0.0,0.0
2016-03-11 00:00:00+09:00,860.8628981958716,882.1592210817828,860.0438088541058,875.6065063476562,3412900,0.0,0.0
2016-03-14 00:00:00+09:00,878.8829097186818,893.6265186422012,876.4256415647619,891.1692504882812,2041400,0.0,0.0
2016-03-15 00:00:00+09:00,894.4456454190341,897.7220030945617,877.2447676225142,882.9783935546875,2350300,0.0,0.0
2016-03-16 00:00:00+09:00,874.7875248504381,891.1693137053152,870.6920776367188,870.6920776367188,2063100,0.0,0.0
2016-03-17 00:00:00+09:00,873.968403339386,880.5211186408997,831.3757538795471,838.74755859375,4403300,0.0,0.0
2016-03-18 00:00:00+09:00,845.3001432801788,859.2246611442902,830.5565361299431,836.2901611328125,3137500,0.0,0.0
2016-03-22 00:00:00+09:00,831.3757819098396,856.7675545593027,828.9185135889238,848.57666015625,2968400,0.0,0.0
2016-03-23 00:00:00+09:00,847.7575454203773,869.0538702328698,846.119366588647,860.8629760742188,2290500,0.0,0.0
2016-03-24 00:00:00+09:00,861.6820912011342,866.5966278429657,846.1193918353342,848.57666015625,1561200,0.0,0.0
2016-03-25 00:00:00+09:00,849.3956664342844,864.9583642763783,846.1193089938436,861.6820068359375,1856900,0.0,0.0
2016-03-28 00:00:00+09:00,861.682080213383,887.8929419689231,861.682080213383,887.0738525390625,2713500,0.0,0.0
2016-03-29 00:00:00+09:00,877.2445957938315,889.5309346704959,876.4255065353873,886.2545776367188,2029500,0.0,0.0
2016-03-30 00:00:00+09:00,883.7973125627066,887.0736696064979,867.41552734375,867.41552734375,1743200,0.0,0.0
2016-03-31 00:00:00+09:00,869.0537360126342,882.9782539317811,861.68193240838,877.24462890625,2803000,0.0,0.0
2016-04-01 00:00:00+09:00,874.7873575806501,875.6064468667743,834.6519825605641,836.2901611328125,2403800,0.0,0.0
2016-04-04 00:00:00+09:00,836.290251237956,859.2247537204856,836.290251237956,846.1193237304688,2137900,0.0,0.0
2016-04-05 00:00:00+09:00,842.8428930141583,855.1292325624696,834.6519999819507,842.0238037109375,2619600,0.0,0.0
2016-04-06 00:00:00+09:00,835.4710341105659,914.1036020268546,824.8228738719018,902.6363525390625,7863300,0.0,0.0
2016-04-07 00:00:00+09:00,891.1690010646869,903.455338395542,883.7971986661738,889.5308227539062,3133200,0.0,0.0
2016-04-08 00:00:00+09:00,872.330334227848,911.6466309817791,854.3103648822962,898.5411987304688,3315000,0.0,0.0
2016-04-11 00:00:00+09:00,888.7119895312679,896.9028834439986,879.7020062272643,893.6265258789062,1520900,0.0,0.0
2016-04-12 00:00:00+09:00,891.1691329106823,919.8372575907134,890.35004363411,912.4654541015625,2026700,0.0,0.0
2016-04-13 00:00:00+09:00,921.4755562780612,933.7618970284353,916.5610199779115,932.1237182617188,2069400,0.0,0.0
2016-04-14 00:00:00+09:00,939.4953937530518,973.078053861051,923.1136083345156,969.8016967773438,2402200,0.0,0.0
2016-04-15 00:00:00+09:00,944.4101030636964,972.2591433968843,943.591013642132,968.1636962890625,2116700,0.0,0.0
2016-04-18 00:00:00+09:00,888.7119823343613,912.4655744889203,881.3401778726017,891.1692504882812,5296200,0.0,0.0
2016-04-19 00:00:00+09:00,923.9328324512769,937.0382626988128,906.7319552513861,914.103759765625,2606200,0.0,0.0
2016-04-20 00:00:00+09:00,919.0182157349818,934.5809127928826,918.199126416145,928.0281982421875,2020900,0.0,0.0
2016-04-21 00:00:00+09:00,941.9528054190682,950.143699379234,930.4855538748361,937.0382690429688,1591800,0.0,0.0
2016-04-22 00:00:00+09:00,920.656435546875,931.3045971679687,913.2846313476562,921.4755249023438,1760200,0.0,0.0
2016-04-25 00:00:00+09:00,919.8372038292266,920.6562930579258,905.9126869413399,914.9226684570312,1590900,0.0,0.0
2016-04-26 00:00:00+09:00,919.0182888308625,928.8473614386793,905.0937693031221,911.646484375,1474300,0.0,0.0
2016-04-27 00:00:00+09:00,914.103763119205,914.103763119205,887.8929025279733,894.4456176757812,2358000,0.0,0.0
2016-04-28 00:00:00+09:00,909.189274739876,946.0482993914926,905.9129169930657,910.8274536132812,3211500,0.0,0.0
2016-05-02 00:00:00+09:00,884.6165085854315,927.2091552951005,884.6165085854315,923.1137084960938,2628400,0.0,0.0
2016-05-06 00:00:00+09:00,921.4755562780612,937.8573439452267,921.4755562780612,932.1237182617188,2446400,0.0,0.0
2016-05-09 00:00:00+09:00,941.1337021984501,941.1337021984501,911.646484375,911.646484375,1548700,0.0,0.0
2016-05-10 00:00:00+09:00,902.6365201271186,923.9328445584299,885.4356427018287,918.19921875,2515900,0.0,0.0
2016-05-11 00:00:00+09:00,915.7417933904273,926.3899537786881,905.912722262802,906.7318115234375,1391600,0.0,0.0
2016-05-12 00:00:00+09:00,899.360201499445,913.284721923389,893.6265754425268,910.8274536132812,1424000,0.0,0.0
2016-05-13 00:00:00+09:00,912.4654700286196,927.2090772642706,897.7218627929688,897.7218627929688,1525700,0.0,0.0
2016-05-16 00:00:00+09:00,891.9883105763716,899.360114796011,880.5210595680436,881.3401489257812,1206800,0.0,0.0
2016-05-17 00:00:00+09:00,887.0737386543831,911.6464183955017,882.1592027061594,910.0082397460938,1409800,0.0,0.0
2016-05-18 00:00:00+09:00,900.1792482588801,910.0083210333174,890.3501754844428,896.0838012695312,1463000,0.0,0.0
2016-05-19 00:00:00+09:00,900.9983680294577,902.6365468804203,881.3402218179058,885.4356689453125,1264800,0.0,0.0
2016-05-20 00:00:00+09:00,886.254728495094,900.1792482588801,881.3401921078754,896.0838012695312,1343800,0.0,0.0
2016-05-23 00:00:00+09:00,891.9883891182262,893.6265679779475,878.8829582404561,887.0738525390625,1188700,0.0,0.0
2016-05-24 00:00:00+09:00,885.4355116382087,888.711868758054,873.1491724387886,873.96826171875,1248500,0.0,0.0
2016-05-25 00:00:00+09:00,887.0738477962751,891.9883843491631,879.7020429669432,885.4356689453125,1186700,0.0,0.0
2016-05-26 00:00:00+09:00,891.1692877435065,893.6265560001522,881.3402147169237,882.9783935546875,1361600,0.0,0.0
2016-05-27 00:00:00+09:00,888.7117335985159,893.6262685308579,882.1590203553932,889.5308227539062,859300,0.0,0.0
2016-05-30 00:00:00+09:00,894.4457511519342,900.9984672775894,884.6166769634515,898.5411987304688,948700,0.0,0.0
2016-05-31 00:00:00+09:00,897.7219335937499,928.0282397460937,896.9028442382812,921.4755249023438,2426800,0.0,0.0
2016-06-01 00:00:00+09:00,920.65632895424,921.4754182148755,902.6363652202602,906.7318115234375,1234400,0.0,0.0
2016-06-02 00:00:00+09:00,905.0938199959963,914.1038037244632,884.6165842494805,887.0738525390625,1852200,0.0,0.0
2016-06-03 00:00:00+09:00,880.5210324856038,884.6164791483275,867.4156031648878,872.3301391601562,1965200,0.0,0.0
2016-06-06 00:00:00+09:00,878.0638641159806,885.4356689453125,866.596612159242,885.4356689453125,1349100,0.0,0.0
2016-06-07 00:00:00+09:00,885.4356240874888,914.1037525269542,884.616534703504,911.646484375,1579000,0.0,0.0
2016-06-08 00:00:00+09:00,900.9983376567499,904.274695248229,887.0738178929638,896.0838012695312,1780900,0.0,0.0
2016-06-09 00:00:00+09:00,896.0836685701162,919.8372575907134,896.0836685701162,912.4654541015625,1835500,0.0,0.0
2016-06-10 00:00:00+09:00,923.1135607440235,923.1135607440235,899.3599731117461,914.9226684570312,1519000,0.0,0.0
2016-06-13 00:00:00+09:00,897.7218611402894,900.1791290083742,877.24462890625,877.24462890625,1257200,0.0,0.0
2016-06-14 00:00:00+09:00,876.4255833446532,882.9782979864824,866.5965113819094,871.5110473632812,1167800,0.0,0.0
2016-06-15 00:00:00+09:00,864.9584899129746,864.9584899129746,841.2048950195312,841.2048950195312,2373100,0.0,0.0
2016-06-16 00:00:00+09:00,839.5666067507913,854.3102154547076,821.5466405571158,824.822998046875,1774400,0.0,0.0
2016-06-17 00:00:00+09:00,830.5565696791847,836.2901949136564,820.7274978486618,827.2802124023438,1910400,0.0,0.0
2016-06-20 00:00:00+09:00,835.4712686659415,844.4812529358683,828.0994633541832,841.2048950195312,1409200,0.0,0.0
2016-06-21 00:00:00+09:00,831.3757819098396,849.3957495965553,822.3657980664817,848.57666015625,1820400,0.0,0.0
2016-06-22 00:00:00+09:00,840.3856490380907,843.6620063442821,823.1847731805859,829.7374877929688,1371800,0.0,0.0
2016-06-23 00:00:00+09:00,829.737616891936,834.6521536158764,824.0039907140056,832.1948852539062,968200,0.0,0.0
2016-06-24 00:00:00+09:00,837.9284106445311,844.4811254882812,763.3912792968749,778.1348876953125,3455500,0.0,0.0
2016-06-27 00:00:00+09:00,802.7075120346085,804.3456906305975,774.039386604801,800.250244140625,2145200,0.0,0.0
2016-06-28 00:00:00+09:00,793.6975067507836,816.6320064298568,784.6875247340049,812.5365600585938,1851700,0.0,0.0
2016-06-29 00:00:00+09:00,828.099347973704,843.6620459079279,815.8130074993167,842.8429565429688,1663100,0.0,0.0
2016-06-30 00:00:00+09:00,842.8429394029591,845.3002074478658,830.5565991784263,837.1093139648438,1479300,0.0,0.0
2016-07-01 00:00:00+09:00,843.6619545365505,844.4810438127995,824.0038119065725,833.0137939453125,1239300,0.0,0.0
2016-07-04 00:00:00+09:00,825.6420004131978,841.2046968495576,822.365643268701,836.2901611328125,667800,0.0,0.0
2016-07-05 00:00:00+09:00,824.8229737403109,839.5665820097504,824.8229737403109,837.1093139648438,974900,0.0,0.0
2016-07-06 00:00:00+09:00,827.2803485299659,836.2903325238565,820.7276328980453,832.1948852539062,1272600,0.0,0.0
2016-07-07 00:00:00+09:00,828.9184856414795,843.6620950698853,828.9184856414795,838.74755859375,1565000,0.0,0.0
2016-07-08 00:00:00+09:00,833.8328863562233,839.5665113115215,814.1747436523438,814.1747436523438,1379800,0.0,0.0
2016-07-11 00:00:00+09:00,814.1747436523438,814.1747436523438,814.1747436523438,814.1747436523438,0,0.0,0.0
2016-07-12 00:00:00+09:00,756.8385447727815,767.4867061169872,749.4667407652544,751.1049194335938,4236000,0.0,0.0
2016-07-13 00:00:00+09:00,765.8484805883076,765.8484805883076,754.3812306115842,756.0194091796875,2503300,0.0,0.0
2016-07-14 00:00:00+09:00,760.1149807224026,760.9340701412845,752.7431759524655,756.838623046875,2001300,0.0,0.0
2016-07-15 00:00:00+09:00,759.2959218875067,773.2204425693703,756.0195640800093,767.48681640625,2701500,0.0,0.0
2016-07-19 00:00:00+09:00,775.6776293228756,785.5067017113387,770.7630931286442,781.4112548828125,2365400,0.0,0.0
2016-07-20 00:00:00+09:00,778.1348465379942,786.3257396594468,770.7630427286869,784.6875610351562,1642000,0.0,0.0
2016-07-21 00:00:00+09:00,786.3258436859632,799.4312744140625,782.230396583432,799.4312744140625,2329300,0.0,0.0
2016-07-22 00:00:00+09:00,793.6975854492186,809.2602832031249,791.2403173828125,798.6121215820312,2191100,0.0,0.0
2016-07-25 00:00:00+09:00,803.5267215165935,807.6221686191246,796.1549167320377,799.4312744140625,1557900,0.0,0.0
2016-07-26 00:00:00+09:00,794.5164768467008,801.888279209196,781.4110504244873,793.6973876953125,1534300,0.0,0.0
2016-07-27 00:00:00+09:00,799.4311448162898,805.164769830341,790.4211626513521,796.973876953125,1526700,0.0,0.0
2016-07-28 00:00:00+09:00,792.8785917036761,792.8785917036761,778.134981527368,789.6022338867188,1745100,0.0,0.0
2016-07-29 00:00:00+09:00,789.6020558359213,794.5165914531574,776.496627523292,791.240234375,2515300,0.0,0.0
2016-08-01 00:00:00+09:00,794.5166403048988,794.5166403048988,774.0394073073498,787.1448364257812,1433100,0.0,0.0
2016-08-02 00:00:00+09:00,786.325737166928,797.7929875006123,782.2302906191835,783.8684692382812,1335700,0.0,0.0
2016-08-03 00:00:00+09:00,772.4012475741112,778.9539622937218,760.1149074748411,773.2203369140625,2489700,0.0,0.0
2016-08-04 00:00:00+09:00,765.8485057704063,774.0393988802502,754.3812554166248,764.2103271484375,2890200,0.0,0.0
2016-08-05 00:00:00+09:00,760.9340013800174,763.3912694146138,749.4667505519009,754.3812866210938,2714300,0.0,0.0
2016-08-08 00:00:00+09:00,753.5622462643286,755.2004250605554,741.2759052926276,750.285888671875,1552800,0.0,0.0
2016-08-09 00:00:00+09:00,743.7331154260667,751.1049194335938,737.9994900868788,751.1049194335938,1443800,0.0,0.0
2016-08-10 00:00:00+09:00,743.7330578968296,747.0094149800755,728.9894510222229,732.2658081054688,1834400,0.0,0.0
2016-08-12 00:00:00+09:00,737.9995524088541,756.0195192823223,734.7231947954963,751.924072265625,1668200,0.0,0.0
2016-08-15 00:00:00+09:00,743.7330699189125,759.2957663158942,743.7330699189125,756.0194091796875,770900,0.0,0.0
2016-08-16 00:00:00+09:00,756.019477598675,759.2958350313887,737.99951171875,737.99951171875,1287500,0.0,0.0
2016-08-17 00:00:00+09:00,737.1803763157214,744.5521800788787,733.0849297806341,742.9140014648438,1264100,0.0,0.0
2016-08-18 00:00:00+09:00,743.7330869572928,743.7330869572928,721.61767578125,721.61767578125,1512300,0.0,0.0
2016-08-19 00:00:00+09:00,724.893984482466,725.7130737304688,716.7030920024381,725.7130737304688,1109800,0.0,0.0
2016-08-22 00:00:00+09:00,723.2558286187369,734.7230784496115,719.9794715242012,733.0848999023438,840000,0.0,0.0
2016-08-23 00:00:00+09:00,728.9895359815749,744.5522339407321,728.1704466153035,740.456787109375,1127900,0.0,0.0
2016-08-24 00:00:00+09:00,742.914026091897,756.0194554386118,738.8185794210485,751.1049194335938,934700,0.0,0.0
2016-08-25 00:00:00+09:00,752.7430216248027,753.5621108757547,738.8185043586203,746.1903076171875,798600,0.0,0.0
2016-08-26 00:00:00+09:00,750.2858595046322,753.5622169697178,740.456787109375,740.456787109375,1064400,0.0,0.0
2016-08-29 00:00:00+09:00,745.3713594090044,756.8386110922198,742.0950017852285,752.7431640625,936700,0.0,0.0
2016-08-30 00:00:00+09:00,751.1049852506121,755.2004322803319,744.5522700030604,752.7431640625,855700,0.0,0.0
2016-08-31 00:00:00+09:00,751.1048529477382,796.9738516010352,751.1048529477382,788.782958984375,2546500,0.0,0.0
2016-09-01 00:00:00+09:00,808.4410883326638,816.6319808183036,798.6120173498958,804.3456420898438,2233900,0.0,0.0
2016-09-02 00:00:00+09:00,801.8883994933097,814.9938278813516,801.8883994933097,812.5365600585938,1384400,0.0,0.0
2016-09-05 00:00:00+09:00,816.6320315302013,839.5665319141989,816.6320315302013,820.7274780273438,1299900,0.0,0.0
2016-09-06 00:00:00+09:00,818.2702347827052,830.5565746443074,806.8029842452098,828.9183959960938,1347000,0.0,0.0
2016-09-07 00:00:00+09:00,826.4612843960147,842.8430739776998,824.0040159587619,841.2048950195312,1653800,0.0,0.0
2016-09-08 00:00:00+09:00,834.6520237522558,835.4711130788037,824.8229518336816,829.7374877929688,1663000,0.0,0.0
2016-09-09 00:00:00+09:00,815.8129931738476,824.0038866796092,811.7175464209669,817.451171875,2095600,0.0,0.0
2016-09-12 00:00:00+09:00,816.632145878789,828.0993976764851,813.3557882223043,818.2703247070312,1788900,0.0,0.0
2016-09-13 00:00:00+09:00,824.8229042836118,832.1947077975667,812.5365650936872,814.1747436523438,1173500,0.0,0.0
2016-09-14 00:00:00+09:00,812.5366136880688,819.0893283145855,808.4411670464958,810.079345703125,1636800,0.0,0.0
2016-09-15 00:00:00+09:00,774.8585622824078,778.954009228932,761.7531320535298,768.3058471679688,2592400,0.0,0.0
2016-09-16 00:00:00+09:00,774.0394728931028,774.0394728931028,759.2958638856152,768.3058471679688,2378000,0.0,0.0
2016-09-20 00:00:00+09:00,768.3058250315283,785.5067017113387,765.8485569344126,781.4112548828125,2293000,0.0,0.0
2016-09-21 00:00:00+09:00,787.9638571185639,805.1647313384077,778.9538753843599,804.3456420898438,2191300,0.0,0.0
2016-09-23 00:00:00+09:00,805.9838692265865,805.9838692265865,793.697529756669,800.250244140625,1207600,0.0,0.0
2016-09-26 00:00:00+09:00,795.3357296248008,804.3457121437223,784.6875684660753,787.1448364257812,1171900,0.0,0.0
2016-09-27 00:00:00+09:00,779.7729646329238,805.1647313384077,769.124804401592,804.3456420898438,2035400,0.0,0.0
2016-09-28 00:00:00+09:00,799.4311986549613,802.7075560264981,787.1448585116985,794.5166625976562,1245900,0.0,0.0
2016-09-29 00:00:00+09:00,794.5166625976562,804.3457347122664,792.8784839118879,794.5166625976562,936600,0.0,0.0
2016-09-30 00:00:00+09:00,784.6876544589472,784.6876544589472,766.6676874463201,774.8585815429688,1866900,0.0,0.0
2016-10-03 00:00:00+09:00,772.4012202582815,773.2203095692659,761.7530592154843,764.2103271484375,1870400,0.0,0.0
2016-10-04 00:00:00+09:00,762.5723220611671,769.1250380402105,759.2959640716455,760.9341430664062,1199800,0.0,0.0
2016-10-05 00:00:00+09:00,763.3912127361525,765.8484805883076,754.3812306115842,756.0194091796875,1412500,0.0,0.0
2016-10-06 00:00:00+09:00,756.0194628508194,757.6576415352199,750.2858374554178,753.5621948242188,1285300,0.0,0.0
2016-10-07 00:00:00+09:00,750.285854567974,753.5622120115022,737.1804247938609,738.818603515625,1608500,0.0,0.0
2016-10-11 00:00:00+09:00,741.275827808611,749.466720933568,738.8185598711239,744.5521850585938,1425000,0.0,0.0
2016-10-12 00:00:00+09:00,742.0949682752072,753.5622194406077,740.4567895372928,741.27587890625,2192500,0.0,0.0
2016-10-13 00:00:00+09:00,745.3712743710895,751.1048995585594,737.9994705586281,744.5521850585938,1570200,0.0,0.0
2016-10-14 00:00:00+09:00,748.6476587710173,754.3812841664189,745.3713014022163,753.5621948242188,1205600,0.0,0.0
2016-10-17 00:00:00+09:00,742.0948084324142,751.9238787427772,741.2757192398839,748.6475219726562,1117700,0.0,0.0
2016-10-18 00:00:00+09:00,748.6475855426058,756.0193889013406,747.0094070184426,749.4666748046875,1059000,0.0,0.0
2016-10-19 00:00:00+09:00,755.2004250605554,757.6576932548955,747.8286204775347,750.285888671875,1450100,0.0,0.0
2016-10-20 00:00:00+09:00,756.0193961562625,774.8584493649233,753.5621283464371,771.5820922851562,2142100,0.0,0.0
2016-10-21 00:00:00+09:00,775.6776709526337,782.2303862299526,771.5822239043093,774.8585815429688,1394200,0.0,0.0
2016-10-24 00:00:00+09:00,778.1349198396272,782.2303667861515,767.4867577786639,768.3058471679688,963400,0.0,0.0
2016-10-25 00:00:00+09:00,769.1250139508929,777.3159086681547,760.934119233631,774.03955078125,1195000,0.0,0.0
2016-10-26 00:00:00+09:00,775.6776875578969,780.5922241210938,766.6677038587028,780.5922241210938,1281200,0.0,0.0
2016-10-27 00:00:00+09:00,782.2302906191835,793.6975409528678,781.4112013096346,783.8684692382812,1414000,0.0,0.0
2016-10-28 00:00:00+09:00,792.8785328286917,798.6121585826182,786.3258176813472,790.4212646484375,2238100,0.0,0.0
2016-10-31 00:00:00+09:00,790.4212972474874,797.7931020922825,777.3158664122958,780.5922241210938,1583600,0.0,0.0
2016-11-01 00:00:00+09:00,802.7075052121518,846.1192376368906,801.0693266300862,837.9283447265625,3814300,0.0,0.0
2016-11-02 00:00:00+09:00,834.6518755231585,864.9581752232143,831.3755187988281,860.0436401367188,3161100,0.0,0.0
2016-11-04 00:00:00+09:00,866.5965527621183,876.4256251942028,859.2247484380549,864.9583740234375,2562400,0.0,0.0
2016-11-07 00:00:00+09:00,871.511103570798,876.4256398691296,865.7774778894111,869.8729248046875,1813300,0.0,0.0
2016-11-08 00:00:00+09:00,872.33013669351,875.6064940144246,865.7774220516808,871.5110473632812,1365500,0.0,0.0
2016-11-09 00:00:00+09:00,875.6065635754371,885.4356363190342,828.0993786480514,853.4911499023438,3292200,0.0,0.0
2016-11-10 00:00:00+09:00,876.4255396168885,896.0836825615663,871.5110038807189,877.24462890625,2389600,0.0,0.0
2016-11-11 00:00:00+09:00,878.8828908332716,882.9783376684686,860.8629247584049,864.1392822265625,1826100,0.0,0.0
2016-11-14 00:00:00+09:00,876.4257037359258,883.7975087206205,869.872988193975,870.6920776367188,1510800,0.0,0.0
2016-11-15 00:00:00+09:00,878.0636850522758,886.2545776367188,863.3200784002787,886.2545776367188,2372900,0.0,0.0
2016-11-16 00:00:00+09:00,888.712012286519,891.1692805232559,876.4256711028344,880.5211181640625,1456000,0.0,0.0
2016-11-17 00:00:00+09:00,890.3499755859375,891.9881540138786,881.339994232262,890.3499755859375,1177000,0.0,0.0
2016-11-18 00:00:00+09:00,896.0838362675294,896.0838362675294,884.6165842494805,887.0738525390625,1388600,0.0,0.0
2016-11-21 00:00:00+09:00,889.5311160727191,897.7220103275323,885.4356689453125,885.4356689453125,1294600,0.0,0.0
2016-11-22 00:00:00+09:00,877.2446850311879,885.4355784488461,870.6919702970614,875.6065063476562,1215900,0.0,0.0
2016-11-24 00:00:00+09:00,884.616351088144,895.2645108697606,875.6063697344684,890.3499755859375,1394300,0.0,0.0
2016-11-25 00:00:00+09:00,895.2646270284146,909.1891454725894,893.6264483879235,908.3700561523438,1570600,0.0,0.0
2016-11-28 00:00:00+09:00,909.1891341635989,936.2190813954896,900.9982410630258,924.7518310546875,2953000,0.0,0.0
2016-11-29 00:00:00+09:00,923.9327516480031,928.8472875610244,916.5609477784711,928.0281982421875,1651300,0.0,0.0
2016-11-30 00:00:00+09:00,932.1236865234374,945.2291162109375,921.4755249023436,921.4755249023438,2129500,0.0,0.0
2016-12-01 00:00:00+09:00,928.8472875610244,933.7618234740457,919.8373050538187,928.0281982421875,1802900,0.0,0.0
2016-12-02 00:00:00+09:00,934.5809864117937,949.3245953122426,929.6664501116439,932.1237182617188,1896300,0.0,0.0
2016-12-05 00:00:00+09:00,931.3046515969669,931.3046515969669,915.7419529335172,919.018310546875,1619800,0.0,0.0
2016-12-06 00:00:00+09:00,928.8472940565664,973.0781175830696,927.2091154074367,970.620849609375,3307900,0.0,0.0
2016-12-07 00:00:00+09:00,970.6205240052968,1004.2031750468302,968.9823459057097,1000.9268188476562,3902600,0.0,0.0
2016-12-08 00:00:00+09:00,1014.8516301882776,1043.5197553348391,1014.0325408983758,1036.967041015625,4657500,0.0,0.0
2016-12-09 00:00:00+09:00,1036.9670309559478,1041.0624773657266,1011.5752632153204,1033.690673828125,3524200,0.0,0.0
2016-12-12 00:00:00+09:00,1052.529911968999,1068.911700482135,1043.5199282867738,1054.1680908203125,5173100,0.0,0.0
2016-12-13 00:00:00+09:00,1047.6152565523703,1055.8061498795976,1034.5098272288067,1054.987060546875,2252700,0.0,0.0
2016-12-14 00:00:00+09:00,1063.9972249224998,1081.1981038473439,1062.3590459772765,1075.4644775390625,2856100,0.0,0.0
2016-12-15 00:00:00+09:00,1082.0171886359708,1088.5699043884974,1063.1781308474565,1073.8262939453125,2393800,0.0,0.0
2016-12-16 00:00:00+09:00,1077.9216547947303,1086.9316382314644,1072.1880289713542,1086.112548828125,2760800,0.0,0.0
2016-12-19 00:00:00+09:00,1084.4742752109432,1095.9415258551678,1081.197917884022,1095.1224365234375,2115600,0.0,0.0
2016-12-20 00:00:00+09:00,1095.1223093325725,1103.3132016985603,1089.388684676381,1093.484130859375,1981300,0.0,0.0
2016-12-21 00:00:00+09:00,1092.6654006912186,1100.0372062431084,1086.1126846450943,1091.0272216796875,2277800,0.0,0.0
2016-12-22 00:00:00+09:00,1092.6653752409986,1095.122643701061,1075.4644960205633,1082.0172119140625,2253600,0.0,0.0
2016-12-26 00:00:00+09:00,1077.102507372972,1077.102507372972,1064.816166984687,1066.454345703125,1606600,0.0,0.0
2016-12-27 00:00:00+09:00,1064.8161596660893,1076.2834106163396,1059.9016235445536,1063.9970703125,1666700,0.0,0.0
2016-12-28 00:00:00+09:00,1060.720596254834,1072.1878459440754,1054.9869714102133,1065.6351318359375,1258100,0.0,0.0
2016-12-29 00:00:00+09:00,1062.3589634186412,1063.1780528275992,1041.881728194689,1046.7962646484375,1632400,0.0,0.0
2016-12-30 00:00:00+09:00,1040.2435254599393,1044.338972410569,1034.509899729058,1038.6053466796875,1535500,0.0,0.0
2017-01-04 00:00:00+09:00,1044.3387909997643,1063.1778437001524,1041.8815232562356,1059.0823974609375,2562200,0.0,0.0
2017-01-05 00:00:00+09:00,1066.4541903925644,1067.2732796324974,1046.7960486341763,1055.8060302734375,2171100,0.0,0.0
2017-01-06 00:00:00+09:00,1045.977077886925,1057.4443285450432,1044.3388992214796,1054.987060546875,1251100,0.0,0.0
2017-01-10 00:00:00+09:00,1056.6252490536717,1074.6452145414087,1054.1679810326166,1058.263427734375,2704200,0.0,0.0
2017-01-11 00:00:00+09:00,1064.8159074194637,1076.283155653212,1060.7204616216966,1061.53955078125,2065200,0.0,0.0
2017-01-12 00:00:00+09:00,1064.8160501491805,1069.7305857652536,1055.8060681863797,1068.0924072265625,2293000,0.0,0.0
2017-01-13 00:00:00+09:00,1068.911780127064,1087.7508383208742,1064.816332693627,1082.0172119140625,2640800,0.0,0.0
2017-01-16 00:00:00+09:00,1073.8262610042104,1079.5598871117845,1057.4444721254276,1062.3590087890625,1841300,0.0,0.0
2017-01-17 00:00:00+09:00,1065.6353210544735,1068.0925892813477,1040.2435493767728,1046.7962646484375,2231300,0.0,0.0
2017-01-18 00:00:00+09:00,1048.4345204042716,1078.7408307597075,1039.4245362445474,1073.8262939453125,2677100,0.0,0.0
2017-01-19 00:00:00+09:00,1086.1123966582834,1090.207843101188,1073.006968040989,1076.2833251953125,1785100,0.0,0.0
2017-01-20 00:00:00+09:00,1077.102555867944,1086.9316286211115,1069.7307513030682,1082.836181640625,1520500,0.0,0.0
2017-01-23 00:00:00+09:00,1068.9116088867186,1069.7306982421874,1061.5398046875,1064.816162109375,1081900,0.0,0.0
2017-01-24 00:00:00+09:00,1050.8917331176851,1057.4444485229396,1045.9771965637444,1054.1680908203125,1688500,0.0,0.0
2017-01-25 00:00:00+09:00,1063.1780816603077,1071.3689759720205,1050.8917401927388,1056.6253662109375,1350800,0.0,0.0
2017-01-26 00:00:00+09:00,1064.8161424571886,1068.0924998185953,1053.348891692265,1058.263427734375,1511800,0.0,0.0
2017-01-27 00:00:00+09:00,1063.996909738701,1065.635088198653,1045.976946679231,1051.7105712890625,1191200,0.0,0.0
2017-01-30 00:00:00+09:00,1043.520014924823,1044.3391044184846,1027.138225051592,1041.8818359375,1407100,0.0,0.0
2017-01-31 00:00:00+09:00,1058.2634673247467,1072.1879866316513,1024.6808031139767,1030.4144287109375,2202800,0.0,0.0
2017-02-01 00:00:00+09:00,1028.7761666364343,1033.690702464315,1019.7661842853189,1023.0425415039062,2263800,0.0,0.0
2017-02-02 00:00:00+09:00,1023.0426099508296,1023.0426099508296,992.7363036512454,1005.0226440429688,2566800,0.0,0.0
2017-02-03 00:00:00+09:00,1004.2034482995373,1005.8416268448873,988.6407521187125,990.2789306640625,1810700,0.0,0.0
2017-02-06 00:00:00+09:00,991.9172734777496,991.9172734777496,971.4400382697037,983.7263793945312,2048500,0.0,0.0
2017-02-07 00:00:00+09:00,974.7161246328834,994.3742649616138,970.6206787310646,993.55517578125,1606900,0.0,0.0
2017-02-08 00:00:00+09:00,993.5553302111479,1008.2989377493182,993.5553302111479,1004.2034912109375,1500400,0.0,0.0
2017-02-09 00:00:00+09:00,1006.6607212410005,1007.4798105178443,987.8216678735937,991.9171142578125,1514200,0.0,0.0
2017-02-10 00:00:00+09:00,1000.1080039842009,1010.7561645507812,996.8316468867916,1010.7561645507812,1528600,0.0,0.0
2017-02-13 00:00:00+09:00,1019.766146568657,1022.223414391714,1006.6607181790196,1010.7561645507812,941300,0.0,0.0
2017-02-14 00:00:00+09:00,1018.9470419619681,1022.2233990100774,1004.2034352454766,1005.8416137695312,1336000,0.0,0.0
2017-02-15 00:00:00+09:00,1016.4897869323582,1018.1279654769712,1007.4798049369867,1009.9370727539062,1389900,0.0,0.0
2017-02-16 00:00:00+09:00,1022.2234910534273,1027.1380270681072,1012.3944190240675,1015.6707763671875,1896300,0.0,0.0
2017-02-17 00:00:00+09:00,1014.032470703125,1020.5851845687349,1003.384310671509,1014.032470703125,2190500,0.0,0.0
2017-02-20 00:00:00+09:00,1009.1179480088496,1019.7661081745274,1000.9270555737128,1018.1279296875,1214200,0.0,0.0
2017-02-21 00:00:00+09:00,1015.6708366786067,1036.1480712890625,1015.6708366786067,1036.1480712890625,1778900,0.0,0.0
2017-02-22 00:00:00+09:00,1036.1481676603619,1046.7963306481759,1024.6809152119467,1027.13818359375,1807500,0.0,0.0
2017-02-23 00:00:00+09:00,1032.0526074529264,1032.0526074529264,1014.0326412910498,1030.4144287109375,1399200,0.0,0.0
2017-02-24 00:00:00+09:00,1029.59534176197,1039.4244142370246,1023.8617161515215,1031.2335205078125,1642400,0.0,0.0
2017-02-27 00:00:00+09:00,1025.4999835278613,1026.3190729715739,1013.2136418721761,1019.766357421875,1189300,0.0,0.0
2017-02-28 00:00:00+09:00,1025.4999341796874,1035.32900703125,1020.5853977539064,1023.8617553710938,1737900,0.0,0.0
2017-03-01 00:00:00+09:00,1035.3288346613547,1036.9670131972111,1016.4897814990039,1027.95703125,1566700,0.0,0.0
2017-03-02 00:00:00+09:00,1035.3289698040676,1036.1480591789125,1028.7762548053076,1032.0526123046875,1057800,0.0,0.0
2017-03-03 00:00:00+09:00,1036.96705846794,1050.8915766306216,1036.1479691642528,1042.70068359375,1357700,0.0,0.0
2017-03-06 00:00:00+09:00,1036.1480616086253,1040.2435084924539,1028.776257217734,1032.8717041015625,865900,0.0,0.0
2017-03-07 00:00:00+09:00,1024.6807201131999,1032.0525238550215,1018.1280056760252,1023.0425415039062,1392400,0.0,0.0
2017-03-08 00:00:00+09:00,1018.9473080928271,1023.8618449485804,1007.480055429403,1012.3945922851562,1353600,0.0,0.0
2017-03-09 00:00:00+09:00,1012.394381776148,1012.394381776148,997.6507742745536,1003.3843994140625,1325000,0.0,0.0
2017-03-10 00:00:00+09:00,1012.3944116467511,1015.6707689659963,1004.2035183486383,1013.2135009765625,1561300,0.0,0.0
2017-03-13 00:00:00+09:00,1013.2134698481442,1025.4998094178468,1010.7562019342037,1023.0425415039062,1021200,0.0,0.0
2017-03-14 00:00:00+09:00,1025.4998044134047,1029.595250916653,1018.9470900082072,1021.4043579101562,764800,0.0,0.0
2017-03-15 00:00:00+09:00,944.4100808473702,954.239153674923,934.5810080198173,939.4955444335938,9141600,0.0,0.0
2017-03-16 00:00:00+09:00,937.8573846197747,948.5055470652394,931.3046692687195,946.0482788085938,3404800,0.0,0.0
2017-03-17 00:00:00+09:00,950.1437401586726,953.4200978833576,938.6764881222748,950.9628295898438,3147300,0.0,0.0
2017-03-21 00:00:00+09:00,950.1437173096326,964.8873267161614,946.8673596637373,964.0682373046875,2930400,0.0,0.0
2017-03-22 00:00:00+09:00,951.7818042453621,958.3345189045384,946.8672682509798,953.4199829101562,4141400,0.0,0.0
2017-03-23 00:00:00+09:00,955.8772680997645,964.8872509181856,951.7818213641185,959.1536254882812,3640000,0.0,0.0
2017-03-24 00:00:00+09:00,961.6108670391613,981.2690108287183,955.8772417672072,970.620849609375,4591100,0.0,0.0
2017-03-27 00:00:00+09:00,970.6211050338103,979.6310899750524,965.7065677931329,974.716552734375,2679100,0.0,0.0
2017-03-28 00:00:00+09:00,982.0881469321013,996.8317554765365,977.9927001142026,986.18359375,2924400,0.0,0.0
2017-03-29 00:00:00+09:00,1007.7486352359548,1029.3136266072593,1005.2603670008043,1015.2134399414062,5879700,15.0,0.0
2017-03-30 00:00:00+09:00,1010.2369510695065,1013.5546422060238,988.6719586821443,996.9661865234375,2369300,0.0,0.0
2017-03-31 00:00:00+09:00,1006.0897876038318,1009.4074785769689,983.6953735351562,983.6953735351562,3068900,0.0,0.0
2017-04-03 00:00:00+09:00,993.6485468014513,996.1368152825902,986.1837413580347,991.1602783203125,2263700,0.0,0.0
2017-04-04 00:00:00+09:00,999.4543005857753,1006.0896818344776,987.8423834005464,998.6248779296875,3567300,0.0,0.0
2017-04-05 00:00:00+09:00,998.6248779296875,1003.6014138662142,991.1600740248974,998.6248779296875,3888900,0.0,0.0
2017-04-06 00:00:00+09:00,1002.7718914810296,1006.0895817754251,984.5245948618546,987.84228515625,2890900,0.0,0.0
2017-04-07 00:00:00+09:00,995.3073924555439,1005.2604663800993,987.8425870121273,991.1602783203125,3725600,0.0,0.0
2017-04-10 00:00:00+09:00,997.795473889374,999.4543192324984,988.6718245021893,994.477783203125,2091500,0.0,0.0
2017-04-11 00:00:00+09:00,991.9895470283782,995.3072378211152,987.0130108392726,992.8189697265625,1205400,0.0,0.0
2017-04-12 00:00:00+09:00,986.1835881410884,992.8189697265625,980.3776292537985,992.8189697265625,1518900,0.0,0.0
2017-04-13 00:00:00+09:00,992.8188877390392,1015.2132987406716,992.8188877390392,1000.28369140625,3324500,0.0,0.0
2017-04-14 00:00:00+09:00,995.3070677149935,997.7953353842811,966.2772782399729,972.9126586914062,2720800,0.0,0.0
2017-04-17 00:00:00+09:00,978.7188024328859,991.1601431417786,967.1068844379195,988.671875,1939200,0.0,0.0
2017-04-18 00:00:00+09:00,993.6484464545675,993.6484464545675,978.7188370754506,983.6953735351562,2016800,0.0,0.0
2017-04-19 00:00:00+09:00,973.7424181000525,989.5014521238182,972.9129952566964,987.01318359375,1863200,0.0,0.0
2017-04-20 00:00:00+09:00,982.0366084875216,982.0366084875216,963.789306640625,963.789306640625,2666200,0.0,0.0
2017-04-21 00:00:00+09:00,967.9363887783641,982.8659988880561,964.6186976428769,981.2071533203125,1744700,0.0,0.0
2017-04-24 00:00:00+09:00,983.6952833227209,990.3306646604796,975.4010566505226,982.0364379882812,2208400,0.0,0.0
2017-04-25 00:00:00+09:00,983.6954219773684,1001.1133004440841,979.5483080567218,996.9661865234375,2027100,0.0,0.0
2017-04-26 00:00:00+09:00,1003.601286733898,1006.9189769379769,996.1364837747202,1005.2601318359375,1879200,0.0,0.0
2017-04-27 00:00:00+09:00,1001.1133651096553,1003.6016336227697,987.842599706379,993.6485595703125,1926600,0.0,0.0
2017-04-28 00:00:00+09:00,994.4779181710495,1002.7721460123427,989.5013814662736,996.9661865234375,1674300,0.0,0.0
2017-05-01 00:00:00+09:00,1007.7484620129048,1027.6546044724191,1003.601349000506,1024.3369140625,3638800,0.0,0.0
2017-05-02 00:00:00+09:00,1026.8252800183418,1040.0960429264949,1025.1664346548228,1035.1195068359375,2966900,0.0,0.0
2017-05-08 00:00:00+09:00,1047.5608624315637,1055.8550893708477,1042.5843262679932,1053.3668212890625,4931900,0.0,0.0
2017-05-09 00:00:00+09:00,1053.366654007523,1059.1726119429977,1049.21954119647,1052.5372314453125,2557300,0.0,0.0
2017-05-10 00:00:00+09:00,1061.66101859024,1074.1023586518445,1061.66101859024,1070.78466796875,3393200,0.0,0.0
2017-05-11 00:00:00+09:00,1069.9552452979763,1074.931781322618,1063.3198639317873,1070.78466796875,1937000,0.0,0.0
2017-05-12 00:00:00+09:00,1064.9788563301129,1084.0555803921009,1064.9788563301129,1075.7613525390625,3168400,0.0,0.0
2017-05-15 00:00:00+09:00,1084.055433153924,1090.6908145351265,1079.0788971180225,1086.543701171875,3088600,0.0,0.0
2017-05-16 00:00:00+09:00,1094.0085840799723,1103.1322341367422,1090.6908931502378,1101.473388671875,2988600,0.0,0.0
2017-05-17 00:00:00+09:00,1111.4263837942062,1113.0852291431527,1098.1556210026336,1102.302734375,2492900,0.0,0.0
2017-05-18 00:00:00+09:00,1094.837917138009,1104.790989111991,1093.179071809012,1099.814453125,2508400,0.0,0.0
2017-05-19 00:00:00+09:00,1093.179160051805,1097.3262737090574,1079.0789736171457,1085.71435546875,2295700,0.0,0.0
2017-05-22 00:00:00+09:00,1087.3731502080761,1099.8144905994727,1079.908345973238,1091.520263671875,1889100,0.0,0.0
2017-05-23 00:00:00+09:00,1091.5201867406986,1098.9849904494115,1088.2024962034927,1092.349609375,1534000,0.0,0.0
2017-05-24 00:00:00+09:00,1100.6438337961831,1114.7440185546875,1097.3261432647705,1114.7440185546875,2503000,0.0,0.0
2017-05-25 00:00:00+09:00,1113.0850696033126,1133.820633493091,1111.4262244921304,1132.9912109375,2766600,0.0,0.0
2017-05-26 00:00:00+09:00,1135.4795507776937,1140.4560864275593,1126.355902086273,1138.7972412109375,2812400,0.0,0.0
2017-05-29 00:00:00+09:00,1137.9681455621837,1150.4094882614786,1132.1621856358458,1147.091796875,2190200,0.0,0.0
2017-05-30 00:00:00+09:00,1147.0916109091959,1153.7269926064291,1141.2856519241168,1150.4093017578125,2138800,0.0,0.0
2017-05-31 00:00:00+09:00,1146.2619991914178,1146.2619991914178,1131.332392834366,1137.9677734375,2516400,0.0,0.0
2017-06-01 00:00:00+09:00,1142.1148062619295,1171.9740168831565,1141.2853837446733,1167.826904296875,3188400,0.0,0.0
2017-06-02 00:00:00+09:00,1169.4857315095874,1174.4622665372876,1165.3386189865037,1171.9739990234375,2094500,0.0,0.0
2017-06-05 00:00:00+09:00,1167.8269586267606,1181.9271420760895,1166.9975360709177,1177.780029296875,1764200,0.0,0.0
2017-06-06 00:00:00+09:00,1179.4389108211437,1179.4389108211437,1166.168149517952,1169.48583984375,2502400,0.0,0.0
2017-06-07 00:00:00+09:00,1166.168212890625,1168.6564807701925,1157.0445639988775,1166.168212890625,1962400,0.0,0.0
2017-06-08 00:00:00+09:00,1169.4860126389322,1173.6331261589285,1160.3623628949406,1163.6800537109375,2437700,0.0,0.0
2017-06-09 00:00:00+09:00,1161.1917780733656,1167.8271596623563,1143.7739014022652,1154.556396484375,2389500,0.0,0.0
2017-06-12 00:00:00+09:00,1154.5564284509892,1157.8741193373426,1146.2622012351055,1152.8975830078125,1471500,0.0,0.0
2017-06-13 00:00:00+09:00,1149.5797253602525,1179.4389390059732,1149.5797253602525,1152.0679931640625,3174900,0.0,0.0
2017-06-14 00:00:00+09:00,1166.9978016790121,1171.1449154021072,1148.7505012973927,1151.23876953125,2289100,0.0,0.0
2017-06-15 00:00:00+09:00,1147.9210655460288,1152.0681792221344,1130.5031881063853,1148.75048828125,2418700,0.0,0.0
2017-06-16 00:00:00+09:00,1148.7503580373793,1156.2151618080195,1137.1384410608282,1139.626708984375,2856100,0.0,0.0
2017-06-19 00:00:00+09:00,1142.1149717736694,1154.556311335474,1140.456126498762,1146.2620849609375,1653800,0.0,0.0
2017-06-20 00:00:00+09:00,1149.5797806785617,1156.2151618080195,1139.626708984375,1139.626708984375,1787500,0.0,0.0
2017-06-21 00:00:00+09:00,1144.6034514146045,1148.7505653690052,1140.4563374602037,1147.921142578125,2066600,0.0,0.0
2017-06-22 00:00:00+09:00,1147.091796875,1154.556602494577,1142.9446826419016,1147.091796875,1881300,0.0,0.0
2017-06-23 00:00:00+09:00,1146.2621034886756,1146.2621034886756,1130.5030731223335,1142.114990234375,1833500,0.0,0.0
2017-06-26 00:00:00+09:00,1142.1150484851612,1152.8975434962776,1141.2856257919984,1145.4327392578125,1192100,0.0,0.0
2017-06-27 00:00:00+09:00,1151.2386715198863,1151.2386715198863,1137.9679087357954,1140.4561767578125,1227900,0.0,0.0
2017-06-28 00:00:00+09:00,1139.6269146693235,1154.5565249051663,1138.7974918784435,1147.921142578125,1508300,0.0,0.0
2017-06-29 00:00:00+09:00,1157.0444788017383,1162.8504367598832,1152.8973659744918,1157.8739013671875,2228400,0.0,0.0
2017-06-30 00:00:00+09:00,1149.5799422725554,1153.7270560614174,1127.1855278127005,1131.3326416015625,3241400,0.0,0.0
2017-07-03 00:00:00+09:00,1132.9914100060096,1139.6267916165866,1127.1854510967548,1132.1619873046875,1188500,0.0,0.0
2017-07-04 00:00:00+09:00,1132.9913623228392,1134.6502076556692,1111.4263729960503,1115.573486328125,1696400,0.0,0.0
2017-07-05 00:00:00+09:00,1113.9145959218342,1116.4028638203938,1101.4732564290364,1114.7440185546875,1767500,0.0,0.0
2017-07-06 00:00:00+09:00,1118.0619795283565,1123.8679393627026,1113.9148653609664,1119.7208251953125,1752200,0.0,0.0
2017-07-07 00:00:00+09:00,1110.5970255380305,1113.9147164283609,1095.6674165315449,1098.985107421875,1941700,0.0,0.0
2017-07-10 00:00:00+09:00,1091.5203666138343,1103.9617081785816,1088.2026755299016,1095.66748046875,1902700,0.0,0.0
2017-07-11 00:00:00+09:00,1094.8381026321388,1100.6440622673092,1089.8615658019928,1096.4969482421875,1413400,0.0,0.0
2017-07-12 00:00:00+09:00,1096.4965448021433,1097.3259673019936,1081.5669398048371,1082.3963623046875,2297500,0.0,0.0
2017-07-13 00:00:00+09:00,1094.8379790627398,1094.8379790627398,1077.4201021231054,1080.73779296875,1911900,0.0,0.0
2017-07-14 00:00:00+09:00,1081.5669398048371,1088.2023198036397,1079.078672305286,1082.3963623046875,1235200,0.0,0.0
2017-07-17 00:00:00+09:00,1082.3963623046875,1082.3963623046875,1082.3963623046875,1082.3963623046875,0,0.0,0.0
2017-07-18 00:00:00+09:00,1083.225978758277,1098.9850090771188,1083.225978758277,1088.2025146484375,1358800,0.0,0.0
2017-07-19 00:00:00+09:00,1082.3965063087862,1096.4966906821574,1082.3965063087862,1094.0084228515625,1330400,0.0,0.0
2017-07-20 00:00:00+09:00,1094.0085282883178,1118.0617863022385,1094.0085282883178,1113.9146728515625,2197800,0.0,0.0
2017-07-21 00:00:00+09:00,1108.1085974075374,1109.7674426132373,1101.4732165847379,1107.2791748046875,1101100,0.0,0.0
2017-07-24 00:00:00+09:00,1099.8144663515802,1103.1321570494733,1094.8379303047404,1102.302734375,890200,0.0,0.0
2017-07-25 00:00:00+09:00,1100.6438491358902,1108.938075580019,1092.3496226917614,1094.837890625,942900,0.0,0.0
2017-07-26 00:00:00+09:00,1094.838044741085,1098.1557357857548,1086.54381712941,1093.17919921875,1211400,0.0,0.0
2017-07-27 00:00:00+09:00,1089.8614517520982,1111.4264424260361,1088.2026063156413,1105.6204833984375,2014300,0.0,0.0
2017-07-28 00:00:00+09:00,1101.4734146598576,1111.4264876838924,1101.4734146598576,1106.449951171875,1324400,0.0,0.0
2017-07-31 00:00:00+09:00,1098.9851059263735,1101.473374090735,1080.7378060543883,1083.22607421875,2138400,0.0,0.0
2017-08-01 00:00:00+09:00,1096.4967963587235,1118.8912089923738,1089.0319921475068,1113.9146728515625,2344600,0.0,0.0
2017-08-02 00:00:00+09:00,1118.0617090861,1124.6970901489258,1114.7440185546875,1114.7440185546875,1499800,0.0,0.0
2017-08-03 00:00:00+09:00,1113.91469345149,1128.0148794445468,1113.085270746016,1125.526611328125,1736200,0.0,0.0
2017-08-04 00:00:00+09:00,1118.8912222013432,1123.0383357009775,1113.085263301855,1116.4029541015625,1214300,0.0,0.0
2017-08-07 00:00:00+09:00,1123.0382080078125,1129.6735888527626,1119.7205175853373,1123.0382080078125,948500,0.0,0.0
2017-08-08 00:00:00+09:00,1128.8442623693086,1128.8442623693086,1113.0852315206555,1118.061767578125,1029400,0.0,0.0
2017-08-09 00:00:00+09:00,1113.0850694241856,1120.5498724233046,1102.302576203236,1110.5968017578125,1663700,0.0,0.0
2017-08-10 00:00:00+09:00,1109.767602815448,1112.2558709831958,1098.1556846992924,1098.985107421875,1319200,0.0,0.0
2017-08-11 00:00:00+09:00,1098.985107421875,1098.985107421875,1098.985107421875,1098.985107421875,0,0.0,0.0
2017-08-14 00:00:00+09:00,1091.520226480015,1109.7675250989819,1090.6908038155166,1099.814453125,1681600,0.0,0.0
2017-08-15 00:00:00+09:00,1104.7911056678693,1113.9147559399012,1101.4734146598576,1106.449951171875,1237600,0.0,0.0
2017-08-16 00:00:00+09:00,1103.132168028251,1103.9615907109792,1084.884869008235,1089.031982421875,2607300,0.0,0.0
2017-08-17 00:00:00+09:00,1089.861405104603,1092.349673152787,1080.7377555945948,1089.031982421875,1499200,0.0,0.0
2017-08-18 00:00:00+09:00,1079.9083891458613,1084.0555027754538,1073.2730073385135,1076.5906982421875,1871100,0.0,0.0
2017-08-21 00:00:00+09:00,1084.055343021311,1089.861301247133,1079.0788073991782,1084.884765625,1396400,0.0,0.0
2017-08-22 00:00:00+09:00,1085.7142467033573,1097.3261637803985,1085.7142467033573,1088.2025146484375,1448200,0.0,0.0
2017-08-23 00:00:00+09:00,1094.8377959006928,1097.326063618649,1074.1022315843918,1077.419921875,1979500,0.0,0.0
2017-08-24 00:00:00+09:00,1074.1025003341272,1079.079037015212,1066.6376953125,1066.6376953125,1804300,0.0,0.0
2017-08-25 00:00:00+09:00,1065.807996951275,1072.4433774770418,1062.4903066883917,1068.2962646484375,1249600,0.0,0.0
2017-08-28 00:00:00+09:00,1074.102430064432,1079.9083891458613,1067.4670482570841,1076.5906982421875,1804600,0.0,0.0
2017-08-29 00:00:00+09:00,1072.443359375,1080.7375848922081,1069.9550917198376,1072.443359375,1109200,0.0,0.0
2017-08-30 00:00:00+09:00,1076.5906399427647,1077.4200626237684,1062.4904543657024,1073.27294921875,1499500,0.0,0.0
2017-08-31 00:00:00+09:00,1065.8080553934672,1076.590549339082,1064.1492101710649,1071.614013671875,1793600,0.0,0.0
2017-09-01 00:00:00+09:00,1076.5907041091327,1077.4201268395714,1062.4905176916789,1069.955322265625,1662500,0.0,0.0
2017-09-04 00:00:00+09:00,1064.1494655310173,1070.7848480128944,1054.196391808202,1058.343505859375,1446900,0.0,0.0
2017-09-05 00:00:00+09:00,1060.002039087282,1060.002039087282,1038.437052376586,1045.90185546875,2265700,0.0,0.0
2017-09-06 00:00:00+09:00,1040.9254678366406,1055.8550761402735,1035.9489317354294,1050.8785400390625,2055800,0.0,0.0
2017-09-07 00:00:00+09:00,1053.3667657161964,1069.1257960694309,1052.5373430660263,1065.80810546875,2179200,0.0,0.0
2017-09-08 00:00:00+09:00,1071.614283772723,1071.614283772723,1060.0023642891176,1060.831787109375,1216700,0.0,0.0
2017-09-11 00:00:00+09:00,1069.9552267569084,1084.884834572121,1068.2963814441068,1074.9317626953125,2020700,0.0,0.0
2017-09-12 00:00:00+09:00,1086.5436612011192,1089.031929127534,1079.078857421875,1079.078857421875,1560400,0.0,0.0
2017-09-13 00:00:00+09:00,1036.7785389400372,1041.7550759269493,1023.5077736416047,1031.802001953125,6649500,0.0,0.0
2017-09-14 00:00:00+09:00,1036.7783709869016,1036.7783709869016,1026.8252986254274,1030.972412109375,2572200,0.0,0.0
2017-09-15 00:00:00+09:00,1030.9724396399145,1030.9724396399145,1015.2134079800927,1016.8722534179688,3281900,0.0,0.0
2017-09-18 00:00:00+09:00,1016.8722534179686,1016.8722534179686,1016.8722534179686,1016.8722534179688,0,0.0,0.0
2017-09-19 00:00:00+09:00,1020.1897560255647,1027.6545591184347,1016.8720657620669,1023.5074462890625,2152100,0.0,0.0
2017-09-20 00:00:00+09:00,1024.3371837778884,1032.631411986616,1023.5077609570155,1029.313720703125,1662100,0.0,0.0
2017-09-21 00:00:00+09:00,1030.1429310352983,1036.7783122335932,1026.8252404361506,1027.6546630859375,2007200,0.0,0.0
2017-09-22 00:00:00+09:00,1030.972412109375,1032.631257502954,1025.1664532318482,1030.972412109375,1529700,0.0,0.0
2017-09-25 00:00:00+09:00,1027.6546630859375,1029.3135083855113,1018.531013938282,1027.6546630859375,1588300,0.0,0.0
2017-09-26 00:00:00+09:00,1024.3369005872057,1032.6311265028917,1021.0192102209314,1021.8486328125,1752300,0.0,0.0
2017-09-27 00:00:00+09:00,1029.374531532773,1031.8831615852494,1023.5210614103283,1025.1934814453125,1092500,10.0,0.0
2017-09-28 00:00:00+09:00,1020.1761449283584,1021.848564838077,991.7450064631419,1007.6329956054688,4958900,0.0,0.0
2017-09-29 00:00:00+09:00,1001.7798097746143,1008.4694913090024,995.0901282402262,999.2711791992188,3490100,0.0,0.0
2017-10-02 00:00:00+09:00,1001.7797363897248,1005.9607870424366,990.9090046926744,994.2538452148438,1707900,0.0,0.0
2017-10-03 00:00:00+09:00,997.598689498714,1030.210884712838,992.581428696541,1021.0125732421875,3382300,0.0,0.0
2017-10-04 00:00:00+09:00,1021.0124795882429,1036.064260614114,1020.17626953125,1020.17626953125,2219300,0.0,0.0
2017-10-05 00:00:00+09:00,1027.7021003012715,1046.098720485672,1024.3572602677443,1032.7193603515625,2321200,0.0,0.0
2017-10-06 00:00:00+09:00,1035.2280925135458,1044.4264035132624,1026.8659916047127,1036.9005126953125,2460700,0.0,0.0
2017-10-09 00:00:00+09:00,1036.9005126953125,1036.9005126953125,1036.9005126953125,1036.9005126953125,0,0.0,0.0
2017-10-10 00:00:00+09:00,1040.245451588584,1041.0816617586713,1023.5212481868384,1026.8660888671875,1895600,0.0,0.0
2017-10-11 00:00:00+09:00,1025.193761839529,1035.2282847939127,1023.5213413471319,1027.702392578125,1036400,0.0,0.0
2017-10-12 00:00:00+09:00,1027.7023100902597,1053.6248256417634,1026.866099911179,1044.426513671875,2256800,0.0,0.0
2017-10-13 00:00:00+09:00,1043.5901697883546,1058.641951083379,1041.917749644463,1051.9522705078125,1318200,0.0,0.0
2017-10-16 00:00:00+09:00,1055.2970143716166,1068.6763743002582,1053.6245943805363,1061.9866943359375,1897300,0.0,0.0
2017-10-17 00:00:00+09:00,1064.4956209062134,1072.8577231914155,1058.642149306572,1071.185302734375,1622600,0.0,0.0
2017-10-18 00:00:00+09:00,1073.6934995857923,1088.7452776173689,1067.8400303512904,1080.3831787109375,2556200,0.0,0.0
2017-10-19 00:00:00+09:00,1078.7110924795504,1083.728353374804,1063.6593097937891,1067.004150390625,1621500,0.0,0.0
2017-10-20 00:00:00+09:00,1059.4780815017054,1069.5126016106403,1056.133241465394,1068.6763916015625,1673300,0.0,0.0
2017-10-23 00:00:00+09:00,1080.3834179687499,1081.2196280445771,1064.495426528033,1066.1678466796875,1400100,0.0,0.0
2017-10-24 00:00:00+09:00,1067.0042103384005,1084.56462445839,1065.3317899460205,1079.54736328125,1847300,0.0,0.0
2017-10-25 00:00:00+09:00,1082.8920363191503,1082.8920363191503,1068.676465186003,1073.6937255859375,1676900,0.0,0.0
2017-10-26 00:00:00+09:00,1070.3489502332814,1077.0386311722395,1064.4954794116932,1075.3662109375,1290800,0.0,0.0
2017-10-27 00:00:00+09:00,1077.8746685861172,1095.4350782372485,1070.348778735632,1091.2540283203125,2541500,0.0,0.0
2017-10-30 00:00:00+09:00,1089.5820163564792,1089.5820163564792,1077.8750722052969,1082.892333984375,1842000,0.0,0.0
2017-10-31 00:00:00+09:00,1083.7284429505814,1086.2370736055595,1071.1852896756905,1078.711181640625,1686400,0.0,0.0
2017-11-01 00:00:00+09:00,1087.0731608072917,1107.1422037760417,1086.2369506835937,1103.79736328125,3076000,0.0,0.0
2017-11-02 00:00:00+09:00,1108.8144928256793,1109.6507028504345,1094.5989224048371,1100.452392578125,1495000,0.0,0.0
2017-11-03 00:00:00+09:00,1100.452392578125,1100.452392578125,1100.452392578125,1100.452392578125,0,0.0,0.0
2017-11-06 00:00:00+09:00,1095.4352457930402,1102.9611367946718,1094.5990356817479,1097.107666015625,1523300,0.0,0.0
2017-11-07 00:00:00+09:00,1095.435274241991,1102.9611654390733,1085.400752645881,1096.271484375,1747900,0.0,0.0
2017-11-08 00:00:00+09:00,1093.7629889562932,1096.2716196649085,1084.5646763580369,1088.7457275390625,2094200,0.0,0.0
2017-11-09 00:00:00+09:00,1088.7458060599663,1098.7803296181226,1074.5302310192446,1082.892333984375,2324100,0.0,0.0
2017-11-10 00:00:00+09:00,1067.8402268702882,1077.8747474046997,1059.4781264249452,1074.5299072265625,2380700,0.0,0.0
2017-11-13 00:00:00+09:00,1074.5299305422811,1077.8747707929965,1059.4781494140625,1059.4781494140625,1896100,0.0,0.0
2017-11-14 00:00:00+09:00,1061.986791371162,1063.6592115150536,1049.443640291975,1051.9522705078125,1464000,0.0,0.0
2017-11-15 00:00:00+09:00,1050.2801000878515,1054.4611514417043,1033.5558946724398,1041.081787109375,2834800,0.0,0.0
2017-11-16 00:00:00+09:00,1049.4435381451704,1058.6418480412635,1036.9003882868617,1047.7711181640625,2577900,0.0,0.0
2017-11-17 00:00:00+09:00,1054.4609618551387,1055.297171975563,1031.8832886036805,1039.4091796875,2279300,0.0,0.0
2017-11-20 00:00:00+09:00,1033.5556072672657,1036.9004474202343,1030.2107671142971,1035.22802734375,1492200,0.0,0.0
2017-11-21 00:00:00+09:00,1040.2454675964552,1040.2454675964552,1030.210945400991,1033.5557861328125,1480100,0.0,0.0
2017-11-22 00:00:00+09:00,1036.0643271546776,1048.607478815146,1026.8660159370008,1046.93505859375,1893500,0.0,0.0
2017-11-23 00:00:00+09:00,1046.93505859375,1046.93505859375,1046.93505859375,1046.93505859375,0,0.0,0.0
2017-11-24 00:00:00+09:00,1036.9004642982545,1045.2625648167887,1035.2280441945477,1041.917724609375,1002900,0.0,0.0
2017-11-27 00:00:00+09:00,1044.426223533741,1046.0986434273098,1035.2279141191123,1038.57275390625,1390300,0.0,0.0
2017-11-28 00:00:00+09:00,1041.0816321702491,1063.6593061209292,1041.0816321702491,1052.78857421875,1325600,0.0,0.0
2017-11-29 00:00:00+09:00,1055.2970510574185,1070.3488315003929,1051.9522109589798,1064.495361328125,1701900,0.0,0.0
2017-11-30 00:00:00+09:00,1072.857666015625,1077.0387169354053,1064.4955641760644,1072.857666015625,2420600,0.0,0.0
2017-12-01 00:00:00+09:00,1072.8574066887568,1072.8574066887568,1050.2797371793285,1055.2969970703125,1838100,0.0,0.0
2017-12-04 00:00:00+09:00,1056.1332267815856,1058.6418567739408,1048.6073368045197,1051.115966796875,1212900,0.0,0.0
2017-12-05 00:00:00+09:00,1051.9521829314658,1072.021222987392,1051.9521829314658,1065.33154296875,1305900,0.0,0.0
2017-12-06 00:00:00+09:00,1064.495537035393,1067.0041675233003,1042.7540728068618,1048.6075439453125,1978700,0.0,0.0
2017-12-07 00:00:00+09:00,1051.9522705078125,1056.9695309394872,1046.0988000041918,1051.9522705078125,1715600,0.0,0.0
2017-12-08 00:00:00+09:00,1056.1332808533678,1063.6591712157433,1053.624650732576,1060.3143310546875,1667100,0.0,0.0
2017-12-11 00:00:00+09:00,1061.150626563272,1061.986836670887,1049.4436850566638,1057.8057861328125,963200,0.0,0.0
2017-12-12 00:00:00+09:00,1056.9696044921875,1063.6592855332772,1052.7885538415064,1056.9696044921875,1120400,0.0,0.0
2017-12-13 00:00:00+09:00,1056.1332405862538,1057.8056606030175,1027.7021003012715,1032.7193603515625,3302500,0.0,0.0
2017-12-14 00:00:00+09:00,1026.0300356316607,1026.866245929649,1010.978250267871,1015.1593017578125,4165800,0.0,0.0
2017-12-15 00:00:00+09:00,1011.8142910484506,1012.6505012063419,985.8917761538208,995.090087890625,5359000,0.0,0.0
2017-12-18 00:00:00+09:00,1003.4522301582113,1003.4522301582113,990.9090772812336,999.2711791992188,1697300,0.0,0.0
2017-12-19 00:00:00+09:00,999.2710612591048,1007.6331621901434,995.0900107935855,1000.9434814453125,1707800,0.0,0.0
2017-12-20 00:00:00+09:00,1000.9434076496576,1008.4692979327377,995.0899374294842,995.9261474609375,2318500,0.0,0.0
2017-12-21 00:00:00+09:00,993.4176761539838,993.4176761539838,972.5124220261644,985.8917846679688,2912500,0.0,0.0
2017-12-22 00:00:00+09:00,986.7277568660371,991.7450166467119,971.6759775240128,976.6932373046875,1781300,0.0,0.0
2017-12-25 00:00:00+09:00,979.2020874023438,981.7107178568332,973.3486163418686,979.2020874023438,1128900,0.0,0.0
2017-12-26 00:00:00+09:00,980.8744627962408,981.7106729094515,966.6588908716576,973.3485717773438,1782700,0.0,0.0
2017-12-27 00:00:00+09:00,965.8227130415103,977.529655017771,964.9865029003488,974.184814453125,832100,0.0,0.0
2017-12-28 00:00:00+09:00,974.1848462885663,991.7452598268152,974.1848462885663,987.564208984375,1591300,0.0,0.0
2017-12-29 00:00:00+09:00,987.564208984375,995.0901005007673,985.0555784789108,987.564208984375,940000,0.0,0.0
2018-01-01 00:00:00+09:00,987.564208984375,987.564208984375,987.564208984375,987.564208984375,0,0.0,0.0
2018-01-02 00:00:00+09:00,987.564208984375,987.564208984375,987.564208984375,987.564208984375,0,0.0,0.0
2018-01-03 00:00:00+09:00,987.564208984375,987.564208984375,987.564208984375,987.564208984375,0,0.0,0.0
2018-01-04 00:00:00+09:00,1001.7798097746143,1004.2884403500099,994.2539180484277,999.2711791992188,1814100,0.0,0.0
2018-01-05 00:00:00+09:00,1002.6157576195988,1018.5037471064815,997.5984977816358,1015.9951171875,1769700,0.0,0.0
2018-01-08 00:00:00+09:00,1015.9951171875,1015.9951171875,1015.9951171875,1015.9951171875,0,0.0,0.0
2018-01-09 00:00:00+09:00,1023.5212036432739,1026.0298340443603,1018.503942841101,1021.0125732421875,1641200,0.0,0.0
2018-01-10 00:00:00+09:00,1027.70227852703,1042.7540612882071,1026.8660683736314,1031.047119140625,2452500,0.0,0.0
2018-01-11 00:00:00+09:00,1027.7021114977888,1031.0469515677573,1015.1589612354073,1025.1934814453125,1826100,0.0,0.0
2018-01-12 00:00:00+09:00,1020.1764008028424,1021.8488211320274,992.58146537129,998.4349365234375,3227500,0.0,0.0
2018-01-15 00:00:00+09:00,1001.7795993795481,1017.6675896869033,1001.7795993795481,1012.6503295898438,1637100,0.0,0.0
2018-01-16 00:00:00+09:00,1011.814397900351,1031.0472335629197,1011.814397900351,1027.702392578125,1805100,0.0,0.0
2018-01-17 00:00:00+09:00,1019.3399658203125,1022.6848057409698,1014.3227059393265,1019.3399658203125,1552000,0.0,0.0
2018-01-18 00:00:00+09:00,1024.3573561409453,1026.865986400882,1008.4693644946775,1010.1417846679688,2152900,0.0,0.0
2018-01-19 00:00:00+09:00,1008.4694213867188,1010.9780517881783,1002.6159504499799,1008.4694213867188,1527900,0.0,0.0
2018-01-22 00:00:00+09:00,1000.9433723126266,1010.1416823338789,995.9261123010346,1005.9606323242188,1102200,0.0,0.0
2018-01-23 00:00:00+09:00,1008.4692055603281,1015.9950951540618,1004.2881557860316,1007.6329956054688,1182900,0.0,0.0
2018-01-24 00:00:00+09:00,1005.9606510429943,1028.538321515281,1005.1244410255022,1025.1934814453125,1733900,0.0,0.0
2018-01-25 00:00:00+09:00,1019.3400594742573,1028.5383701011783,1019.3400594742573,1020.17626953125,1027500,0.0,0.0
2018-01-26 00:00:00+09:00,1023.5210727262222,1031.0469629668562,1017.6676025390624,1017.6676025390625,1228400,0.0,0.0
2018-01-29 00:00:00+09:00,1018.5037558401482,1023.5210157211341,1014.3227059393265,1019.3399658203125,1302100,0.0,0.0
2018-01-30 00:00:00+09:00,1019.3401531263765,1021.0125733940163,1007.633211252899,1008.4694213867188,1396200,0.0,0.0
2018-01-31 00:00:00+09:00,1003.4521975109925,1008.4694584985475,996.7625161942526,998.4349365234375,2156000,0.0,0.0
2018-02-01 00:00:00+09:00,1003.4519675925926,1021.0123770254629,997.5984977816358,1015.9951171875,2281500,0.0,0.0
2018-02-02 00:00:00+09:00,1005.9606621647429,1021.0124426460109,1001.7796120310574,1017.6676025390625,1526400,0.0,0.0
2018-02-05 00:00:00+09:00,1008.4694213867188,1023.5212037954757,1004.2883707176196,1008.4694213867188,1692800,0.0,0.0
2018-02-06 00:00:00+09:00,986.7278642370345,998.4348049991688,967.4950329849568,982.5468139648438,3860200,0.0,0.0
2018-02-07 00:00:00+09:00,990.9089965820312,993.417626953125,978.3658447265625,978.3658447265625,2721700,0.0,0.0
2018-02-08 00:00:00+09:00,975.857202116976,976.6934122301868,963.3140504188144,973.3485717773438,2490100,0.0,0.0
2018-02-09 00:00:00+09:00,954.1157066531298,959.9691772460938,944.0811856366201,959.9691772460938,2808300,0.0,0.0
2018-02-12 00:00:00+09:00,959.9691772460938,959.9691772460938,959.9691772460938,959.9691772460938,0,0.0,0.0
2018-02-13 00:00:00+09:00,966.6588620923912,970.0037024456522,958.2967612092391,961.6416015625,2213200,0.0,0.0
2018-02-14 00:00:00+09:00,957.4605186469042,968.3312494263014,952.4432582871825,960.8053588867188,2260300,0.0,0.0
2018-02-15 00:00:00+09:00,964.1503960860404,966.6590267783718,952.4434528551604,953.2796630859375,1577400,0.0,0.0
2018-02-16 00:00:00+09:00,964.1501662657103,1000.1071976182043,964.1501662657103,995.9261474609375,2389000,0.0,0.0
2018-02-19 00:00:00+09:00,1002.6157747582149,1026.0296544022767,1002.6157747582149,1022.684814453125,2170200,0.0,0.0
2018-02-20 00:00:00+09:00,1021.8487428840247,1037.7367347946602,1020.1763226829052,1029.3746337890625,2719700,0.0,0.0
2018-02-21 00:00:00+09:00,1029.3745716496517,1034.3918319501374,1006.796900297466,1016.8314208984375,1923700,0.0,0.0
2018-02-22 00:00:00+09:00,1006.7969311502869,1008.4693513016994,988.4003094847502,992.5813598632812,1713000,0.0,0.0
2018-02-23 00:00:00+09:00,996.7624232816381,1011.8142048412601,993.4175829350554,1010.1417846679688,1504600,0.0,0.0
2018-02-26 00:00:00+09:00,1020.1762326192737,1027.7021228599078,1015.9951824855882,1017.6676025390625,1491000,0.0,0.0
2018-02-27 00:00:00+09:00,1020.1762240442087,1023.5210641230422,1011.814123847125,1014.32275390625,1146900,0.0,0.0
2018-02-28 00:00:00+09:00,1007.6332317164895,1018.5039636769163,1004.2883911132812,1004.2883911132812,1426600,0.0,0.0
2018-03-01 00:00:00+09:00,997.598726358845,1005.96082800477,992.58146537129,998.4349365234375,1476800,0.0,0.0
2018-03-02 00:00:00+09:00,985.8917846679689,991.7452558237583,977.529683016841,985.8917846679688,1316600,0.0,0.0
2018-03-05 00:00:00+09:00,978.3658772508473,986.7279787658118,970.0037757358829,979.2020874023438,1185100,0.0,0.0
2018-03-06 00:00:00+09:00,993.4176675748424,1001.7797691537553,989.236616785386,995.090087890625,1289200,0.0,0.0
2018-03-07 00:00:00+09:00,984.219315592448,996.7624674479167,978.3658447265625,978.3658447265625,1384700,0.0,0.0
2018-03-08 00:00:00+09:00,980.0382975538403,983.3831381598261,974.1848264933651,979.2020874023438,1012500,0.0,0.0
2018-03-09 00:00:00+09:00,988.4003950107597,988.4003950107597,970.0037717533683,977.5296630859375,1663900,0.0,0.0
2018-03-12 00:00:00+09:00,979.2019737470911,987.5640742914727,975.0209234749002,982.5468139648438,1311200,0.0,0.0
2018-03-13 00:00:00+09:00,977.5296623732669,1006.7970175341432,976.6934522258132,1002.615966796875,1559100,0.0,0.0
2018-03-14 00:00:00+09:00,1000.9434737148664,1014.3228351011971,999.271053541575,1010.1417846679688,1477700,0.0,0.0
2018-03-15 00:00:00+09:00,1010.1420399698827,1017.6679326517775,1000.9437266920112,1015.1593017578125,1686400,0.0,0.0
2018-03-16 00:00:00+09:00,1015.1590368327904,1017.6676670720807,1003.4520957161026,1006.7969360351562,2098300,0.0,0.0
2018-03-19 00:00:00+09:00,1011.8141479492188,1021.0124583851208,1006.796887711454,1011.8141479492188,1394400,0.0,0.0
2018-03-20 00:00:00+09:00,1014.3229317492195,1045.2627079031527,1012.6505114165744,1037.73681640625,4459000,0.0,0.0
2018-03-21 00:00:00+09:00,1037.73681640625,1037.73681640625,1037.73681640625,1037.73681640625,0,0.0,0.0
2018-03-22 00:00:00+09:00,1024.3575254438779,1045.2627810651813,1023.5213152190256,1042.754150390625,3261900,0.0,0.0
2018-03-23 00:00:00+09:00,1028.5386613557575,1042.7542363501054,1027.7024510619724,1040.24560546875,3375700,0.0,0.0
2018-03-26 00:00:00+09:00,1028.5385250350803,1036.9006268646338,1022.6850537543929,1033.5557861328125,2493200,0.0,0.0
2018-03-27 00:00:00+09:00,1031.0470664904904,1051.9523192579375,1021.0125451621157,1046.93505859375,2950000,0.0,0.0
2018-03-28 00:00:00+09:00,1053.678478112112,1073.066162109375,1053.678478112112,1073.066162109375,2781100,10.0,0.0
2018-03-29 00:00:00+09:00,1081.4958155521406,1085.710530343848,1066.3228423019937,1075.59521484375,2133800,0.0,0.0
2018-03-30 00:00:00+09:00,1082.338648462145,1083.1815913347791,1063.7939052641957,1068.8515625,1596800,0.0,0.0
2018-04-02 00:00:00+09:00,1060.4220942283164,1079.809779575893,1057.0503228635203,1073.9091796875,2534000,0.0,0.0
2018-04-03 00:00:00+09:00,1073.9092216432373,1096.6686792447815,1072.2233358949748,1084.0245361328125,2351300,0.0,0.0
2018-04-04 00:00:00+09:00,1080.652603763545,1095.8255732391642,1075.5949472716718,1089.08203125,1872000,0.0,0.0
2018-04-05 00:00:00+09:00,1085.710530343848,1093.2970169689215,1073.909328927067,1075.59521484375,2509100,0.0,0.0
2018-04-06 00:00:00+09:00,1070.5373181413302,1073.0661464519003,1057.8931765884797,1064.63671875,2506600,0.0,0.0
2018-04-09 00:00:00+09:00,1074.752197265625,1087.3963407628676,1073.0663114659926,1074.752197265625,2304800,0.0,0.0
2018-04-10 00:00:00+09:00,1074.7520476743543,1085.7103038467203,1069.6943909794163,1073.066162109375,1529600,0.0,0.0
2018-04-11 00:00:00+09:00,1066.3227338820977,1073.9092197358045,1062.9509623915615,1068.8515625,1667000,0.0,0.0
2018-04-12 00:00:00+09:00,1068.0085251214937,1073.9091247078002,1064.6367539293185,1070.537353515625,1085900,0.0,0.0
2018-04-13 00:00:00+09:00,1070.53743347265,1072.223319194654,1052.835633391606,1060.422119140625,1760500,0.0,0.0
2018-04-16 00:00:00+09:00,1062.108066622065,1069.6945528122226,1061.2651237120474,1068.0086669921875,1020100,0.0,0.0
2018-04-17 00:00:00+09:00,1068.0084541466586,1075.5949388248905,1058.736083984375,1058.736083984375,1461300,0.0,0.0
2018-04-18 00:00:00+09:00,1060.4221866978794,1067.165730015513,1048.6209858920206,1057.0504150390625,1941000,0.0,0.0
2018-04-19 00:00:00+09:00,1051.9927715832673,1075.5951735098151,1049.463942805423,1065.4798583984375,2229500,0.0,0.0
2018-04-20 00:00:00+09:00,1068.008587202679,1090.768044072823,1067.1656443556367,1078.1239013671875,3229400,0.0,0.0
2018-04-23 00:00:00+09:00,1080.652839050056,1087.3963825074666,1073.9092955926453,1084.8675537109375,2347400,0.0,0.0
2018-04-24 00:00:00+09:00,1090.7682290420414,1114.3706327616528,1089.0823430620692,1100.883544921875,3396600,0.0,0.0
2018-04-25 00:00:00+09:00,1106.7839993149487,1136.2870000583023,1101.7263420446595,1129.54345703125,3731500,0.0,0.0
2018-04-26 00:00:00+09:00,1124.485701107011,1143.873385608856,1124.485701107011,1142.1875,2895400,0.0,0.0
2018-04-27 00:00:00+09:00,1143.8736505451993,1147.2454225438587,1130.3865625505618,1139.658935546875,2305500,0.0,0.0
2018-04-30 00:00:00+09:00,1139.658935546875,1139.658935546875,1139.658935546875,1139.658935546875,0,0.0,0.0
2018-05-01 00:00:00+09:00,1133.7582518599415,1146.402395932729,1100.8834772706941,1104.2552490234375,3095900,0.0,0.0
2018-05-02 00:00:00+09:00,1110.1556432145364,1125.32861328125,1101.7262153996958,1125.32861328125,2807600,0.0,0.0
2018-05-03 00:00:00+09:00,1125.32861328125,1125.32861328125,1125.32861328125,1125.32861328125,0,0.0,0.0
2018-05-04 00:00:00+09:00,1125.32861328125,1125.32861328125,1125.32861328125,1125.32861328125,0,0.0,0.0
2018-05-07 00:00:00+09:00,1132.9151590909091,1159.04638671875,1129.543387784091,1159.04638671875,3133600,0.0,0.0
2018-05-08 00:00:00+09:00,1163.2611684987007,1175.0623687588325,1152.3029111142928,1155.6746826171875,2674800,0.0,0.0
2018-05-09 00:00:00+09:00,1143.87329464867,1149.7738938104537,1122.7997262137276,1132.9150390625,3292700,0.0,0.0
2018-05-10 00:00:00+09:00,1128.7005590876522,1131.2293878234723,1097.5116713458726,1098.3546142578125,2869900,0.0,0.0
2018-05-11 00:00:00+09:00,1094.9828829563114,1096.6687688423103,1084.0246246973184,1093.2969970703125,2523600,0.0,0.0
2018-05-14 00:00:00+09:00,1091.6109694260817,1098.3545120943509,1084.024483924279,1095.82568359375,2117400,0.0,0.0
2018-05-15 00:00:00+09:00,1089.0820862569926,1097.5115141691986,1088.239143465772,1092.453857421875,1669300,0.0,0.0
2018-05-16 00:00:00+09:00,1095.8257566646776,1102.569299782614,1075.595127310868,1081.4957275390625,2202100,0.0,0.0
2018-05-17 00:00:00+09:00,1088.239325439643,1090.7681542361718,1079.8098961178796,1084.8675537109375,1303700,0.0,0.0
2018-05-18 00:00:00+09:00,1085.71044921875,1086.5533921141061,1077.2810202651883,1085.71044921875,1168500,0.0,0.0
2018-05-21 00:00:00+09:00,1090.7680717426572,1097.5116146900614,1078.9668715846994,1079.809814453125,1326800,0.0,0.0
2018-05-22 00:00:00+09:00,1095.8257566646776,1102.569299782614,1078.1239559800943,1081.4957275390625,1737200,0.0,0.0
2018-05-23 00:00:00+09:00,1090.7680864518784,1099.1975152498062,1083.1816005337432,1088.2392578125,2262800,0.0,0.0
2018-05-24 00:00:00+09:00,1095.8256607946255,1099.197432058609,1082.3385757386916,1083.1815185546875,1965300,0.0,0.0
2018-05-25 00:00:00+09:00,1078.966891627543,1092.4539777728874,1076.438062975291,1077.281005859375,1622200,0.0,0.0
2018-05-28 00:00:00+09:00,1082.338508836792,1088.239108184033,1072.223195670093,1086.55322265625,1334100,0.0,0.0
2018-05-29 00:00:00+09:00,1090.7680993262252,1099.1975282236458,1078.9668988698363,1081.4957275390625,1390200,0.0,0.0
2018-05-30 00:00:00+09:00,1074.7521827908845,1079.809840121665,1066.32275390625,1066.32275390625,1696900,0.0,0.0
2018-05-31 00:00:00+09:00,1077.2809931397624,1085.710421881075,1069.694507272581,1084.0245361328125,6172400,0.0,0.0
2018-06-01 00:00:00+09:00,1058.7361709680245,1058.7361709680245,1039.3484863085782,1052.8355712890625,4039900,0.0,0.0
2018-06-04 00:00:00+09:00,1054.5214055077197,1068.8514326009501,1054.5214055077197,1064.63671875,1837500,0.0,0.0
2018-06-05 00:00:00+09:00,1062.108113799615,1068.008714431835,1055.3645702199349,1067.165771484375,1540600,0.0,0.0
2018-06-06 00:00:00+09:00,1061.2649948192663,1069.6944228956704,1052.8355667428623,1063.7938232421875,1545200,0.0,0.0
2018-06-07 00:00:00+09:00,1062.1079996680762,1071.38037109375,1058.7362282405586,1071.38037109375,1548200,0.0,0.0
2018-06-08 00:00:00+09:00,1073.0661464519003,1082.3385169239905,1064.63671875,1064.63671875,2018300,0.0,0.0
2018-06-11 00:00:00+09:00,1066.322568662607,1078.9667097929937,1058.736083984375,1058.736083984375,1438200,0.0,0.0
2018-06-12 00:00:00+09:00,1058.736267910079,1070.5374683485672,1051.9927248023716,1066.32275390625,1701400,0.0,0.0
2018-06-13 00:00:00+09:00,1064.636734284478,1084.8673610642306,1064.636734284478,1073.066162109375,1450200,0.0,0.0
2018-06-14 00:00:00+09:00,1074.752258011515,1082.3387445386552,1067.165771484375,1067.165771484375,1495800,0.0,0.0
2018-06-15 00:00:00+09:00,1074.7520797415127,1078.9667937797149,1062.9508804345471,1063.7938232421875,2194400,0.0,0.0
2018-06-18 00:00:00+09:00,1071.3802450291178,1074.7520160598938,1055.364332632931,1056.207275390625,1586900,0.0,0.0
2018-06-19 00:00:00+09:00,1057.0505377019495,1062.1081957770782,1041.0346204640412,1041.8775634765625,2147200,0.0,0.0
2018-06-20 00:00:00+09:00,1042.7204054139502,1056.2074923069358,1037.6627478290804,1054.5216064453125,1513700,0.0,0.0
2018-06-21 00:00:00+09:00,1041.8774198115018,1046.09213429294,1028.3903334708998,1029.2332763671875,1462200,0.0,0.0
2018-06-22 00:00:00+09:00,1029.2331940827546,1030.0761369116512,1019.1178801359954,1024.175537109375,1258700,0.0,0.0
2018-06-25 00:00:00+09:00,1020.8038045756022,1022.4896902974447,1009.002604522705,1011.5314331054688,1327200,0.0,0.0
2018-06-26 00:00:00+09:00,1019.9608721051897,1039.3485581038833,1009.8455576710886,1038.505615234375,1328500,0.0,0.0
2018-06-27 00:00:00+09:00,1027.547143772317,1041.877169567337,1022.4894876093687,1040.1912841796875,1056500,0.0,0.0
2018-06-28 00:00:00+09:00,1046.0920257444404,1046.9349685532595,1030.0761123768787,1037.66259765625,1541100,0.0,0.0
2018-06-29 00:00:00+09:00,1037.662848413955,1046.09227853917,1027.5475322636971,1041.8775634765625,1219200,0.0,0.0
2018-07-02 00:00:00+09:00,1040.1914183972906,1050.3067320283824,1032.6049331739716,1033.4478759765625,1199800,0.0,0.0
2018-07-03 00:00:00+09:00,1041.0343292902435,1042.72021484375,1031.7619587459578,1042.72021484375,1347300,0.0,0.0
2018-07-04 00:00:00+09:00,1041.0343292902435,1051.9925853880354,1040.1913865134902,1042.72021484375,1269300,0.0,0.0
2018-07-05 00:00:00+09:00,1046.0919859507628,1047.7778715042693,1037.6625581832307,1042.72021484375,1493900,0.0,0.0
2018-07-06 00:00:00+09:00,1049.4638906846023,1084.8674918161312,1049.4638906846023,1077.281005859375,3072800,0.0,0.0
2018-07-09 00:00:00+09:00,1079.8098417595784,1089.082213546741,1078.1239559800943,1081.4957275390625,1060900,0.0,0.0
2018-07-10 00:00:00+09:00,1073.0663027047349,1077.2810171694039,1055.364501953125,1055.364501953125,1471300,0.0,0.0
2018-07-11 00:00:00+09:00,1055.3645900006275,1060.4222477801834,1048.6210462945533,1049.4639892578125,1351700,0.0,0.0
2018-07-12 00:00:00+09:00,1062.107866727389,1067.1655232356145,1051.1496109595666,1051.9925537109375,1032300,0.0,0.0
2018-07-13 00:00:00+09:00,1047.7781507485931,1051.992865755627,1041.877549738746,1048.62109375,954000,0.0,0.0
2018-07-16 00:00:00+09:00,1048.62109375,1048.62109375,1048.62109375,1048.62109375,0,0.0,0.0
2018-07-17 00:00:00+09:00,1057.893270663474,1072.223299031027,1057.893270663474,1062.950927734375,1540100,0.0,0.0
2018-07-18 00:00:00+09:00,1069.694600326755,1072.223429169135,1062.951056747075,1067.165771484375,1498100,0.0,0.0
2018-07-19 00:00:00+09:00,1073.066236846301,1084.0244937818877,1066.322694116709,1073.9091796875,1677600,0.0,0.0
2018-07-20 00:00:00+09:00,1078.966824297972,1089.0821382757654,1077.2809386350064,1080.6527099609375,2032200,0.0,0.0
2018-07-23 00:00:00+09:00,1079.8096610148993,1095.8255732391642,1076.4378900203174,1089.08203125,1710600,0.0,0.0
2018-07-24 00:00:00+09:00,1093.296721758828,1107.6267481812642,1090.7678935666331,1102.569091796875,2048800,0.0,0.0
2018-07-25 00:00:00+09:00,1116.056163845816,1125.328533787133,1108.4696793483745,1109.3126220703125,1910900,0.0,0.0
2018-07-26 00:00:00+09:00,1121.1138993738296,1128.7003844071864,1116.056242684925,1125.32861328125,1533400,0.0,0.0
2018-07-27 00:00:00+09:00,1127.0146356405378,1135.4440644785375,1117.7422639187384,1133.7581787109375,1375500,0.0,0.0
2018-07-30 00:00:00+09:00,1132.9151936421606,1135.4440221993975,1115.2133937415017,1123.642822265625,1348300,0.0,0.0
2018-07-31 00:00:00+09:00,1121.1139157555056,1121.1139157555056,1100.8832887042784,1107.6268310546875,2121600,0.0,0.0
2018-08-01 00:00:00+09:00,1087.3963149327071,1095.8257437306352,1076.438057495401,1088.2392578125,2252500,0.0,0.0
2018-08-02 00:00:00+09:00,1091.6108594959367,1097.511458736455,1074.7520045230265,1089.08203125,1925600,0.0,0.0
2018-08-03 00:00:00+09:00,1085.7104621887206,1085.7104621887206,1073.9092615127563,1078.9669189453125,1406100,0.0,0.0
2018-08-06 00:00:00+09:00,1078.966781496063,1082.3385526882382,1068.0085251214937,1070.537353515625,1294900,0.0,0.0
2018-08-07 00:00:00+09:00,1064.6369024312721,1072.223388671875,1057.0504161906692,1072.223388671875,1348500,0.0,0.0
2018-08-08 00:00:00+09:00,1064.6367859419988,1070.5373857057311,1057.8932433548762,1061.2650146484375,1354300,0.0,0.0
2018-08-09 00:00:00+09:00,1055.3645900006275,1057.0504759271462,1043.5633885149975,1049.4639892578125,1360200,0.0,0.0
2018-08-10 00:00:00+09:00,1049.4639823667464,1052.8357541976436,1041.8774957472278,1045.249267578125,1213900,0.0,0.0
2018-08-13 00:00:00+09:00,1042.7202545091643,1048.6208541708977,1033.4478836121548,1037.66259765625,1647200,0.0,0.0
2018-08-14 00:00:00+09:00,1041.0343840888775,1046.9349838367496,1030.9190702353822,1046.092041015625,1578500,0.0,0.0
2018-08-15 00:00:00+09:00,1049.4638123001234,1060.422068974743,1038.5055556255036,1046.092041015625,1600500,0.0,0.0
2018-08-16 00:00:00+09:00,1045.249181694664,1068.0086396831769,1032.6050383677125,1066.32275390625,3159700,0.0,0.0
2018-08-17 00:00:00+09:00,1062.95083320962,1070.5373181413302,1057.0502338182898,1064.63671875,1381900,0.0,0.0
2018-08-20 00:00:00+09:00,1063.7938232421875,1071.3803085109512,1059.5791092039856,1063.7938232421875,1518600,0.0,0.0
2018-08-21 00:00:00+09:00,1057.8933363599676,1060.4221650524617,1042.720364205004,1044.40625,1990000,0.0,0.0
2018-08-22 00:00:00+09:00,1036.8199938656937,1037.6629369501372,1025.8617337679261,1035.97705078125,2619700,0.0,0.0
2018-08-23 00:00:00+09:00,1041.0343840888775,1051.992640763497,1041.0343840888775,1046.092041015625,1422600,0.0,0.0
2018-08-24 00:00:00+09:00,1054.521469226871,1059.5791261536185,1045.2490981945004,1046.092041015625,970200,0.0,0.0
2018-08-27 00:00:00+09:00,1054.5216470373682,1062.108133706702,1047.778103331294,1049.4639892578125,1363800,0.0,0.0
2018-08-28 00:00:00+09:00,1050.3065851921044,1055.3642413005737,1046.09187176838,1046.934814453125,987800,0.0,0.0
2018-08-29 00:00:00+09:00,1053.6786433802458,1059.5792437831751,1049.4639288067247,1057.0504150390625,1504500,0.0,0.0
2018-08-30 00:00:00+09:00,1061.2650395928135,1062.1079824360165,1045.2491255719528,1047.7779541015625,4931400,0.0,0.0
2018-08-31 00:00:00+09:00,1049.4638198681093,1054.521476831329,1046.092048559296,1050.3067626953125,2432100,0.0,0.0
2018-09-03 00:00:00+09:00,1045.249234206385,1057.0504352377473,1045.249234206385,1054.5216064453125,1409200,0.0,0.0
2018-09-04 00:00:00+09:00,1054.5215390391559,1062.9509678084537,1050.306824654507,1057.893310546875,1330500,0.0,0.0
2018-09-05 00:00:00+09:00,1052.8356789749798,1052.8356789749798,1034.2909352300242,1044.40625,1912500,0.0,0.0
2018-09-06 00:00:00+09:00,1036.8196471869264,1038.5055327921086,1028.3902191610166,1033.4478759765625,1634200,0.0,0.0
2018-09-07 00:00:00+09:00,1033.447882167133,1064.6367660498279,1032.6049393594926,1063.7938232421875,1622500,0.0,0.0
2018-09-10 00:00:00+09:00,1062.1079724900267,1074.7521150196699,1058.7362011487885,1069.6944580078125,1502900,0.0,0.0
2018-09-11 00:00:00+09:00,1069.694505372634,1075.5951054810726,1068.008619627366,1068.8515625,1225900,0.0,0.0
2018-09-12 00:00:00+09:00,1066.3226743741436,1078.9668167580267,1061.2650174205903,1076.43798828125,1491200,0.0,0.0
2018-09-13 00:00:00+09:00,1082.3385757386916,1099.197432058609,1079.809747290704,1083.1815185546875,1717300,0.0,0.0
2018-09-14 00:00:00+09:00,1083.1815584494418,1084.8674441435264,1069.694472896764,1078.1239013671875,2560200,0.0,0.0
2018-09-17 00:00:00+09:00,1078.1239013671875,1078.1239013671875,1078.1239013671875,1078.1239013671875,0,0.0,0.0
2018-09-18 00:00:00+09:00,1082.3385320558139,1106.7838727330868,1082.3385320558139,1099.1973876953125,2669800,0.0,0.0
2018-09-19 00:00:00+09:00,1108.4699434627582,1109.3128863855436,1096.668742543763,1106.7840576171875,1777100,0.0,0.0
2018-09-20 00:00:00+09:00,1110.1554788256449,1121.9566760189318,1105.0978228856648,1115.213134765625,2744200,0.0,0.0
2018-09-21 00:00:00+09:00,1121.956998230981,1137.9729133071557,1117.7422837372508,1131.2293701171875,4151700,0.0,0.0
2018-09-24 00:00:00+09:00,1131.2293701171875,1131.2293701171875,1131.2293701171875,1131.2293701171875,0,0.0,0.0
2018-09-25 00:00:00+09:00,1140.5017775652088,1153.1459214406548,1140.5017775652088,1152.302978515625,3062600,0.0,0.0
2018-09-26 00:00:00+09:00,1147.1892095297376,1159.1213409810125,1138.6662584931123,1144.63232421875,2344100,15.0,0.0
2018-09-27 00:00:00+09:00,1143.7799073175918,1158.2689225369652,1142.0753172917832,1142.9276123046875,2176200,0.0,0.0
2018-09-28 00:00:00+09:00,1142.9276096335648,1171.9056400045872,1140.3707246008275,1168.4964599609375,3188600,0.0,0.0
2018-10-01 00:00:00+09:00,1170.2010498936602,1175.3148199587454,1163.3826898068799,1169.3487548828125,1579500,0.0,0.0
2018-10-02 00:00:00+09:00,1171.90576171875,1177.019532315341,1157.416745028409,1171.90576171875,2494300,0.0,0.0
2018-10-03 00:00:00+09:00,1176.1672368600218,1188.9516633476308,1172.758056463326,1173.6103515625,2392600,0.0,0.0
2018-10-04 00:00:00+09:00,1177.8718274147727,1182.9855980113637,1169.3488764204544,1171.90576171875,1879200,0.0,0.0
2018-10-05 00:00:00+09:00,1168.4964585527723,1185.5423587504788,1167.644163542887,1182.1331787109375,2201800,0.0,0.0
2018-10-08 00:00:00+09:00,1182.1331787109375,1182.1331787109375,1182.1331787109375,1182.1331787109375,0,0.0,0.0
2018-10-09 00:00:00+09:00,1182.133180769308,1184.690065803416,1157.4166254395964,1162.5303955078125,2198500,0.0,0.0
2018-10-10 00:00:00+09:00,1165.9395748394224,1175.3148199587454,1163.3826898068799,1169.3487548828125,2309500,0.0,0.0
2018-10-11 00:00:00+09:00,1150.59814453125,1161.677978515625,1144.632080078125,1151.450439453125,2856800,0.0,0.0
2018-10-12 00:00:00+09:00,1147.18896484375,1152.302734375,1137.813720703125,1141.222900390625,1868800,0.0,0.0
2018-10-15 00:00:00+09:00,1129.2908935546875,1136.9615486807193,1127.5863035266805,1129.2908935546875,1858200,0.0,0.0
2018-10-16 00:00:00+09:00,1133.5523683479034,1140.3707284582667,1125.0294182099492,1131.8477783203125,1630600,0.0,0.0
2018-10-17 00:00:00+09:00,1139.5184319814045,1145.4844970703125,1133.5523668924968,1145.4844970703125,1298900,0.0,0.0
2018-10-18 00:00:00+09:00,1147.1892088031273,1156.5644549374767,1138.6662577719005,1148.04150390625,1649100,0.0,0.0
2018-10-19 00:00:00+09:00,1147.18896484375,1152.302734375,1136.109130859375,1141.222900390625,1423700,0.0,0.0
2018-10-22 00:00:00+09:00,1142.9277327473958,1156.5644543909143,1136.9616670283565,1150.598388671875,1418000,0.0,0.0
2018-10-23 00:00:00+09:00,1137.8138451030236,1138.666140118082,1115.654174711504,1116.5064697265625,1900700,0.0,0.0
2018-10-24 00:00:00+09:00,1123.3248289166074,1129.290894017075,1115.6541737874347,1125.0294189453125,1350300,0.0,0.0
2018-10-25 00:00:00+09:00,1116.5065912390519,1130.995608071925,1111.3928205921554,1119.0634765625,2358700,0.0,0.0
2018-10-26 00:00:00+09:00,1121.6201171875,1130.14306640625,1113.09716796875,1121.6201171875,1666500,0.0,0.0
2018-10-29 00:00:00+09:00,1127.5863030684623,1144.6322033416059,1123.3248280001762,1133.5523681640625,1717200,0.0,0.0
2018-10-30 00:00:00+09:00,1137.8138424997371,1148.8936776701466,1130.99548239487,1140.3707275390625,4113400,0.0,0.0
2018-10-31 00:00:00+09:00,1130.14318959136,1130.14318959136,1114.801879325414,1119.9156494140625,2760100,0.0,0.0
2018-11-01 00:00:00+09:00,1125.8817129500553,1140.3707281810553,1113.94958275982,1134.4046630859375,2421800,0.0,0.0
2018-11-02 00:00:00+09:00,1142.0754463857443,1145.4846268227168,1100.312986032833,1110.54052734375,3433500,0.0,0.0
2018-11-05 00:00:00+09:00,1103.722166842813,1113.9497081571867,1095.199215747502,1108.8359375,1484500,0.0,0.0
2018-11-06 00:00:00+09:00,1117.3587640923085,1131.8477793398822,1117.3587640923085,1122.4725341796875,1558600,0.0,0.0
2018-11-07 00:00:00+09:00,1126.73388671875,1134.404541015625,1118.2109375,1121.6201171875,1372400,0.0,0.0
2018-11-08 00:00:00+09:00,1127.5863020724098,1143.7799073175918,1125.8817120466013,1142.9276123046875,1449100,0.0,0.0
2018-11-09 00:00:00+09:00,1142.9277313187476,1165.0874039617659,1142.075436217093,1157.416748046875,2188400,0.0,0.0
2018-11-12 00:00:00+09:00,1147.1890883825774,1149.745973423549,1127.5863030684623,1133.5523681640625,1996300,0.0,0.0
2018-11-13 00:00:00+09:00,1128.4385984486944,1138.666138615903,1121.6202383372217,1130.1431884765625,1783300,0.0,0.0
2018-11-14 00:00:00+09:00,1127.5864210757968,1156.5644545728317,1122.4726504586731,1149.74609375,1726100,0.0,0.0
2018-11-15 00:00:00+09:00,1153.1551510073634,1157.4166260665186,1142.9276108653912,1156.5643310546875,1838200,0.0,0.0
2018-11-16 00:00:00+09:00,1149.746092489687,1163.3828141204024,1148.0415022858476,1155.712158203125,1808300,0.0,0.0
2018-11-19 00:00:00+09:00,1152.3028555490548,1163.3826906985648,1147.1890854800502,1160.8258056640625,1374800,0.0,0.0
2018-11-20 00:00:00+09:00,1159.97363138582,1169.34887748813,1156.5644509849799,1166.7919921875,1452900,0.0,0.0
2018-11-21 00:00:00+09:00,1161.6782251899556,1171.0534713213492,1148.041503544292,1149.74609375,1851500,0.0,0.0
2018-11-22 00:00:00+09:00,1156.5643293691237,1176.167114612668,1151.4505593055903,1172.7579345703125,2457600,0.0,0.0
2018-11-23 00:00:00+09:00,1172.7579345703125,1172.7579345703125,1172.7579345703125,1172.7579345703125,0,0.0,0.0
2018-11-26 00:00:00+09:00,1171.9057629680076,1176.1672384697094,1159.121336462902,1165.939697265625,1536200,0.0,0.0
2018-11-27 00:00:00+09:00,1154.0074455720562,1170.2010507905711,1149.7459705145525,1160.8258056640625,1753800,0.0,0.0
2018-11-28 00:00:00+09:00,1155.7121605663626,1156.5644556700252,1136.9616682857873,1144.63232421875,2022000,0.0,0.0
2018-11-29 00:00:00+09:00,1153.155029296875,1157.41650390625,1137.813720703125,1142.0751953125,1695600,0.0,0.0
2018-11-30 00:00:00+09:00,1146.3367930910952,1146.3367930910952,1132.700072875885,1136.1092529296875,4542500,0.0,0.0
2018-12-03 00:00:00+09:00,1147.18896484375,1157.41650390625,1142.927490234375,1154.00732421875,1806900,0.0,0.0
2018-12-04 00:00:00+09:00,1152.3029794218633,1162.5305206593355,1142.0754381843913,1148.04150390625,1930800,0.0,0.0
2018-12-05 00:00:00+09:00,1138.6661361615393,1156.5643314155755,1136.1092511252482,1153.1551513671875,1531600,0.0,0.0
2018-12-06 00:00:00+09:00,1142.927490234375,1150.59814453125,1131.84765625,1137.813720703125,1535400,0.0,0.0
2018-12-07 00:00:00+09:00,1131.847775887915,1160.825806294684,1127.5863008280962,1154.8597412109375,1988700,0.0,0.0
2018-12-10 00:00:00+09:00,1157.4167507736877,1159.973636084675,1138.6662584931123,1144.63232421875,1595800,0.0,0.0
2018-12-11 00:00:00+09:00,1149.745849609375,1152.302734375,1138.666015625,1141.222900390625,1619000,0.0,0.0
2018-12-12 00:00:00+09:00,1148.8937950830898,1167.64428728771,1144.6323195820398,1166.7919921875,2073800,0.0,0.0
2018-12-13 00:00:00+09:00,1170.2011733058607,1180.428714514652,1162.5305173992674,1163.3828125,1930700,0.0,0.0
2018-12-14 00:00:00+09:00,1166.7919925446918,1180.4287141522266,1159.1213366404536,1165.08740234375,2206100,0.0,0.0
2018-12-17 00:00:00+09:00,1170.2010484854839,1185.5423586622783,1162.5303933970865,1182.9854736328125,1995300,0.0,0.0
2018-12-18 00:00:00+09:00,1176.1671163268009,1180.428591385956,1151.4505609837013,1156.5643310546875,1926800,0.0,0.0
2018-12-19 00:00:00+09:00,1152.302858838848,1159.1212189503206,1120.7679433232877,1130.1431884765625,2431400,0.0,0.0
2018-12-20 00:00:00+09:00,1134.40478424255,1145.484620602545,1130.1433087194753,1138.666259765625,1705200,0.0,0.0
2018-12-21 00:00:00+09:00,1132.7001996120669,1135.257084938505,1109.6882316741242,1113.097412109375,2351500,0.0,0.0
2018-12-24 00:00:00+09:00,1113.097412109375,1113.097412109375,1113.097412109375,1113.097412109375,0,0.0,0.0
2018-12-25 00:00:00+09:00,1096.9036871910096,1102.017457294464,1074.7440167427062,1090.9376220703125,2257300,0.0,0.0
2018-12-26 00:00:00+09:00,1096.051392173767,1113.0972925186156,1079.0054918289184,1090.9376220703125,1547300,0.0,0.0
2018-12-27 00:00:00+09:00,1119.9156489513246,1132.7000741676638,1114.8018788647887,1124.1771240234375,2489300,0.0,0.0
2018-12-28 00:00:00+09:00,1117.3587648349467,1123.3248299408542,1106.2789296382614,1115.6541748046875,1329800,0.0,0.0
2018-12-31 00:00:00+09:00,1115.6541748046875,1115.6541748046875,1115.6541748046875,1115.6541748046875,0,0.0,0.0
2019-01-04 00:00:00+09:00,1095.1992119170172,1133.5524917117766,1095.1992119170172,1126.734130859375,1985000,0.0,0.0
2019-01-07 00:00:00+09:00,1133.5523685322987,1137.813843601969,1119.9156483093536,1130.1431884765625,1817600,0.0,0.0
2019-01-08 00:00:00+09:00,1126.7340079636435,1141.2230231946435,1124.1771229228787,1134.4046630859375,1878300,0.0,0.0
2019-01-09 00:00:00+09:00,1144.6323218781688,1158.2690435088841,1142.9277316743294,1155.712158203125,1891200,0.0,0.0
2019-01-10 00:00:00+09:00,1142.0751953125,1156.564208984375,1137.813720703125,1151.450439453125,1916000,0.0,0.0
2019-01-11 00:00:00+09:00,1159.9735091488114,1177.8717043671252,1155.712034096832,1175.3148193359375,2756400,0.0,0.0
2019-01-15 00:00:00+09:00,1174.4626491711756,1181.2810099791361,1153.1552716462995,1161.67822265625,2366200,0.0,0.0
2019-01-16 00:00:00+09:00,1159.1213386108038,1169.3488798338403,1154.0075679992856,1155.712158203125,1921600,0.0,0.0
2019-01-17 00:00:00+09:00,1154.8598593806737,1176.1672368600218,1154.0075642814998,1173.6103515625,2440400,0.0,0.0
2019-01-18 00:00:00+09:00,1164.2349844644236,1182.1331796867903,1164.2349844644236,1172.7579345703125,1580000,0.0,0.0
2019-01-21 00:00:00+09:00,1177.871826525702,1181.281006920856,1169.348875537817,1176.167236328125,1221900,0.0,0.0
2019-01-22 00:00:00+09:00,1178.7239996444348,1182.1331796867903,1172.7579345703125,1172.7579345703125,1401100,0.0,0.0
2019-01-23 00:00:00+09:00,1182.9854746973792,1182.9854746973792,1171.0533445491346,1172.7579345703125,1560900,0.0,0.0
2019-01-24 00:00:00+09:00,1163.3828107244317,1173.6103519176136,1158.2690401278408,1171.90576171875,1414800,0.0,0.0
2019-01-25 00:00:00+09:00,1159.973388671875,1174.46240234375,1158.268798828125,1164.23486328125,1475900,0.0,0.0
2019-01-28 00:00:00+09:00,1160.825929540149,1162.5305197450537,1151.4506834131726,1152.302978515625,1092400,0.0,0.0
2019-01-29 00:00:00+09:00,1154.0075667472945,1165.0874030602301,1148.8937961413242,1161.67822265625,1266000,0.0,0.0
2019-01-30 00:00:00+09:00,1156.5643312348652,1162.5303963186116,1151.4505611630823,1154.8597412109375,1518200,0.0,0.0
2019-01-31 00:00:00+09:00,1165.9397012560364,1166.7919963592938,1147.189208984375,1147.189208984375,1584800,0.0,0.0
2019-02-01 00:00:00+09:00,1142.0753204649245,1142.9276154801967,1104.5743397929418,1113.9495849609375,3362000,0.0,0.0
2019-02-04 00:00:00+09:00,1119.0633550525715,1125.88171517475,1106.2789298234866,1113.9495849609375,1808600,0.0,0.0
2019-02-05 00:00:00+09:00,1124.1771227413788,1145.4844980776445,1120.7679426875761,1136.1092529296875,1562700,0.0,0.0
2019-02-06 00:00:00+09:00,1136.10937445178,1138.666259765625,1128.4387185102453,1138.666259765625,1351400,0.0,0.0
2019-02-07 00:00:00+09:00,1134.4046637313245,1137.8138437876169,1124.177123562447,1128.4385986328125,1393200,0.0,0.0
2019-02-08 00:00:00+09:00,1127.5863034347603,1135.2569585601668,1122.472533351156,1130.1431884765625,1515800,0.0,0.0
2019-02-12 00:00:00+09:00,1142.9277352887,1144.63232549793,1126.7341283010153,1138.666259765625,1833700,0.0,0.0
2019-02-13 00:00:00+09:00,1137.8139672445277,1142.0754427772788,1121.6203602200737,1126.734130859375,1610000,0.0,0.0
2019-02-14 00:00:00+09:00,1120.7679444288374,1131.8477796209095,1112.2449942810895,1119.9156494140625,1681700,0.0,0.0
2019-02-15 00:00:00+09:00,1116.5064693549634,1119.9156494140625,1103.7220441333416,1119.9156494140625,1471300,0.0,0.0
2019-02-18 00:00:00+09:00,1128.4385990027224,1134.40466410319,1122.472533902255,1125.0294189453125,1065700,0.0,0.0
2019-02-19 00:00:00+09:00,1127.58630315983,1137.813843324545,1126.7340081461036,1132.7000732421875,841500,0.0,0.0
2019-02-20 00:00:00+09:00,1142.075440000935,1142.9277351054134,1130.995603642717,1139.5185546875,1636700,0.0,0.0
2019-02-21 00:00:00+09:00,1142.0753186716393,1145.4844987273755,1126.7340084208263,1130.1431884765625,1599100,0.0,0.0
2019-02-22 00:00:00+09:00,1129.2908941099734,1133.5523691820863,1121.6202389801697,1124.1771240234375,1167600,0.0,0.0
2019-02-25 00:00:00+09:00,1125.8818348336238,1136.1093761038762,1118.2111788809343,1130.99560546875,1369100,0.0,0.0
2019-02-26 00:00:00+09:00,1131.84765625,1141.222900390625,1126.73388671875,1137.813720703125,1302600,0.0,0.0
2019-02-27 00:00:00+09:00,1137.8138429565888,1148.893678131447,1135.2569579162368,1136.1092529296875,2211600,0.0,0.0
2019-02-28 00:00:00+09:00,1135.2569587453975,1138.66613880169,1125.881713590593,1128.4385986328125,1830600,0.0,0.0
2019-03-01 00:00:00+09:00,1136.9615482186912,1141.2230232869772,1126.734008054805,1133.5523681640625,1353400,0.0,0.0
2019-03-04 00:00:00+09:00,1130.9956090151352,1130.9956090151352,1113.949706844598,1114.802001953125,1822200,0.0,0.0
2019-03-05 00:00:00+09:00,1115.6541752727485,1119.9156503501845,1111.3927001953125,1111.3927001953125,1566600,0.0,0.0
2019-03-06 00:00:00+09:00,1107.9833984375,1113.09716796875,1099.46044921875,1104.57421875,1829700,0.0,0.0
2019-03-07 00:00:00+09:00,1104.5743402577766,1113.9495854297174,1102.0174552108836,1109.6881103515625,1553100,0.0,0.0
2019-03-08 00:00:00+09:00,1104.5744667172805,1108.8359422833194,1085.8239742267094,1087.528564453125,2165900,0.0,0.0
2019-03-11 00:00:00+09:00,1095.1990944415763,1117.3587648349467,1094.3467994264468,1115.6541748046875,789700,0.0,0.0
2019-03-12 00:00:00+09:00,1123.32470703125,1134.404541015625,1120.767822265625,1127.586181640625,789800,0.0,0.0
2019-03-13 00:00:00+09:00,1119.91577019067,1133.55249189771,1116.50658976391,1125.8818359375,674200,0.0,0.0
2019-03-14 00:00:00+09:00,1133.55224609375,1134.404541015625,1125.881591796875,1127.586181640625,471600,0.0,0.0
2019-03-15 00:00:00+09:00,1126.73388671875,1137.813720703125,1126.73388671875,1137.813720703125,2128700,0.0,0.0
2019-03-18 00:00:00+09:00,1137.8138422272616,1143.7799073175918,1132.7000721498357,1142.9276123046875,774600,0.0,0.0
2019-03-19 00:00:00+09:00,1138.666015625,1143.77978515625,1131.84765625,1141.222900390625,670300,0.0,0.0
2019-03-20 00:00:00+09:00,1143.780153563355,1148.0416295453347,1133.5526112066036,1136.9617919921875,1455800,0.0,0.0
2019-03-22 00:00:00+09:00,1133.5523687172513,1134.4046637313245,1122.4725335343007,1128.4385986328125,1806100,0.0,0.0
2019-03-25 00:00:00+09:00,1125.8818357528248,1139.518557457628,1122.472655326624,1126.734130859375,1571800,0.0,0.0
2019-03-26 00:00:00+09:00,1139.5185535967748,1151.45068504805,1136.9616682857873,1144.63232421875,1120900,0.0,0.0
2019-03-27 00:00:00+09:00,1148.9417275265141,1149.803649302603,1129.1175266764692,1140.322509765625,1124400,15.0,0.0
2019-03-28 00:00:00+09:00,1136.8748445619483,1140.3225317327199,1131.703313805791,1135.1510009765625,839300,0.0,0.0
2019-03-29 00:00:00+09:00,1133.427235166262,1139.4606881291245,1123.9460947960501,1126.5318603515625,1130500,0.0,0.0
2019-04-01 00:00:00+09:00,1136.8748226612693,1144.6321186460696,1132.5652137808247,1140.322509765625,669000,0.0,0.0
2019-04-02 00:00:00+09:00,1141.184571437572,1144.6322589645738,1121.360368157312,1122.2222900390625,1129500,0.0,0.0
2019-04-03 00:00:00+09:00,1126.5319114353347,1127.3938333262568,1109.2934736168904,1110.1553955078125,860600,0.0,0.0
2019-04-04 00:00:00+09:00,1107.5694462500612,1110.1552114942247,1092.9167765331342,1100.674072265625,1296600,0.0,0.0
2019-04-05 00:00:00+09:00,1104.1219257630391,1116.1888320555313,1103.260003885004,1109.29345703125,1288900,0.0,0.0
2019-04-08 00:00:00+09:00,1110.1554679900291,1115.3269996732124,1105.845858254043,1107.5697021484375,797200,0.0,0.0
2019-04-09 00:00:00+09:00,1098.9503452403799,1099.812267079784,1084.2976739705082,1087.745361328125,1077200,0.0,0.0
2019-04-10 00:00:00+09:00,1089.4692273959993,1094.6407585387017,1079.1261651105942,1082.5738525390625,910500,0.0,0.0
2019-04-11 00:00:00+09:00,1077.4022658537585,1080.8499531044906,1061.0257514127813,1067.0592041015625,1472400,0.0,0.0
2019-04-12 00:00:00+09:00,1073.0927353650818,1074.8165791166723,1058.4400634765625,1058.4400634765625,1740300,0.0,0.0
2019-04-15 00:00:00+09:00,1067.059165506524,1073.9545397585855,1065.3353219435087,1071.3687744140625,1110000,0.0,0.0
2019-04-16 00:00:00+09:00,1069.6449636364218,1069.6449636364218,1053.2684492858239,1054.13037109375,1325000,0.0,0.0
2019-04-17 00:00:00+09:00,1040.3396722112614,1041.2015940606493,1014.4820167296226,1018.7916259765625,4142800,0.0,0.0
2019-04-18 00:00:00+09:00,1017.0679353967644,1018.7917793550639,993.7960419597198,998.1056518554688,2989100,0.0,0.0
2019-04-19 00:00:00+09:00,998.1054574983017,998.1054574983017,983.4527867060123,991.2100830078125,2563300,0.0,0.0
2019-04-22 00:00:00+09:00,983.4527921100927,986.9004793742823,976.5574175817134,985.1766357421875,1610500,0.0,0.0
2019-04-23 00:00:00+09:00,990.3483048079851,1004.1390557887751,986.9006170627875,995.5198364257812,1697900,0.0,0.0
2019-04-24 00:00:00+09:00,986.9005192786291,987.7624411295275,926.5659897157435,942.9425048828125,9210000,0.0,0.0
2019-04-25 00:00:00+09:00,951.561644379621,960.1808621729147,923.9801474410813,932.599365234375,6537100,0.0,0.0
2019-04-26 00:00:00+09:00,930.8755603673397,933.4613258128046,918.8086549551706,928.289794921875,3918500,0.0,0.0
2019-05-07 00:00:00+09:00,938.6328112415432,941.2185765617678,911.0513144924804,919.6705322265625,3992800,0.0,0.0
2019-05-08 00:00:00+09:00,913.6372339803555,928.2899066007951,913.6372339803555,921.39453125,2583000,0.0,0.0
2019-05-09 00:00:00+09:00,913.6371517364443,915.3609954189659,897.2606367524892,898.12255859375,3461900,0.0,0.0
2019-05-10 00:00:00+09:00,898.9844803189733,911.9133079362165,896.3987147955247,907.6036987304688,2142500,0.0,0.0
2019-05-13 00:00:00+09:00,884.3317704363567,897.2605974895198,876.5744742044589,883.4698486328125,3050000,0.0,0.0
2019-05-14 00:00:00+09:00,875.7125301585478,880.8840608484605,870.5409994686352,879.1602172851562,1965500,0.0,0.0
2019-05-15 00:00:00+09:00,875.7126298876232,880.0222392866764,870.5410986087593,874.8507080078125,2005100,0.0,0.0
2019-05-16 00:00:00+09:00,871.4030414806999,890.3653232933362,870.5411195801255,888.6414794921875,1378600,0.0,0.0
2019-05-17 00:00:00+09:00,905.8798666631201,905.8798666631201,881.7460548014956,886.0556640625,2136900,0.0,0.0
2019-05-20 00:00:00+09:00,879.1602727338425,886.9175692579646,874.8506635537747,885.1937255859375,1432000,0.0,0.0
2019-05-21 00:00:00+09:00,892.0891723632812,897.2607037972713,886.9176409292912,892.0891723632812,1785000,0.0,0.0
2019-05-22 00:00:00+09:00,893.8129438866999,902.432162246263,890.3652565428747,894.6748657226562,1330400,0.0,0.0
2019-05-23 00:00:00+09:00,893.8130145546617,914.4991402531301,893.8130145546617,911.0514526367188,1797300,0.0,0.0
2019-05-24 00:00:00+09:00,911.9132637131382,920.5324817066462,910.1894201144366,917.9467163085938,1652600,0.0,0.0
2019-05-27 00:00:00+09:00,923.9802572364631,939.4948511079709,922.2564134729623,935.1852416992188,1455200,0.0,0.0
2019-05-28 00:00:00+09:00,942.0805942105329,948.1140472384137,934.3232974604005,940.3567504882812,3875100,0.0,0.0
2019-05-29 00:00:00+09:00,923.9800857843137,932.599303002451,914.4989468443628,923.1181640625,1894400,0.0,0.0
2019-05-30 00:00:00+09:00,913.6370682468721,920.5324423468485,910.1893811968838,912.775146484375,1189200,0.0,0.0
2019-05-31 00:00:00+09:00,904.155886182598,926.5658509497549,903.2939644607843,923.1181640625,1476300,0.0,0.0
2019-06-03 00:00:00+09:00,918.808709626708,934.3233032226562,916.2229440273834,934.3233032226562,1358000,0.0,0.0
2019-06-04 00:00:00+09:00,944.666387776917,945.5283096635746,933.461403250366,938.6329345703125,1237200,0.0,0.0
2019-06-05 00:00:00+09:00,941.2184829501351,942.0804046378184,931.7373443856192,936.9088745117188,1455700,0.0,0.0
2019-06-06 00:00:00+09:00,931.7375210438848,942.080583257138,930.013677341676,933.4613647460938,1170300,0.0,0.0
2019-06-07 00:00:00+09:00,931.7374821824948,931.7374821824948,923.1182640309453,928.289794921875,1004300,0.0,0.0
2019-06-10 00:00:00+09:00,934.3231819884418,946.3900865528682,930.0135732154324,943.8043212890625,1174900,0.0,0.0
2019-06-11 00:00:00+09:00,948.1139468450616,951.5616339244982,942.0804944560476,944.666259765625,1048900,0.0,0.0
2019-06-12 00:00:00+09:00,950.6996953258775,953.2854605896832,940.356634270655,943.8043212890625,924800,0.0,0.0
2019-06-13 00:00:00+09:00,945.5280913885515,948.9757781392846,932.5992660733024,936.9088745117188,1003600,0.0,0.0
2019-06-14 00:00:00+09:00,935.1850753418868,940.356605712441,928.2897015144812,936.0469970703125,1172400,0.0,0.0
2019-06-17 00:00:00+09:00,933.4613876485914,936.0471532653464,917.9467939480608,918.8087158203125,1567700,0.0,0.0
2019-06-18 00:00:00+09:00,917.0848165031608,917.0848165031608,900.7083019227472,903.2940673828125,1349000,0.0,0.0
2019-06-19 00:00:00+09:00,902.4320687941207,917.9466602347073,899.8463035540229,911.9132080078125,1251700,0.0,0.0
2019-06-20 00:00:00+09:00,914.4990015861132,928.2897499606446,914.4990015861132,919.6705322265625,990200,0.0,0.0
2019-06-21 00:00:00+09:00,923.1182360702686,927.427845015508,911.9132528126463,920.532470703125,2260100,0.0,0.0
2019-06-24 00:00:00+09:00,924.8422189253976,926.5660627630964,915.3610778180542,921.39453125,478800,0.0,0.0
2019-06-25 00:00:00+09:00,923.1181907149029,930.0135646884969,911.0512862611133,911.9132080078125,1359600,0.0,0.0
2019-06-26 00:00:00+09:00,903.2941063563638,905.0179500707843,894.6748877842612,898.9844970703125,1376400,0.0,0.0
2019-06-27 00:00:00+09:00,895.5368208078237,898.9845082796537,888.6414458641639,896.3987426757812,1148000,0.0,0.0
2019-06-28 00:00:00+09:00,896.3986165672259,911.9132080078125,896.3986165672259,911.9132080078125,1531300,0.0,0.0
2019-07-01 00:00:00+09:00,919.6706812975575,929.1518223418622,914.4991498188458,927.427978515625,1056500,0.0,0.0
2019-07-02 00:00:00+09:00,931.7376825053086,931.7376825053086,926.5661505025039,929.1519165039062,770300,0.0,0.0
2019-07-03 00:00:00+09:00,930.8756100158971,940.3567504882812,927.4279225713939,940.3567504882812,1057200,0.0,0.0
2019-07-04 00:00:00+09:00,942.9425322185941,952.4236728533332,939.4948447150526,950.6998291015625,887900,0.0,0.0
2019-07-05 00:00:00+09:00,950.6998241648954,951.5617460363052,935.1852304795209,937.77099609375,1216600,0.0,0.0
2019-07-08 00:00:00+09:00,930.0136108398438,935.1851415766732,924.8420801030142,930.0136108398438,785300,0.0,0.0
2019-07-09 00:00:00+09:00,924.8422355295342,931.7376110041253,919.6707039235908,922.2564697265625,1210500,0.0,0.0
2019-07-10 00:00:00+09:00,917.9467053359814,924.8420796483643,910.1894092345506,920.532470703125,1462500,0.0,0.0
2019-07-11 00:00:00+09:00,921.3944752260327,939.4948344213055,921.3944752260327,934.3233032226562,1137000,0.0,0.0
2019-07-12 00:00:00+09:00,933.461403250366,938.6329345703125,930.0137157037349,938.6329345703125,568400,0.0,0.0
2019-07-16 00:00:00+09:00,930.875503496813,932.5993470218071,912.775146484375,912.775146484375,1418100,0.0,0.0
2019-07-17 00:00:00+09:00,905.0178775823823,911.0513300995982,897.2605814888191,901.5701904296875,1348200,0.0,0.0
2019-07-18 00:00:00+09:00,901.5702007118098,902.4321225098134,877.4363903677078,880.0221557617188,1590800,0.0,0.0
2019-07-19 00:00:00+09:00,884.3318311772291,898.1225809811625,878.2983781380083,892.9510498046875,1704700,0.0,0.0
2019-07-22 00:00:00+09:00,886.9176083917488,891.227217761971,879.1603115253486,880.8841552734375,1073200,0.0,0.0
2019-07-23 00:00:00+09:00,881.745999357726,885.1936865497405,875.7125467717005,880.0221557617188,845400,0.0,0.0
2019-07-24 00:00:00+09:00,875.7126240291708,880.8841552734375,873.1268584070374,880.8841552734375,1024000,0.0,0.0
2019-07-25 00:00:00+09:00,877.4364619871386,887.7795244074192,877.4364619871386,886.9176025390625,913000,0.0,0.0
2019-07-26 00:00:00+09:00,888.6414847406212,894.6749380802763,887.7795628349562,892.0891723632812,779100,0.0,0.0
2019-07-29 00:00:00+09:00,892.0890507597769,902.4321122178612,891.2271289716032,901.5701904296875,965900,0.0,0.0
2019-07-30 00:00:00+09:00,908.4656480117482,916.2229448164026,904.1560386758291,915.3610229492188,1469900,0.0,0.0
2019-07-31 00:00:00+09:00,920.5325369795273,934.3232865971981,917.0848495751096,933.4613647460938,1562200,0.0,0.0
2019-08-01 00:00:00+09:00,889.5032310267857,910.1893526785715,888.6413092912946,905.017822265625,1543500,0.0,0.0
2019-08-02 00:00:00+09:00,894.674816124298,910.1894083114245,894.674816124298,901.5701904296875,1176900,0.0,0.0
2019-08-05 00:00:00+09:00,892.0891991977034,899.8464965820312,883.4699798817835,899.8464965820312,1159100,0.0,0.0
2019-08-06 00:00:00+09:00,874.8507605658637,900.7084185136232,873.1269167026798,899.8464965820312,1312300,0.0,0.0
2019-08-07 00:00:00+09:00,898.9845459792788,916.2229840613359,896.3987802669702,911.0514526367188,965000,0.0,0.0
2019-08-08 00:00:00+09:00,909.3275929136139,909.3275929136139,892.0891551332611,900.7083740234375,894500,0.0,0.0
2019-08-09 00:00:00+09:00,899.8464965820312,906.7418720347671,898.9845746504393,899.8464965820312,705000,0.0,0.0
2019-08-13 00:00:00+09:00,889.5033740138821,892.0891396360155,870.541092784904,880.8841552734375,1673500,0.0,0.0
2019-08-14 00:00:00+09:00,880.8840105174917,883.4697757147054,873.9886366582549,876.5744018554688,770000,0.0,0.0
2019-08-15 00:00:00+09:00,873.9887527227402,883.4698930382729,872.264909029007,882.6079711914062,1028200,0.0,0.0
2019-08-16 00:00:00+09:00,880.0221614186357,885.1936922399009,876.5744742044589,883.4698486328125,447000,0.0,0.0
2019-08-19 00:00:00+09:00,892.0891333359938,898.9845082796537,891.2272114680363,896.3987426757812,651900,0.0,0.0
2019-08-20 00:00:00+09:00,898.1224808486808,899.8463243819796,892.9509502487842,897.2605590820312,604000,0.0,0.0
2019-08-21 00:00:00+09:00,897.26062005793,897.26062005793,883.4698708543499,887.7794799804688,806800,0.0,0.0
2019-08-22 00:00:00+09:00,891.2272451939107,891.2272451939107,880.8841823870181,888.6414794921875,736800,0.0,0.0
2019-08-23 00:00:00+09:00,880.8841823870181,890.3653232933362,880.8841823870181,888.6414794921875,637900,0.0,0.0
2019-08-26 00:00:00+09:00,880.0222110970939,888.6414296191026,877.4364455404913,886.0556640625,909300,0.0,0.0
2019-08-27 00:00:00+09:00,892.0890666682546,892.9509884717988,883.4698486328125,883.4698486328125,1129100,0.0,0.0
2019-08-28 00:00:00+09:00,883.4699093144833,894.6748935301792,882.6079874517375,892.9510498046875,1014400,0.0,0.0
2019-08-29 00:00:00+09:00,882.6079766536965,887.7795077669017,879.160289244893,886.0556640625,1151700,0.0,0.0
2019-08-30 00:00:00+09:00,893.8129438285719,905.0179276952753,886.0556473054695,904.156005859375,1275800,0.0,0.0
2019-09-02 00:00:00+09:00,896.398726051191,898.1225697551356,890.3652730873849,895.5368041992188,632600,0.0,0.0
2019-09-03 00:00:00+09:00,892.9510386433019,898.1225697551356,889.5033512354127,895.5368041992188,773000,0.0,0.0
2019-09-04 00:00:00+09:00,893.8130430608874,903.2941843083992,891.2272772661114,899.8464965820312,829900,0.0,0.0
2019-09-05 00:00:00+09:00,895.5368208078237,905.0179613553561,893.8129770719088,896.3987426757812,870600,0.0,0.0
2019-09-06 00:00:00+09:00,892.9510729249724,893.8129948100352,876.5745571087808,878.2984008789062,1489900,0.0,0.0
2019-09-09 00:00:00+09:00,872.2648039748212,879.1601779192862,868.8171170025887,873.9886474609375,1677000,0.0,0.0
2019-09-10 00:00:00+09:00,875.7126298876232,879.1603174068657,871.4030204885698,874.8507080078125,982100,0.0,0.0
2019-09-11 00:00:00+09:00,884.331809019431,908.4656205716183,883.4698871782815,907.6036987304688,1939600,0.0,0.0
2019-09-12 00:00:00+09:00,913.6371621706919,937.7709740016159,911.0513966173786,933.4613647460938,1987800,0.0,0.0
2019-09-13 00:00:00+09:00,936.9089472522475,943.8043212890625,933.4612602338399,943.8043212890625,1965900,0.0,0.0
2019-09-17 00:00:00+09:00,937.7708690068494,951.5616170804794,931.7374167246362,943.8043212890625,1010900,0.0,0.0
2019-09-18 00:00:00+09:00,942.9424271509392,948.113957830012,934.3232093524846,942.0805053710938,1372600,0.0,0.0
2019-09-19 00:00:00+09:00,945.5281323971955,962.7665668985118,945.5281323971955,951.5615844726562,1623700,0.0,0.0
2019-09-20 00:00:00+09:00,957.5951538085938,957.5951538085938,943.804404518821,948.114013671875,2009400,0.0,0.0
2019-09-24 00:00:00+09:00,952.4235563614182,964.4904611478976,950.6997128204924,954.1473999023438,1292000,0.0,0.0
2019-09-25 00:00:00+09:00,953.2854124442465,962.7665512660247,951.561569022105,960.1807861328125,1451100,0.0,0.0
2019-09-26 00:00:00+09:00,965.3524333200636,965.3524333200636,941.218622487062,947.2520751953125,1502300,0.0,0.0
2019-09-27 00:00:00+09:00,945.4962576631108,947.2520538704704,919.1593145527178,929.694091796875,1764000,20.0,0.0
2019-09-30 00:00:00+09:00,916.5256089154412,918.281405101103,895.4560546875,895.4560546875,1997300,0.0,0.0
2019-10-01 00:00:00+09:00,907.7465997023809,929.6940513392857,905.1129055059523,921.79296875,1245700,0.0,0.0
2019-10-02 00:00:00+09:00,920.9151850235539,942.8626393854117,920.9151850235539,941.9847412109375,1133800,0.0,0.0
2019-10-03 00:00:00+09:00,926.1825349277124,934.0836181640625,917.4035535539899,934.0836181640625,1158200,0.0,0.0
2019-10-04 00:00:00+09:00,929.6942232879553,941.9847984777866,922.6710374651946,938.4732055664062,1254600,0.0,0.0
2019-10-07 00:00:00+09:00,941.1067735842136,944.6183660229607,923.5488113904782,934.9614868164062,916000,0.0,0.0
2019-10-08 00:00:00+09:00,937.5951428476488,938.4730409214762,927.0603659617202,928.816162109375,817800,0.0,0.0
2019-10-09 00:00:00+09:00,923.548898930379,934.9615754380737,923.548898930379,932.327880859375,873200,0.0,0.0
2019-10-10 00:00:00+09:00,934.0837030473924,937.5952959159916,920.9152297901453,927.9384155273438,785800,0.0,0.0
2019-10-11 00:00:00+09:00,931.4499865562339,938.4731721287596,928.8162919665367,935.8394775390625,571500,0.0,0.0
2019-10-15 00:00:00+09:00,946.3741770718692,955.1531583063022,943.7404827015393,947.2520751953125,1041400,0.0,0.0
2019-10-16 00:00:00+09:00,952.5195885586805,961.2985709417098,942.8627079373483,949.0079956054688,1700800,0.0,0.0
2019-10-17 00:00:00+09:00,950.7637527807435,957.7869383968524,941.1068725585938,941.1068725585938,1037700,0.0,0.0
2019-10-18 00:00:00+09:00,946.3741749769687,952.5194618274685,940.2288881264689,945.4962768554688,1380000,0.0,0.0
2019-10-21 00:00:00+09:00,950.7637348790323,958.6648185483871,948.1300403225807,952.51953125,867300,0.0,0.0
2019-10-23 00:00:00+09:00,958.6646661073463,964.8099524285473,948.1298895567162,953.3972778320312,1493700,0.0,0.0
2019-10-24 00:00:00+09:00,956.9089082960459,962.1762967820791,955.1531121340348,959.5426025390625,1320700,0.0,0.0
2019-10-25 00:00:00+09:00,956.9089082960459,962.1762967820791,951.6415198100126,959.5426025390625,1005200,0.0,0.0
2019-10-28 00:00:00+09:00,953.3974628448486,963.0543432235718,952.5195646286011,955.1532592773438,712800,0.0,0.0
2019-10-29 00:00:00+09:00,952.5195193046292,956.0311120025265,940.2289448619888,941.9847412109375,1000200,0.0,0.0
2019-10-30 00:00:00+09:00,949.0078587196873,955.1531455014059,932.3277945978796,936.71728515625,1781300,0.0,0.0
2019-10-31 00:00:00+09:00,945.4962516968,954.2752326782002,934.9614745191197,949.8857421875,1293400,0.0,0.0
2019-11-01 00:00:00+09:00,867.3634129293458,903.3572387695312,856.8286346346574,903.3572387695312,4803300,0.0,0.0
2019-11-05 00:00:00+09:00,891.0665744167942,895.4560649311626,867.3633256392046,878.7760009765625,4119000,0.0,0.0
2019-11-06 00:00:00+09:00,877.020257586799,877.020257586799,869.9970723408586,871.7528686523438,2366000,0.0,0.0
2019-11-07 00:00:00+09:00,872.6307586205188,874.3865549155298,864.7296752929688,864.7296752929688,2376900,0.0,0.0
2019-11-08 00:00:00+09:00,866.4854674733014,866.4854674733014,861.2180786132812,861.2180786132812,1519400,0.0,0.0
2019-11-11 00:00:00+09:00,861.2180533573545,865.6075439453125,859.4622571221714,865.6075439453125,1700000,0.0,0.0
2019-11-12 00:00:00+09:00,861.218108134367,866.4854971749442,859.4623117875079,860.3402099609375,1566500,0.0,0.0
2019-11-13 00:00:00+09:00,864.7296649639424,864.7296649639424,855.95068359375,855.95068359375,1396600,0.0,0.0
2019-11-14 00:00:00+09:00,851.5612339199525,855.0728266371482,838.3927612304688,838.3927612304688,2232100,0.0,0.0
2019-11-15 00:00:00+09:00,836.6368997375296,846.2937789580047,833.1253072937204,834.881103515625,2073100,0.0,0.0
2019-11-18 00:00:00+09:00,837.5147935812929,838.3926916877722,826.1021181970614,831.3695068359375,1636200,0.0,0.0
2019-11-19 00:00:00+09:00,827.8579333704761,829.6137296236478,819.0789521046174,821.712646484375,1922900,0.0,0.0
2019-11-20 00:00:00+09:00,821.7126359383437,822.5905340536625,808.5441642085626,812.9336547851562,2562700,0.0,0.0
2019-11-21 00:00:00+09:00,819.0789644265477,832.2474365234375,816.4452700071697,832.2474365234375,2184200,0.0,0.0
2019-11-22 00:00:00+09:00,828.7358439642669,839.2706216417788,827.8579458244743,832.2474365234375,1849700,0.0,0.0
2019-11-25 00:00:00+09:00,829.6137891383986,847.1717529296875,826.9800945697053,847.1717529296875,1343400,0.0,0.0
2019-11-26 00:00:00+09:00,850.6833078786575,850.6833078786575,839.2706319215652,841.0264282226562,2245400,0.0,0.0
2019-11-27 00:00:00+09:00,839.2706108211609,850.6832864913231,839.2706108211609,848.927490234375,1448400,0.0,0.0
2019-11-28 00:00:00+09:00,850.6832885742188,852.4390848354658,844.5380016598539,850.6832885742188,1088600,0.0,0.0
2019-11-29 00:00:00+09:00,855.0728048110899,859.462295595541,846.2938232421875,846.2938232421875,3946900,0.0,0.0
2019-12-02 00:00:00+09:00,853.317046144841,864.7297226879305,851.5612497535965,852.4391479492188,1433400,0.0,0.0
2019-12-03 00:00:00+09:00,842.7822521269633,844.5380484855611,836.6369648718709,838.3927612304688,1563100,0.0,0.0
2019-12-04 00:00:00+09:00,838.3927296892401,843.660118566869,835.7590352504258,837.5148315429688,1509900,0.0,0.0
2019-12-05 00:00:00+09:00,838.392702299973,844.5379891231142,834.0032117120152,840.1484985351562,1330600,0.0,0.0
2019-12-06 00:00:00+09:00,841.0264497682593,845.4159406334381,832.2474680379017,833.1253662109375,1539300,0.0,0.0
2019-12-09 00:00:00+09:00,831.3695738273053,836.636962890625,827.8579811184254,836.636962890625,1654600,0.0,0.0
2019-12-10 00:00:00+09:00,838.3927409942137,838.3927409942137,820.8347778320312,820.8347778320312,1952800,0.0,0.0
2019-12-11 00:00:00+09:00,817.3231931910915,828.7358693580992,814.6894986910128,827.8579711914062,1502800,0.0,0.0
2019-12-12 00:00:00+09:00,834.0032223699444,836.6369167563759,822.5905466954083,823.4684448242188,1430300,0.0,0.0
2019-12-13 00:00:00+09:00,834.8811309428155,840.1485197815714,826.1021495448889,832.2474365234375,2469100,0.0,0.0
2019-12-16 00:00:00+09:00,838.3927126926868,849.805388362849,834.0032220503167,848.927490234375,1745900,0.0,0.0
2019-12-17 00:00:00+09:00,854.194864245879,862.9738453789302,849.8053736793534,862.095947265625,2110000,0.0,0.0
2019-12-18 00:00:00+09:00,862.0960339767784,862.0960339767784,854.1949501623272,857.70654296875,1398400,0.0,0.0
2019-12-19 00:00:00+09:00,855.0728366357674,858.5844293940253,846.293854740123,847.1717529296875,975200,0.0,0.0
2019-12-20 00:00:00+09:00,853.3170023302943,853.3170023302943,839.2706319215652,841.0264282226562,1641400,0.0,0.0
2019-12-23 00:00:00+09:00,839.2706195597416,839.2706195597416,829.613740045979,830.4916381835938,1048800,0.0,0.0
2019-12-24 00:00:00+09:00,828.73583984375,832.2474323854608,826.9800435728946,828.73583984375,843800,0.0,0.0
2019-12-25 00:00:00+09:00,827.8579354682712,828.7358335970816,823.4684448242188,823.4684448242188,739800,0.0,0.0
2019-12-26 00:00:00+09:00,824.3463573295529,835.759033203125,823.4684591854319,835.759033203125,1269400,0.0,0.0
2019-12-27 00:00:00+09:00,839.2706004175647,843.6600910055226,836.6369060647899,840.1484985351562,863100,0.0,0.0
2019-12-30 00:00:00+09:00,834.8812199668279,837.5149146670387,829.6138305664062,829.6138305664062,785100,0.0,0.0
2020-01-06 00:00:00+09:00,825.2242368906417,832.2474218854557,817.323153771476,819.9568481445312,1270000,0.0,0.0
2020-01-07 00:00:00+09:00,819.9569980772942,826.9801843563288,817.3233032226562,817.3233032226562,1542100,0.0,0.0
2020-01-08 00:00:00+09:00,809.4221389720259,809.4221389720259,798.0094623921601,799.7652587890625,2138600,0.0,0.0
2020-01-09 00:00:00+09:00,799.7652607277477,807.6663445329614,797.1315661260097,801.5210571289062,1685400,0.0,0.0
2020-01-10 00:00:00+09:00,798.0094187169404,798.8873168673441,788.3525390625,788.3525390625,2340900,0.0,0.0
2020-01-14 00:00:00+09:00,788.3525053738216,793.6198940511523,783.9630148093794,785.7188110351562,2036000,0.0,0.0
2020-01-15 00:00:00+09:00,788.3525924168276,790.1083888364642,780.451508528463,781.3294067382812,1767400,0.0,0.0
2020-01-16 00:00:00+09:00,790.9863041949168,798.0094900257262,787.474711279512,797.131591796875,1987400,0.0,0.0
2020-01-17 00:00:00+09:00,787.474761077336,799.7653370584761,783.9631679398674,786.5968627929688,2638100,0.0,0.0
2020-01-20 00:00:00+09:00,790.108433507424,799.7653143614037,790.108433507424,794.4979248046875,1161500,0.0,0.0
2020-01-21 00:00:00+09:00,793.619936103063,798.0094269000932,791.8641397842508,795.375732421875,949600,0.0,0.0
2020-01-22 00:00:00+09:00,793.6198961817169,794.4977942969621,786.5967112597547,787.474609375,1144600,0.0,0.0
2020-01-23 00:00:00+09:00,782.2072773727297,786.5967682670772,776.9398882995126,783.9630737304688,1822700,0.0,0.0
2020-01-24 00:00:00+09:00,785.7188600429997,788.3525545459371,775.18408203125,775.18408203125,1859500,0.0,0.0
2020-01-27 00:00:00+09:00,772.550324560159,773.42822265625,768.1608340797035,773.42822265625,1754700,0.0,0.0
2020-01-28 00:00:00+09:00,772.5504227371903,783.963099436717,769.0388299065668,779.5736083984375,1932200,0.0,0.0
2020-01-29 00:00:00+09:00,779.5735263377926,790.1083037207358,778.6956282225474,787.474609375,1585200,0.0,0.0
2020-01-30 00:00:00+09:00,785.7188131445095,789.2304056054905,778.6956282225474,787.474609375,1575600,0.0,0.0
2020-01-31 00:00:00+09:00,793.6199300130208,797.131522623698,790.1083374023438,790.1083374023438,1494000,0.0,0.0
2020-02-03 00:00:00+09:00,772.5504683183702,798.0095178424983,771.6725700589175,794.4979248046875,1694000,0.0,0.0
2020-02-04 00:00:00+09:00,794.497840279027,806.7884146037854,791.8641457808645,800.6431274414062,1715000,0.0,0.0
2020-02-05 00:00:00+09:00,798.0094719802905,810.3000469062797,797.1315737712913,808.5442504882812,1407000,0.0,0.0
2020-02-06 00:00:00+09:00,811.1778960887259,824.3463684278286,811.1778960887259,819.0789794921875,1806800,0.0,0.0
2020-02-07 00:00:00+09:00,817.3232325782734,818.2011307872726,805.0326576522843,808.5442504882812,1034300,0.0,0.0
2020-02-10 00:00:00+09:00,803.2768199208018,803.2768199208018,796.2536346100189,798.8873291015625,1099400,0.0,0.0
2020-02-12 00:00:00+09:00,796.2536441901672,796.2536441901672,780.4514770507812,780.4514770507812,1831200,0.0,0.0
2020-02-13 00:00:00+09:00,776.0619060459421,776.9398041297045,764.6492309570312,764.6492309570312,3146200,0.0,0.0
2020-02-14 00:00:00+09:00,761.1377544425126,763.7714490945629,750.6029758343118,759.3819580078125,3065600,0.0,0.0
2020-02-17 00:00:00+09:00,757.6260754815464,767.2829547750539,755.8702792463632,763.7713623046875,1216800,0.0,0.0
2020-02-18 00:00:00+09:00,764.649347311913,767.2830419639631,759.3819580078125,759.3819580078125,847200,0.0,0.0
2020-02-19 00:00:00+09:00,762.893487499321,766.4050800769934,756.7482004883944,757.6260986328125,1075800,0.0,0.0
2020-02-20 00:00:00+09:00,755.8702919927599,761.1376807871346,747.0913106688022,748.8471069335938,1486200,0.0,0.0
2020-02-21 00:00:00+09:00,748.8470165243752,754.1144046828116,747.091220471563,749.7249145507812,1206400,0.0,0.0
2020-02-25 00:00:00+09:00,732.1671065729987,734.8008012009591,721.632328061157,725.1439208984375,2146000,0.0,0.0
2020-02-26 00:00:00+09:00,716.364940698596,729.5334138732026,713.7312460636747,726.8997192382812,2047200,0.0,0.0
2020-02-27 00:00:00+09:00,715.4869594526646,719.8764500014539,704.9521821355701,707.5858764648438,2132500,0.0,0.0
2020-02-28 00:00:00+09:00,687.3943166903522,696.1732990235623,682.1269272904261,686.5164184570312,2816800,0.0,0.0
2020-03-02 00:00:00+09:00,670.7142175716062,694.4174687161525,665.4468284283737,683.8826904296875,2512000,0.0,0.0
2020-03-03 00:00:00+09:00,697.0511200448949,713.7311846303521,695.2953237727415,699.684814453125,3069400,0.0,0.0
2020-03-04 00:00:00+09:00,695.2953667534723,722.5102106541764,692.6616721824364,711.0975341796875,2527400,0.0,0.0
2020-03-05 00:00:00+09:00,724.266064976907,745.3356232307807,719.8765736740166,736.556640625,3127500,0.0,0.0
2020-03-06 00:00:00+09:00,726.8996755775498,726.8996755775498,707.585916081528,715.4869995117188,2187800,0.0,0.0
2020-03-09 00:00:00+09:00,697.9290838860845,700.5627785422585,671.5921373243456,675.9816284179688,2189400,0.0,0.0
2020-03-10 00:00:00+09:00,662.8131242412275,685.6384768641041,644.3772625073655,675.1036987304688,3116500,0.0,0.0
2020-03-11 00:00:00+09:00,675.981581551688,693.5395447088747,674.2257852359694,688.2721557617188,2296000,0.0,0.0
2020-03-12 00:00:00+09:00,668.9584292457217,669.8363274468317,647.8888724190848,663.6910400390625,3014600,0.0,0.0
2020-03-13 00:00:00+09:00,619.7961150305227,644.3772640685605,602.2381514319244,622.4298095703125,3884600,0.0,0.0
2020-03-16 00:00:00+09:00,619.7961463605855,641.7436019682549,610.1392658932109,623.3077392578125,2057000,0.0,0.0
2020-03-17 00:00:00+09:00,615.4065878924769,700.5627063312362,612.772893507773,694.4174194335938,3275200,0.0,0.0
2020-03-18 00:00:00+09:00,702.3185404918546,726.8996894090695,690.0279660332471,700.562744140625,3146300,0.0,0.0
2020-03-19 00:00:00+09:00,721.6322281208444,762.8934382445423,715.4869415066767,742.7017822265625,3855200,0.0,0.0
2020-03-23 00:00:00+09:00,763.7713835712925,769.9166705655442,739.1902355942854,755.8703002929688,3161300,0.0,0.0
2020-03-24 00:00:00+09:00,754.9924698971106,754.9924698971106,719.8765410646868,733.9229125976562,2865100,0.0,0.0
2020-03-25 00:00:00+09:00,744.4576244465012,759.3818928611126,721.632272753566,755.8703002929688,2871400,0.0,0.0
2020-03-26 00:00:00+09:00,743.5797844599234,762.0156468845496,729.5334130887796,754.1145629882812,2439300,0.0,0.0
2020-03-27 00:00:00+09:00,766.4049995583249,790.9861450195312,763.7713054017671,790.9861450195312,3365900,0.0,0.0
2020-03-30 00:00:00+09:00,784.7368801876449,797.2355335694732,766.8816610707474,793.6644897460938,2146000,15.0,0.0
2020-03-31 00:00:00+09:00,782.951414329959,797.235590646127,760.6323888359465,775.809326171875,2559900,0.0,0.0
2020-04-01 00:00:00+09:00,765.0961888059356,776.7020819850222,743.6699244753144,754.383056640625,2301700,0.0,0.0
2020-04-02 00:00:00+09:00,740.9915803417156,760.6323210254719,740.0988194015449,750.8119506835938,1523400,0.0,0.0
2020-04-03 00:00:00+09:00,767.7744114805192,782.0585865778312,752.5974754396252,759.7395629882812,2029100,0.0,0.0
2020-04-06 00:00:00+09:00,761.5251516980842,788.3079823556956,758.8468686323231,783.8441772460938,1680600,0.0,0.0
2020-04-07 00:00:00+09:00,779.3803108946918,789.2006813641552,769.5599404252283,782.05859375,1524100,0.0,0.0
2020-04-08 00:00:00+09:00,784.7368766053082,795.4500080265411,781.1658327982306,782.05859375,1812900,0.0,0.0
2020-04-09 00:00:00+09:00,787.4152819446682,790.0935652165888,765.989015769303,779.3804321289062,1455200,0.0,0.0
2020-04-10 00:00:00+09:00,785.6297013566301,795.450072623588,775.8093300896722,792.7717895507812,1350200,0.0,0.0
2020-04-13 00:00:00+09:00,787.4152213337752,792.7717874652975,778.4876111145715,783.8441772460938,1021000,0.0,0.0
2020-04-14 00:00:00+09:00,789.20068359375,791.8789664566248,782.951356913709,789.20068359375,1031600,0.0,0.0
2020-04-15 00:00:00+09:00,782.0585973201104,793.6644897460938,775.8092706291962,793.6644897460938,1608700,0.0,0.0
2020-04-16 00:00:00+09:00,790.0935106938429,812.4125364196576,788.3079886357776,811.519775390625,1785500,0.0,0.0
2020-04-17 00:00:00+09:00,821.3401473195929,826.6967134977641,808.84149290386,814.1980590820312,1637700,0.0,0.0
2020-04-20 00:00:00+09:00,805.2703849274802,812.4124725986774,798.1282972562831,802.5921020507812,1237500,0.0,0.0
2020-04-21 00:00:00+09:00,793.6644869686123,797.2355307794946,782.0585945832445,784.7368774414062,1843500,0.0,0.0
2020-04-22 00:00:00+09:00,782.9513518793754,786.52239567358,769.5599376511078,773.1309814453125,1706700,0.0,0.0
2020-04-23 00:00:00+09:00,776.7020898935747,789.2007442137011,776.7020898935747,787.4152221679688,1423000,0.0,0.0
2020-04-24 00:00:00+09:00,781.1658350051259,792.7717274109164,780.2730740508343,789.20068359375,2112500,0.0,0.0
2020-04-27 00:00:00+09:00,782.9513547017694,786.522398508847,776.7020280393835,782.05859375,1423900,0.0,0.0
2020-04-28 00:00:00+09:00,776.7020266474867,782.9513532986733,771.3454609464695,777.5947875976562,1307100,0.0,0.0
2020-04-30 00:00:00+09:00,769.5600573057866,780.273190354127,760.6324464321696,761.5252075195312,2276700,0.0,0.0
2020-05-01 00:00:00+09:00,757.0613428869913,775.809324255655,756.1685818694359,767.7744750976562,1855300,0.0,0.0
2020-05-07 00:00:00+09:00,759.7396187096149,761.5251407277339,734.7423104559496,738.3133544921875,2142900,0.0,0.0
2020-05-08 00:00:00+09:00,746.3482711018505,774.9166259765625,742.7772267425115,774.9166259765625,1583500,0.0,0.0
2020-05-11 00:00:00+09:00,775.809264290966,776.7020252395172,770.452698599659,773.1309814453125,998500,0.0,0.0
2020-05-12 00:00:00+09:00,776.702148156232,779.3804314257362,770.4528205273888,774.9166259765625,733200,0.0,0.0
2020-05-13 00:00:00+09:00,769.5600590171152,776.7021477318913,765.9890146597273,772.2383422851562,973400,0.0,0.0
2020-05-14 00:00:00+09:00,773.1309780147651,782.9513484052529,762.4178466796875,762.4178466796875,1023100,0.0,0.0
2020-05-15 00:00:00+09:00,763.3106700098792,773.1310412029887,758.8468649221021,767.7744750976562,812600,0.0,0.0
2020-05-18 00:00:00+09:00,777.5949078184185,778.4876689066142,760.632447142701,765.989013671875,967200,0.0,0.0
2020-05-19 00:00:00+09:00,775.8093856420272,777.5949078184185,765.0962525836793,765.989013671875,1013100,0.0,0.0
2020-05-20 00:00:00+09:00,771.3455206531142,774.9165647302119,765.9889545374676,774.0238037109375,1004000,0.0,0.0
2020-05-21 00:00:00+09:00,768.6671727140184,768.6671727140184,758.8468023309125,760.63232421875,983400,0.0,0.0
2020-05-22 00:00:00+09:00,763.3106667783838,765.0961888059356,748.1337295441938,754.383056640625,1101600,0.0,0.0
2020-05-25 00:00:00+09:00,761.5250877176566,769.5599362398827,757.9540439300005,768.6671752929688,809600,0.0,0.0
2020-05-26 00:00:00+09:00,774.023804132354,777.594848211396,764.2034329149885,775.809326171875,893000,0.0,0.0
2020-05-27 00:00:00+09:00,790.9862155872933,823.1256103515625,790.0934546216191,823.1256103515625,2753100,0.0,0.0
2020-05-28 00:00:00+09:00,818.661865831458,825.8039540829866,813.3052996428116,821.3401489257812,1523900,0.0,0.0
2020-05-29 00:00:00+09:00,814.197993687221,820.4473203931536,799.0210574013846,799.913818359375,2831500,0.0,0.0
2020-06-01 00:00:00+09:00,809.7341950824393,822.2328485897757,804.3776292935809,820.4473266601562,859600,0.0,0.0
2020-06-02 00:00:00+09:00,825.8038932485849,828.4821761456074,816.8762835918435,823.1256103515625,1278300,0.0,0.0
2020-06-03 00:00:00+09:00,829.3748701823995,829.3748701823995,803.4848042671254,808.8413696289062,1594600,0.0,0.0
2020-06-04 00:00:00+09:00,814.1980580726295,816.8763411583948,804.377686758157,809.7342529296875,1047100,0.0,0.0
2020-06-05 00:00:00+09:00,797.2355376387064,815.9835178071419,795.450015717903,807.055908203125,1372000,0.0,0.0
2020-06-08 00:00:00+09:00,815.0906995733797,818.6617431640625,806.1630905966723,818.6617431640625,1107200,0.0,0.0
2020-06-09 00:00:00+09:00,821.3400288328497,832.9459205446182,817.7689852292286,826.6965942382812,995600,0.0,0.0
2020-06-10 00:00:00+09:00,830.2677602407094,832.0532823057432,821.3401499155406,825.803955078125,1145900,0.0,0.0
2020-06-11 00:00:00+09:00,825.8038950941663,832.0532218678519,821.3400902558194,829.3749389648438,1277800,0.0,0.0
2020-06-12 00:00:00+09:00,826.696590231597,826.696590231597,812.4124158863426,815.9834594726562,1324200,0.0,0.0
2020-06-15 00:00:00+09:00,812.4124739655351,823.1256054903554,807.055908203125,807.055908203125,968100,0.0,0.0
2020-06-16 00:00:00+09:00,815.9836417714929,815.9836417714929,799.9139420429515,810.6270751953125,1467200,0.0,0.0
2020-06-17 00:00:00+09:00,815.0908199105121,824.9111912347352,808.8414927041883,813.3052978515625,1327200,0.0,0.0
2020-06-18 00:00:00+09:00,814.1980572570599,819.5546234232247,804.3776859524243,806.1632080078125,1466000,0.0,0.0
2020-06-19 00:00:00+09:00,804.3776839065125,807.9487280082062,794.5573126268547,797.235595703125,2115600,0.0,0.0
2020-06-22 00:00:00+09:00,795.4500715832478,806.1632038604632,788.3079833984375,788.3079833984375,1087500,0.0,0.0
2020-06-23 00:00:00+09:00,793.6644902941085,803.4848608151831,784.7368807294954,795.4500122070312,947400,0.0,0.0
2020-06-24 00:00:00+09:00,786.522520854028,790.9863263072291,774.9166266757052,779.3804321289062,1218100,0.0,0.0
2020-06-25 00:00:00+09:00,782.0586552022529,785.6296992899345,776.7020890707307,783.8441772460938,752600,0.0,0.0
2020-06-26 00:00:00+09:00,787.4152213337752,787.4152213337752,774.9165670268899,783.8441772460938,1260900,0.0,0.0
2020-06-29 00:00:00+09:00,787.4151630551796,799.021055481163,781.1658363642655,793.6644897460938,1249500,0.0,0.0
2020-06-30 00:00:00+09:00,803.4849860259842,814.1981191729973,799.9139416436465,807.9487915039062,1368300,0.0,0.0
2020-07-01 00:00:00+09:00,806.163139447774,806.163139447774,776.7020280393835,782.05859375,1800700,0.0,0.0
2020-07-02 00:00:00+09:00,789.2006822050093,791.8789650631711,777.5947898196415,784.7368774414062,1824800,0.0,0.0
2020-07-03 00:00:00+09:00,787.41522175182,793.6645489085805,779.3803725502709,785.6296997070312,836800,0.0,0.0
2020-07-06 00:00:00+09:00,785.629702775838,800.8066402158257,784.7369417499564,799.0211181640625,804700,0.0,0.0
2020-07-07 00:00:00+09:00,794.5572479213329,796.3427698267741,784.7368774414062,784.7368774414062,1013900,0.0,0.0
2020-07-08 00:00:00+09:00,789.2007448358052,806.1632042836335,788.3079838122352,790.093505859375,1067600,0.0,0.0
2020-07-09 00:00:00+09:00,790.986330290327,810.6270743833148,786.5225248146479,805.2705078125,1325200,0.0,0.0
2020-07-10 00:00:00+09:00,801.6994008302422,806.1632059573593,797.235595703125,797.235595703125,967700,0.0,0.0
2020-07-13 00:00:00+09:00,810.6270143615925,813.3052974486902,806.1632092164295,811.519775390625,892700,0.0,0.0
2020-07-14 00:00:00+09:00,809.7341875104122,809.7341875104122,795.4500122070312,795.4500122070312,1024700,0.0,0.0
2020-07-15 00:00:00+09:00,812.4124818593582,840.0880719007209,811.519720890282,833.8387451171875,2980900,0.0,0.0
2020-07-16 00:00:00+09:00,842.7662874011723,846.3373309918553,816.8762213687211,818.6617431640625,1949200,0.0,0.0
2020-07-17 00:00:00+09:00,827.5894771431588,832.0532823057432,823.1256719805743,825.803955078125,924000,0.0,0.0
2020-07-20 00:00:00+09:00,829.3749410492889,836.5170288085938,821.3400923200708,836.5170288085938,722600,0.0,0.0
2020-07-21 00:00:00+09:00,834.731561730163,834.731561730163,808.8414919010991,809.7342529296875,1206500,0.0,0.0
2020-07-22 00:00:00+09:00,818.6618644321604,827.5894747313116,815.0908203125,815.0908203125,853300,0.0,0.0
2020-07-27 00:00:00+09:00,808.8414966161218,831.1605224609375,803.4849304133661,831.1605224609375,903000,0.0,0.0
2020-07-28 00:00:00+09:00,821.3402083476734,825.8040138278238,809.7343140992824,810.6270751953125,908400,0.0,0.0
2020-07-29 00:00:00+09:00,821.3401473195929,829.3749965868498,811.5197759929456,814.1980590820312,1193600,0.0,0.0
2020-07-30 00:00:00+09:00,814.1980580726295,820.4473852727484,809.7342529296875,809.7342529296875,1064900,0.0,0.0
2020-07-31 00:00:00+09:00,807.0559026795814,813.3052293596224,788.3079226394584,789.20068359375,1375500,0.0,0.0
2020-08-03 00:00:00+09:00,814.1980622390221,828.4822387695312,805.2704519074538,828.4822387695312,1661900,0.0,0.0
2020-08-04 00:00:00+09:00,829.3750003933523,835.6243276299007,820.447390055426,831.1605224609375,1187800,0.0,0.0
2020-08-05 00:00:00+09:00,820.4473266601562,820.4473266601562,803.4848683287711,820.4473266601562,1073600,0.0,0.0
2020-08-06 00:00:00+09:00,817.7689812658131,822.232785748705,812.4124158863426,815.9834594726562,544000,0.0,0.0
2020-08-07 00:00:00+09:00,819.5545646292264,823.1256084838201,811.5197159563909,816.8762817382812,678900,0.0,0.0
2020-08-11 00:00:00+09:00,821.3400933390343,840.0880737304688,819.5545713969929,840.0880737304688,1319800,0.0,0.0
2020-08-12 00:00:00+09:00,835.6242160204774,864.1925652861348,835.6242160204774,862.4070434570312,1486400,0.0,0.0
2020-08-13 00:00:00+09:00,865.0854490295915,865.0854490295915,845.4447061207669,864.1926879882812,1102000,0.0,0.0
2020-08-14 00:00:00+09:00,864.1925646516792,864.1925646516792,853.4794336849228,860.6215209960938,757000,0.0,0.0
2020-08-17 00:00:00+09:00,856.1578355676988,859.7288797202231,849.9085083007812,849.9085083007812,564800,0.0,0.0
2020-08-18 00:00:00+09:00,845.4447033012526,854.3723136845816,840.9808981095881,850.80126953125,572100,0.0,0.0
2020-08-19 00:00:00+09:00,844.5518819301134,856.1577745993433,844.5518819301134,851.6939697265625,379300,0.0,0.0
2020-08-20 00:00:00+09:00,849.0157449275889,852.5867890702917,839.1953735351562,839.1953735351562,736100,0.0,0.0
2020-08-21 00:00:00+09:00,840.0880745063394,847.230162281101,838.3025525626489,842.766357421875,589000,0.0,0.0
2020-08-24 00:00:00+09:00,847.2301604475513,848.1229214174643,834.7315068687675,836.5170288085938,527700,0.0,0.0
2020-08-25 00:00:00+09:00,845.444579755529,847.2301015712746,836.5169706768012,844.5518188476562,762600,0.0,0.0
2020-08-26 00:00:00+09:00,838.3026741148933,843.6592407226562,835.624390811012,843.6592407226562,366400,0.0,0.0
2020-08-27 00:00:00+09:00,839.1953721613745,840.980894229803,832.0532838876608,832.946044921875,533200,0.0,0.0
2020-08-28 00:00:00+09:00,834.7315063476562,848.122920887993,831.1604624702331,834.7315063476562,807400,0.0,0.0
2020-08-31 00:00:00+09:00,838.3025512695312,852.5867267970207,837.4097902990632,838.3025512695312,1041100,0.0,0.0
2020-09-01 00:00:00+09:00,838.3024924925468,844.5518188476562,835.6242097689284,844.5518188476562,699500,0.0,0.0
2020-09-02 00:00:00+09:00,840.0880770573326,851.6939697265625,836.5170331591081,851.6939697265625,1118800,0.0,0.0
2020-09-03 00:00:00+09:00,861.5142796754587,865.085323321782,854.3721923828125,854.3721923828125,829000,0.0,0.0
2020-09-04 00:00:00+09:00,853.4794916756748,860.621579472124,845.4446429046695,851.6939697265625,790100,0.0,0.0
2020-09-07 00:00:00+09:00,855.2649497421297,857.0504715578752,841.8735361240379,844.5518188476562,595200,0.0,0.0
2020-09-08 00:00:00+09:00,845.4447007848861,845.4447007848861,832.0532852497506,839.1953735351562,730000,0.0,0.0
2020-09-09 00:00:00+09:00,841.8737189055495,847.2302855157651,832.9461078885236,846.3375244140625,1027500,0.0,0.0
2020-09-10 00:00:00+09:00,841.873659147921,852.5867916079158,839.1953760329224,850.80126953125,695900,0.0,0.0
2020-09-11 00:00:00+09:00,855.264956140617,866.8708480297902,850.8011515678579,862.4070434570312,1174700,0.0,0.0
2020-09-14 00:00:00+09:00,869.5492577828172,887.4044786818483,869.5492577828172,881.1551513671875,1107800,0.0,0.0
2020-09-15 00:00:00+09:00,881.1550883370109,881.1550883370109,870.4419565639165,874.0130004882812,717400,0.0,0.0
2020-09-16 00:00:00+09:00,871.3347772674717,871.3347772674717,863.2999278869315,868.656494140625,921900,0.0,0.0
2020-09-17 00:00:00+09:00,868.6564926226522,874.9058199077073,856.157838052542,861.514404296875,1075500,0.0,0.0
2020-09-18 00:00:00+09:00,864.1926284570714,873.1202382551816,858.8360625782052,869.5491943359375,2351400,0.0,0.0
2020-09-23 00:00:00+09:00,865.9782104492188,866.870971490919,854.3723169071159,865.9782104492188,1280200,0.0,0.0
2020-09-24 00:00:00+09:00,859.7288818359375,865.9782091182341,855.2650766342971,859.7288818359375,1137800,0.0,0.0
2020-09-25 00:00:00+09:00,870.4420162251895,877.5841045634475,864.1926889292138,868.656494140625,1729000,0.0,0.0
2020-09-28 00:00:00+09:00,874.9057627111916,879.3695676229834,861.5143479758162,878.476806640625,1454000,0.0,0.0
2020-09-29 00:00:00+09:00,874.3866161805465,881.6580225521103,858.9348776409735,876.2044677734375,1258500,17.5,0.0
2020-09-30 00:00:00+09:00,876.2043990211924,884.3847305473239,869.8419189453125,869.8419189453125,1655700,0.0,0.0
2020-10-02 00:00:00+09:00,878.9313054160467,878.9313054160467,852.5724555121528,858.9349365234375,1311800,0.0,0.0
2020-10-05 00:00:00+09:00,868.9330807008605,887.1115970335145,867.115229067595,878.0223388671875,1177400,0.0,0.0
2020-10-06 00:00:00+09:00,877.1134517709004,883.4759327682023,874.3866742006282,881.6580810546875,652800,0.0,0.0
2020-10-07 00:00:00+09:00,875.2955614172894,880.7491163170855,867.115229067595,878.0223388671875,914700,0.0,0.0
2020-10-08 00:00:00+09:00,882.5670166015625,888.020571801984,878.9313131346147,882.5670166015625,1032800,0.0,0.0
2020-10-09 00:00:00+09:00,883.4759161110479,883.4759161110479,870.7509543563621,874.3866577148438,811100,0.0,0.0
2020-10-12 00:00:00+09:00,871.6598537000754,874.3866311360506,861.6616697681663,866.206298828125,861300,0.0,0.0
2020-10-13 00:00:00+09:00,868.9331180480251,869.842043903724,862.5706370581337,864.3884887695312,993100,0.0,0.0
2020-10-14 00:00:00+09:00,859.84384294431,864.3884721353477,853.4813620768574,857.1170654296875,725400,0.0,0.0
2020-10-15 00:00:00+09:00,847.1188673136437,854.3902739000268,843.483164020452,844.39208984375,845200,0.0,0.0
2020-10-16 00:00:00+09:00,848.0278028918851,854.3902837281586,844.3920995568717,845.301025390625,739600,0.0,0.0
2020-10-19 00:00:00+09:00,854.3902562082949,860.7527368396333,851.6634787948641,859.8438110351562,1132000,0.0,0.0
2020-10-20 00:00:00+09:00,858.9349030165164,860.7527546631122,833.4849799641752,844.39208984375,1491200,0.0,0.0
2020-10-21 00:00:00+09:00,840.7563280826787,844.3920311230363,834.393847762053,838.9384765625,1498700,0.0,0.0
2020-10-22 00:00:00+09:00,828.9403275274185,831.6671049206008,808.0350341796875,808.0350341796875,2117800,0.0,0.0
2020-10-23 00:00:00+09:00,813.4886252601633,826.2135869960764,808.0350702304862,817.1243286132812,955300,0.0,0.0
2020-10-26 00:00:00+09:00,811.6707516286856,820.760009765625,810.7618258149917,820.760009765625,569700,0.0,0.0
2020-10-27 00:00:00+09:00,820.7599927848944,820.7599927848944,808.0350316564463,813.4885864257812,625800,0.0,0.0
2020-10-28 00:00:00+09:00,808.9439282609743,813.4885570714291,803.4903736884283,810.7617797851562,592000,0.0,0.0
2020-10-29 00:00:00+09:00,803.4903930390974,812.5796508789062,799.8546899031738,812.5796508789062,1046600,0.0,0.0
2020-10-30 00:00:00+09:00,808.9439552341967,809.8528810265947,793.4922167634311,796.218994140625,1067000,0.0,0.0
2020-11-02 00:00:00+09:00,802.5815689639647,843.4832344264544,802.5815689639647,828.031494140625,1588900,0.0,0.0
2020-11-04 00:00:00+09:00,832.5759535047744,834.3938049316406,818.0331420898438,818.0331420898438,1206400,0.0,0.0
2020-11-05 00:00:00+09:00,817.1242993899754,818.9421510015214,803.4904123033796,814.3975219726562,1234100,0.0,0.0
2020-11-06 00:00:00+09:00,811.6706620958116,825.304547797309,810.7617363823784,818.0331420898438,1067200,0.0,0.0
2020-11-09 00:00:00+09:00,827.1225324455032,828.9403841651637,815.3064962677104,818.9421997070312,1277800,0.0,0.0
2020-11-10 00:00:00+09:00,828.0314110260844,838.0295949133367,825.3046336022882,831.6671142578125,1460700,0.0,0.0
2020-11-11 00:00:00+09:00,845.3010059225148,849.8456349866143,837.1206736071356,843.483154296875,1450600,0.0,0.0
2020-11-12 00:00:00+09:00,842.5741720407811,846.2098750485083,829.8492115137359,832.5759887695312,1104700,0.0,0.0
2020-11-13 00:00:00+09:00,830.7581176757812,832.5759691367786,819.8510089097972,830.7581176757812,1033300,0.0,0.0
2020-11-16 00:00:00+09:00,839.8474510455953,849.8456349866143,833.4849703558559,843.483154296875,1099300,0.0,0.0
2020-11-17 00:00:00+09:00,848.9367109900921,860.7527465820312,843.4831561015048,860.7527465820312,1387100,0.0,0.0
2020-11-18 00:00:00+09:00,858.9348852306794,865.2973658620177,851.6634787948641,859.8438110351562,1009800,0.0,0.0
2020-11-19 00:00:00+09:00,856.2081123169073,871.6598510742188,849.8456316521319,871.6598510742188,1444800,0.0,0.0
2020-11-20 00:00:00+09:00,864.3884400575408,874.3866239067869,858.9348852306794,859.8438110351562,1202000,0.0,0.0
2020-11-24 00:00:00+09:00,870.7509599866365,874.3866633686266,861.6617015316612,863.4795532226562,1010300,0.0,0.0
2020-11-25 00:00:00+09:00,868.024171234459,868.9330970682124,842.574247889365,845.301025390625,1286300,0.0,0.0
2020-11-26 00:00:00+09:00,844.3920235446448,847.1188008004401,831.6670630175995,832.5759887695312,971100,0.0,0.0
2020-11-27 00:00:00+09:00,838.029565376148,840.756342703836,826.2135302894994,828.9403076171875,1841700,0.0,0.0
2020-11-30 00:00:00+09:00,820.760040525681,821.6689663734393,795.3101167884506,800.763671875,3022500,0.0,0.0
2020-12-01 00:00:00+09:00,802.5815068230733,806.2172101382401,782.5851385896558,793.4922485351562,2156500,0.0,0.0
2020-12-02 00:00:00+09:00,802.5814772331852,805.3082546190284,783.4940355322827,790.7654418945312,1888200,0.0,0.0
2020-12-03 00:00:00+09:00,795.310080667314,800.7636355061755,787.1297484090215,791.6743774414062,1314600,0.0,0.0
2020-12-04 00:00:00+09:00,794.4011012188122,798.9457299443203,791.6743239835074,798.0368041992188,1040300,0.0,0.0
2020-12-07 00:00:00+09:00,798.0368832401006,800.7636607454767,781.6762182078434,782.5851440429688,1675500,0.0,0.0
2020-12-08 00:00:00+09:00,779.8583471367051,784.4029761992733,777.1315696991642,780.7672729492188,851000,0.0,0.0
2020-12-09 00:00:00+09:00,775.3136520205378,778.0404292257683,765.3154689346927,768.951171875,2190500,0.0,0.0
2020-12-10 00:00:00+09:00,774.4047348265767,798.0368041992188,774.4047348265767,798.0368041992188,2498400,0.0,0.0
2020-12-11 00:00:00+09:00,789.8564724933042,798.0368041992188,783.4939922775928,798.0368041992188,1384100,0.0,0.0
2020-12-14 00:00:00+09:00,788.9475489625144,798.036806439041,788.9475489625144,792.583251953125,1268000,0.0,0.0
2020-12-15 00:00:00+09:00,795.3101029445555,798.9458062723021,785.3119187932525,788.0386962890625,1145400,0.0,0.0
2020-12-16 00:00:00+09:00,798.9458062723021,798.9458062723021,788.0386962890625,788.0386962890625,978700,0.0,0.0
2020-12-17 00:00:00+09:00,781.6761022083274,794.4010620117188,779.858250807843,794.4010620117188,936600,0.0,0.0
2020-12-18 00:00:00+09:00,793.4921903054276,810.7617797851562,792.5832645433366,810.7617797851562,2061200,0.0,0.0
2020-12-21 00:00:00+09:00,806.2171949153571,814.3975272200225,800.7636400455802,803.4904174804688,1512800,0.0,0.0
2020-12-22 00:00:00+09:00,793.4921777007777,798.036806439041,788.9475489625144,792.583251953125,1317500,0.0,0.0
2020-12-23 00:00:00+09:00,793.4921754737106,798.0368041992188,791.6743239835074,798.0368041992188,1076300,0.0,0.0
2020-12-24 00:00:00+09:00,798.9458201794836,808.9440045048241,797.127968483967,800.763671875,1234600,0.0,0.0
2020-12-25 00:00:00+09:00,807.1261596679688,810.7618630898966,800.7636786795952,807.1261596679688,524100,0.0,0.0
2020-12-28 00:00:00+09:00,806.2171509747013,812.5796313093382,805.3082252126103,810.7617797851562,1075100,0.0,0.0
2020-12-29 00:00:00+09:00,811.6707542530004,817.1243091527966,808.9439768031023,815.3064575195312,849500,0.0,0.0
2020-12-30 00:00:00+09:00,809.8529372344146,816.2154182227882,807.1261596679688,807.1261596679688,1000700,0.0,0.0
2021-01-04 00:00:00+09:00,816.2154027750017,818.0332544515608,807.1261443922067,817.1243286132812,839800,0.0,0.0
2021-01-05 00:00:00+09:00,812.5796994218838,817.1243286132812,806.2172185539272,817.1243286132812,962100,0.0,0.0
2021-01-06 00:00:00+09:00,809.8528639849494,838.0295629563675,809.8528639849494,834.3938598632812,1451500,0.0,0.0
2021-01-07 00:00:00+09:00,847.1188549229623,854.3902614029878,841.6653000629433,848.9367065429688,1477800,0.0,0.0
2021-01-08 00:00:00+09:00,829.849264532902,848.9367065429688,829.849264532902,848.9367065429688,1351200,0.0,0.0
2021-01-12 00:00:00+09:00,858.0260246916539,889.8384302681452,852.5724694499696,888.9295043945312,1825400,0.0,0.0
2021-01-13 00:00:00+09:00,886.2026218569117,888.929399154933,867.1151807707629,873.4776611328125,1910200,0.0,0.0
2021-01-14 00:00:00+09:00,875.2955297700391,887.1115649590428,871.6598266349611,880.7490844726562,1273500,0.0,0.0
2021-01-15 00:00:00+09:00,874.3866311360506,878.0223343840175,864.3884472041415,866.206298828125,1229600,0.0,0.0
2021-01-18 00:00:00+09:00,871.6598096007983,880.7490672608692,868.02410653677,873.4776611328125,698600,0.0,0.0
2021-01-19 00:00:00+09:00,877.1134716230251,904.381247942912,871.6599163590478,900.7455444335938,1968700,0.0,0.0
2021-01-20 00:00:00+09:00,895.291957433075,905.2901417292819,888.929476517307,903.4722900390625,1143100,0.0,0.0
2021-01-21 00:00:00+09:00,901.6544703109233,911.6526549615485,893.4741374149572,900.7455444335938,1750200,0.0,0.0
2021-01-22 00:00:00+09:00,898.01871031499,914.3793750778137,895.2919328545195,912.5615234375,1384100,0.0,0.0
2021-01-25 00:00:00+09:00,918.0150992044588,941.6471710651676,913.4704700004763,931.6489868164062,1555600,0.0,0.0
2021-01-26 00:00:00+09:00,932.5579490010155,964.3703546686914,923.4686902388223,958.0078735351562,2321100,0.0,0.0
2021-01-27 00:00:00+09:00,963.4614082919893,970.7328151470232,935.284706728733,938.92041015625,2018000,0.0,0.0
2021-01-28 00:00:00+09:00,930.7400899805448,941.6472004100043,923.4686830275717,934.3757934570312,4671900,0.0,0.0
2021-01-29 00:00:00+09:00,924.3775220935927,930.7400025799793,878.0223071213477,880.7490844726562,2231900,0.0,0.0
2021-02-01 00:00:00+09:00,839.8474023225893,842.5741796028575,823.4867386409804,838.9384765625,2759300,0.0,0.0
2021-02-02 00:00:00+09:00,836.2117360657006,838.0295876658435,825.3046264648438,825.3046264648438,1901600,0.0,0.0
2021-02-03 00:00:00+09:00,836.2116992822318,840.7563280826787,831.6670704817849,838.9384765625,1535300,0.0,0.0
2021-02-04 00:00:00+09:00,834.3938865291262,851.6634767731931,834.3938865291262,842.57421875,1296300,0.0,0.0
2021-02-05 00:00:00+09:00,844.3920703546387,847.1188477615966,838.9385155407228,842.57421875,1417400,0.0,0.0
2021-02-08 00:00:00+09:00,847.1188812094049,860.7527687825176,845.3010295329898,857.1170654296875,1252800,0.0,0.0
2021-02-09 00:00:00+09:00,863.4795213921498,869.842002076092,858.9348923321911,866.206298828125,1315800,0.0,0.0
2021-02-10 00:00:00+09:00,863.4795066232008,880.7490967556648,860.7527292338644,876.2044677734375,1172200,0.0,0.0
2021-02-12 00:00:00+09:00,876.2045150596217,879.8402184416118,859.843849840666,863.4795532226562,1100300,0.0,0.0
2021-02-15 00:00:00+09:00,863.4795365060211,865.2973881618232,850.754574915406,856.2081298828125,973400,0.0,0.0
2021-02-16 00:00:00+09:00,857.1170906811027,861.661720006029,847.1189061662648,848.02783203125,973500,0.0,0.0
2021-02-17 00:00:00+09:00,853.4813648659493,858.9349199130161,850.754587342416,851.6635131835938,835100,0.0,0.0
2021-02-18 00:00:00+09:00,861.6616723967959,863.479524026325,855.299191693444,860.7527465820312,1170600,0.0,0.0
2021-02-19 00:00:00+09:00,863.4795321330059,866.2063096028996,840.7563865505584,844.39208984375,1082700,0.0,0.0
2021-02-22 00:00:00+09:00,848.0278028918851,857.1170612294187,845.301025390625,845.301025390625,1058900,0.0,0.0
2021-02-24 00:00:00+09:00,844.3920703546387,846.2099219592773,833.4849607268069,842.57421875,1312900,0.0,0.0
2021-02-25 00:00:00+09:00,845.3009961569579,850.7545509708739,838.9385155407228,842.57421875,925000,0.0,0.0
2021-02-26 00:00:00+09:00,843.4831497609289,844.392075568861,829.8492626419484,831.6671142578125,1961700,0.0,0.0
2021-03-01 00:00:00+09:00,833.4849773223388,849.8456420898438,832.5760515019217,849.8456420898438,1118700,0.0,0.0
2021-03-02 00:00:00+09:00,851.6635062268986,853.4813578944053,837.1206928868447,845.301025390625,1729900,0.0,0.0
2021-03-03 00:00:00+09:00,848.9367109900921,860.7527465820312,848.0277851753276,860.7527465820312,2066500,0.0,0.0
2021-03-04 00:00:00+09:00,851.6634839729783,852.5724097829815,841.6653000629433,848.9367065429688,1700300,0.0,0.0
2021-03-05 00:00:00+09:00,854.3902658786794,860.7527465820312,848.0277851753276,860.7527465820312,1543300,0.0,0.0
2021-03-08 00:00:00+09:00,868.9331480456937,903.4723317546229,867.1152962715395,901.6544799804688,2180500,0.0,0.0
2021-03-09 00:00:00+09:00,901.6543844420079,933.4667871188932,897.109755488167,932.557861328125,2427600,0.0,0.0
2021-03-10 00:00:00+09:00,921.6507902571299,942.5560843162167,915.2883094565383,936.193603515625,2618100,0.0,0.0
2021-03-11 00:00:00+09:00,936.1935214438001,963.461293913037,930.7399669499528,962.5523681640625,2603000,0.0,0.0
2021-03-12 00:00:00+09:00,951.6453692350856,953.463220943271,926.1954453204893,944.3739624023438,2020300,0.0,0.0
2021-03-15 00:00:00+09:00,954.3720918543198,973.4595336914062,953.4631660525538,973.4595336914062,1670400,0.0,0.0
2021-03-16 00:00:00+09:00,972.5505785995655,985.2755394410551,965.2791724044286,970.7327270507812,1507100,0.0,0.0
2021-03-17 00:00:00+09:00,964.3703774861691,974.3685623611435,958.0078962020946,971.6417846679688,1143200,0.0,0.0
2021-03-18 00:00:00+09:00,968.9149473975687,993.4559451271506,966.1881698720596,988.9113159179688,1801100,0.0,0.0
2021-03-19 00:00:00+09:00,994.3648778627997,995.2738037109375,972.5506575074915,995.2738037109375,2932100,0.0,0.0
2021-03-22 00:00:00+09:00,994.364850364431,1019.8147734084932,991.6380728954243,1009.8165893554688,1639000,0.0,0.0
2021-03-23 00:00:00+09:00,1009.8165626595112,1025.26830124206,1000.7273046697766,1001.63623046875,1068900,0.0,0.0
2021-03-24 00:00:00+09:00,1004.3630523960594,1006.1809040746043,988.9113131284278,994.3648681640625,1401100,0.0,0.0
2021-03-25 00:00:00+09:00,1007.0898257378471,1024.359416612413,1001.6362707248263,1022.5415649414062,1730400,0.0,0.0
2021-03-26 00:00:00+09:00,1022.5415428303533,1030.721875172996,1017.9969137511072,1026.17724609375,2063600,0.0,0.0
2021-03-29 00:00:00+09:00,1037.0843783094617,1044.3557849934896,1009.8166032443576,1022.5415649414062,2656300,0.0,0.0
2021-03-30 00:00:00+09:00,1023.9265229813889,1030.3895398081424,1012.8470655640971,1023.0032348632812,1437500,17.5,0.0
2021-03-31 00:00:00+09:00,1009.1538789071443,1020.2333359491257,998.9977099519946,1008.2305908203125,1532300,0.0,0.0
2021-04-01 00:00:00+09:00,1003.6141949365096,1004.5374830643261,974.9922629741989,979.6087036132812,1309200,0.0,0.0
2021-04-02 00:00:00+09:00,986.0716422822537,986.9949303368252,958.3730006451118,962.9894409179688,1336300,0.0,0.0
2021-04-05 00:00:00+09:00,967.6058590965126,973.1455872974468,957.4496907281332,971.2990112304688,1081600,0.0,0.0
2021-04-06 00:00:00+09:00,974.9922192429493,977.7620835021622,959.2963217740761,965.7593383789062,1474300,0.0,0.0
2021-04-07 00:00:00+09:00,962.9895214681607,978.6854197087731,961.1429452045593,973.1456909179688,1454300,0.0,0.0
2021-04-08 00:00:00+09:00,977.7620441138803,981.455196310722,954.6798428836187,957.44970703125,1574500,0.0,0.0
2021-04-09 00:00:00+09:00,969.4524351634907,976.838739431403,962.9894189290675,971.2990112304688,1303400,0.0,0.0
2021-04-12 00:00:00+09:00,974.0689841216465,985.1484417609448,973.1456959850383,978.6854248046875,822200,0.0,0.0
2021-04-13 00:00:00+09:00,991.6113610980154,993.4579371894456,960.219567543702,963.9127197265625,1337000,0.0,0.0
2021-04-14 00:00:00+09:00,956.5264693692835,958.3730455649771,935.2908431188072,946.3703002929688,1219800,0.0,0.0
2021-04-15 00:00:00+09:00,946.3702910127695,954.679883811906,942.6771386575978,947.2935791015625,857700,0.0,0.0
2021-04-16 00:00:00+09:00,953.7565809169549,954.6798689914147,938.9839717255984,942.6771240234375,735700,0.0,0.0
2021-04-19 00:00:00+09:00,938.983988828261,938.983988828261,926.0579555503891,928.8278198242188,1115100,0.0,0.0
2021-04-20 00:00:00+09:00,926.9812704683553,926.9812704683553,912.2086605804135,914.0552368164062,1062700,0.0,0.0
2021-04-21 00:00:00+09:00,907.5922334441827,914.9785384976451,900.2059283907205,906.6689453125,1225300,0.0,0.0
2021-04-22 00:00:00+09:00,909.438720703125,918.6716011163546,902.9757044138642,909.438720703125,922200,0.0,0.0
2021-04-23 00:00:00+09:00,904.8223556364425,914.9785249344026,902.9757794004497,914.0552368164062,1075400,0.0,0.0
2021-04-26 00:00:00+09:00,922.36474609375,924.2113221620058,914.978441820727,922.36474609375,1169000,0.0,0.0
2021-04-27 00:00:00+09:00,919.5948855492376,926.981189850838,911.2852932099372,915.9017333984375,1073800,0.0,0.0
2021-04-28 00:00:00+09:00,918.6716324942453,939.9072581699917,917.7483444213867,930.6743774414062,1522500,0.0,0.0
2021-04-30 00:00:00+09:00,939.9072904108999,946.3703071426055,918.6716640067244,921.4415283203125,2211000,0.0,0.0
2021-05-06 00:00:00+09:00,948.21688580513,950.986750125885,929.7511236667633,945.447021484375,2469400,0.0,0.0
2021-05-07 00:00:00+09:00,954.6798165115655,963.9126967486213,937.1373440611596,941.7537841796875,1322500,0.0,0.0
2021-05-10 00:00:00+09:00,938.9839941936991,950.0634513523268,930.6744013247283,934.3675537109375,1142600,0.0,0.0
2021-05-11 00:00:00+09:00,943.6004253059832,950.9867300050515,932.5209682573807,935.2908325195312,1378100,0.0,0.0
2021-05-12 00:00:00+09:00,893.7428250947224,896.512689222082,852.1948631843272,860.5044555664062,7054800,0.0,0.0
2021-05-13 00:00:00+09:00,849.425071607437,855.8880884566239,837.4223260303753,841.115478515625,3147700,0.0,0.0
2021-05-14 00:00:00+09:00,852.1948835100446,853.1181715745192,840.192138671875,840.192138671875,2154300,0.0,0.0
2021-05-17 00:00:00+09:00,837.4222633684664,846.6551438907208,826.3428067417613,829.1126708984375,2443200,0.0,0.0
2021-05-18 00:00:00+09:00,824.4962343158145,830.9592507102274,819.879794034091,822.649658203125,2690200,0.0,0.0
2021-05-19 00:00:00+09:00,821.7264454705374,830.0360387393406,815.2634284836905,827.2661743164062,3807500,0.0,0.0
2021-05-20 00:00:00+09:00,820.8030989834162,825.4195393601509,808.8003540039062,808.8003540039062,3684900,0.0,0.0
2021-05-21 00:00:00+09:00,807.8770141601562,814.3400302734375,803.260574079241,807.8770141601562,3452100,0.0,0.0
2021-05-24 00:00:00+09:00,806.9537778532124,816.1866586066816,806.9537778532124,808.8003540039062,3582800,0.0,0.0
2021-05-25 00:00:00+09:00,807.8770382548084,820.8030708668854,806.0304621673688,811.5701904296875,4298800,0.0,0.0
2021-05-26 00:00:00+09:00,813.4168370275128,820.803142017547,804.1839557899701,810.64697265625,4624700,0.0,0.0
2021-05-27 00:00:00+09:00,807.8771645066429,825.4196400787871,805.1072999426201,817.1100463867188,32117400,0.0,0.0
2021-05-28 00:00:00+09:00,819.8798415339961,836.4990275110365,818.0332653143249,830.0360107421875,3150100,0.0,0.0
2021-05-31 00:00:00+09:00,819.8799109507415,828.1895046428099,815.2634700107036,817.1100463867188,2643700,0.0,0.0
2021-06-01 00:00:00+09:00,821.7263776546465,824.496241848988,805.1071924885975,809.7236328125,3276500,0.0,0.0
2021-06-02 00:00:00+09:00,805.1072055478639,806.9537817073774,791.257884351513,802.3373413085938,4768400,0.0,0.0
2021-06-03 00:00:00+09:00,801.414118578705,803.2606948887942,789.4113725631254,795.8743896484375,3314900,0.0,0.0
2021-06-04 00:00:00+09:00,794.9510036406837,801.4140199304453,789.4112753923165,799.5674438476562,2838400,0.0,0.0
2021-06-07 00:00:00+09:00,800.4908304236604,800.4908304236604,795.8743896484375,795.8743896484375,2044000,0.0,0.0
2021-06-08 00:00:00+09:00,798.64418517509,816.1866586066816,796.7976090243963,808.8003540039062,2742800,0.0,0.0
2021-06-09 00:00:00+09:00,809.7236328125,812.4934970068415,805.1071924885975,809.7236328125,1433400,0.0,0.0
2021-06-10 00:00:00+09:00,811.5701940693987,811.5701940693987,802.3373135907934,805.107177734375,1973200,0.0,0.0
2021-06-11 00:00:00+09:00,807.8770659285593,813.4167943806409,803.2606255518247,808.8003540039062,2003200,0.0,0.0
2021-06-14 00:00:00+09:00,809.7236179736776,812.4934821172592,802.3373135907934,805.107177734375,1881600,0.0,0.0
2021-06-15 00:00:00+09:00,807.8770844832711,810.646948772928,803.2606440005095,806.9537963867188,1656000,0.0,0.0
2021-06-16 00:00:00+09:00,808.8003392181222,817.1099317443358,803.2606108673131,804.1838989257812,2280500,0.0,0.0
2021-06-17 00:00:00+09:00,805.1071814035405,806.0304694556088,797.7208769869942,798.6441650390625,2106500,0.0,0.0
2021-06-18 00:00:00+09:00,798.6441889895668,806.0304936276207,793.1044605110264,802.3373413085938,3135800,0.0,0.0
2021-06-21 00:00:00+09:00,793.1044404000947,794.9510165127841,788.4880001183712,792.18115234375,2219700,0.0,0.0
2021-06-22 00:00:00+09:00,800.490816734577,806.0305455701105,798.6442404560659,803.2606811523438,1884200,0.0,0.0
2021-06-23 00:00:00+09:00,806.9537817073774,806.9537817073774,801.414053228837,802.3373413085938,1548000,0.0,0.0
2021-06-24 00:00:00+09:00,799.5675285953215,806.0305455701105,797.7209523168103,803.2606811523438,1441600,0.0,0.0
2021-06-25 00:00:00+09:00,806.953753830096,809.7236179736776,803.260601638654,805.107177734375,974400,0.0,0.0
2021-06-28 00:00:00+09:00,812.4934657289318,819.8797699628311,808.8003136119821,818.9564819335938,2791900,0.0,0.0
2021-06-29 00:00:00+09:00,817.1099654487941,817.1099654487941,805.1072201936141,806.9537963867188,2049900,0.0,0.0
2021-06-30 00:00:00+09:00,796.7976206283123,797.7209087171052,788.4880278291757,789.4113159179688,4832100,0.0,0.0
2021-07-01 00:00:00+09:00,791.2578920955547,795.8743325395194,789.4113159179688,789.4113159179688,1718100,0.0,0.0
2021-07-02 00:00:00+09:00,793.1044921875,794.9510684207654,791.2579159542346,793.1044921875,1394400,0.0,0.0
2021-07-05 00:00:00+09:00,794.9510444507264,794.9510444507264,789.4113159179688,789.4113159179688,1260800,0.0,0.0
2021-07-06 00:00:00+09:00,788.4880224436837,789.4113105261705,777.4085654538427,783.87158203125,4198500,0.0,0.0
2021-07-07 00:00:00+09:00,775.5620210304305,780.1784616318022,771.8688685493332,774.6387329101562,3335300,0.0,0.0
2021-07-08 00:00:00+09:00,771.8688685493332,777.4085972709792,770.945580429059,774.6387329101562,2182400,0.0,0.0
2021-07-09 00:00:00+09:00,769.0989582369112,780.1784150182353,760.7893656509183,779.255126953125,3230000,0.0,0.0
2021-07-12 00:00:00+09:00,782.9482978585213,784.7948740327159,775.5619931617429,777.4085693359375,1848600,0.0,0.0
2021-07-13 00:00:00+09:00,783.8715543075347,788.4879945566956,781.1016901580381,786.6414184570312,2362200,0.0,0.0
2021-07-14 00:00:00+09:00,796.7976778034821,801.414118578705,791.2579488732146,795.8743896484375,2384400,0.0,0.0
2021-07-15 00:00:00+09:00,801.4140516619816,806.0304920517395,786.6414424147562,790.3345947265625,2183600,0.0,0.0
2021-07-16 00:00:00+09:00,789.4112733436218,795.8742896166106,786.6414092266266,787.564697265625,1308400,0.0,0.0
2021-07-19 00:00:00+09:00,784.7948460324982,784.7948460324982,776.4852535450952,780.1784057617188,1701200,0.0,0.0
2021-07-20 00:00:00+09:00,770.94552522016,783.8715579783423,770.94552522016,780.1784057617188,1819000,0.0,0.0
2021-07-21 00:00:00+09:00,782.024991148456,788.4880076042284,778.3318388880147,779.255126953125,1119900,0.0,0.0
2021-07-26 00:00:00+09:00,786.6414258861314,786.6414258861314,772.7921050078544,773.7153930664062,1460700,0.0,0.0
2021-07-27 00:00:00+09:00,777.4086254065116,779.2552017138905,771.868896484375,771.868896484375,1728000,0.0,0.0
2021-07-28 00:00:00+09:00,780.1784094762688,781.1016975348206,771.8688169493026,773.7153930664062,1729300,0.0,0.0
2021-07-29 00:00:00+09:00,772.7921050078544,776.4852572420616,770.022240832199,773.7153930664062,1768600,0.0,0.0
2021-07-30 00:00:00+09:00,772.7921180817018,772.7921180817018,764.4825254141566,766.3291015625,2069600,0.0,0.0
2021-08-02 00:00:00+09:00,767.2523784346082,786.641427709129,767.2523784346082,785.7181396484375,1909400,0.0,0.0
2021-08-03 00:00:00+09:00,782.0250378723508,789.4113428345454,771.8688685493332,774.6387329101562,1877200,0.0,0.0
2021-08-04 00:00:00+09:00,776.4853372528222,776.4853372528222,768.1757438696172,771.868896484375,1394300,0.0,0.0
2021-08-05 00:00:00+09:00,767.2523527076776,772.7920808860724,766.3290646779452,770.022216796875,1124200,0.0,0.0
2021-08-06 00:00:00+09:00,771.868896484375,773.7154727917539,769.0990320233067,771.868896484375,1370900,0.0,0.0
2021-08-10 00:00:00+09:00,772.7920808860724,780.1783851239321,770.022216796875,770.022216796875,1460300,0.0,0.0
2021-08-11 00:00:00+09:00,777.4085654538427,786.6414462787102,775.5619892888692,783.87158203125,1859800,0.0,0.0
2021-08-12 00:00:00+09:00,791.2579395917447,800.4908210338888,790.3346514475304,796.7976684570312,2063000,0.0,0.0
2021-08-13 00:00:00+09:00,791.2578494216186,796.797577655609,787.564697265625,787.564697265625,939900,0.0,0.0
2021-08-16 00:00:00+09:00,788.4880932502027,790.3346695809994,781.1017879270157,782.9483642578125,1109400,0.0,0.0
2021-08-17 00:00:00+09:00,785.7181768316024,786.6414649359873,780.1784482052926,782.0250244140625,754500,0.0,0.0
2021-08-18 00:00:00+09:00,783.87158203125,790.3345986086572,782.0250058662765,783.87158203125,1515700,0.0,0.0
2021-08-19 00:00:00+09:00,781.1016975348206,782.0249855933724,771.8688169493026,773.7153930664062,1890300,0.0,0.0
2021-08-20 00:00:00+09:00,775.5619746926836,781.1017030833457,773.715398562463,779.255126953125,1371000,0.0,0.0
2021-08-23 00:00:00+09:00,782.9482792135664,789.4112956693388,779.255126953125,779.255126953125,1186100,0.0,0.0
2021-08-24 00:00:00+09:00,772.7921433702129,783.8716006228325,772.7921433702129,782.0250244140625,1287800,0.0,0.0
2021-08-25 00:00:00+09:00,778.331829653407,783.8715579783423,771.8688132743158,780.1784057617188,2315300,0.0,0.0
2021-08-26 00:00:00+09:00,781.1017030833457,783.8715672786767,774.6386866275733,779.255126953125,1346400,0.0,0.0
2021-08-27 00:00:00+09:00,776.4852905273438,778.3318667236038,774.6387143310837,776.4852905273438,960400,0.0,0.0
2021-08-30 00:00:00+09:00,777.4085288366427,787.564697265625,777.4085288366427,787.564697265625,1626400,0.0,0.0
2021-08-31 00:00:00+09:00,777.408587937128,780.1784522646949,775.56201171875,775.56201171875,2770900,0.0,0.0
2021-09-01 00:00:00+09:00,776.485299827939,781.1017403738839,775.56201171875,775.56201171875,1771100,0.0,0.0
2021-09-02 00:00:00+09:00,776.4852957877528,782.0250244140625,774.6387195789829,782.0250244140625,2414500,0.0,0.0
2021-09-03 00:00:00+09:00,783.8715672786767,788.4880076042284,779.255126953125,779.255126953125,2317600,0.0,0.0
2021-09-06 00:00:00+09:00,780.1784522646949,781.1017403738839,772.792147391183,775.56201171875,3034900,0.0,0.0
2021-09-07 00:00:00+09:00,776.4852812488401,780.1784335972294,773.7154169875482,777.4085693359375,1945100,0.0,0.0
2021-09-08 00:00:00+09:00,781.1017879270157,789.411381415601,780.1784997616174,782.9483642578125,2471200,0.0,0.0
2021-09-09 00:00:00+09:00,794.0277175990117,817.1099186920062,794.0277175990117,811.5701904296875,5033200,0.0,0.0
2021-09-10 00:00:00+09:00,806.9537778532124,809.7236420792532,797.7208970997432,808.8003540039062,3536100,0.0,0.0
2021-09-13 00:00:00+09:00,807.8770141601562,807.8770141601562,803.260574079241,807.8770141601562,2065300,0.0,0.0
2021-09-14 00:00:00+09:00,810.6469208772805,811.5702089420611,806.030480553378,809.7236328125,1842200,0.0,0.0
2021-09-15 00:00:00+09:00,802.3373733538272,803.2606614704598,793.1044921875,793.1044921875,2514000,0.0,0.0
2021-09-16 00:00:00+09:00,794.0277577764978,803.2606386808756,792.1811815956221,801.4140625,1556600,0.0,0.0
2021-09-17 00:00:00+09:00,800.490816734577,804.1839692915993,796.7976641775548,803.2606811523438,2501700,0.0,0.0
2021-09-21 00:00:00+09:00,807.8770382548084,818.9564947794457,803.2605980362094,811.5701904296875,3404600,0.0,0.0
2021-09-22 00:00:00+09:00,812.4934970068415,817.1099373307441,808.8003447477196,809.7236328125,2346400,0.0,0.0
2021-09-24 00:00:00+09:00,819.8799109507415,822.6497755147643,812.4936054466808,817.1100463867188,2762300,0.0,0.0
2021-09-27 00:00:00+09:00,819.879794034091,825.4195223721591,817.1099298650569,822.649658203125,2683000,0.0,0.0
2021-09-28 00:00:00+09:00,822.649694028108,822.649694028108,806.0305082901665,806.9537963867188,3514600,0.0,0.0
2021-09-29 00:00:00+09:00,807.898711626538,815.4579978171957,805.0639793050414,813.5681762695312,3243800,20.0,0.0
2021-09-30 00:00:00+09:00,808.8436234724676,817.3478204482295,800.3394264967056,802.229248046875,2714400,0.0,0.0
2021-10-01 00:00:00+09:00,798.449590410505,799.3945011683873,789.9453935895647,793.7250366210938,2067700,0.0,0.0
2021-10-04 00:00:00+09:00,800.3394519877884,805.0640060136903,793.7250763515257,801.2843627929688,1837900,0.0,0.0
2021-10-05 00:00:00+09:00,803.1741078395821,813.5681257057414,797.5046435489497,804.1190185546875,2712000,0.0,0.0
2021-10-06 00:00:00+09:00,804.1190524166577,827.7418212890625,801.2843201519692,827.7418212890625,3311100,0.0,0.0
2021-10-07 00:00:00+09:00,824.9071111946462,825.8520219749379,806.0088955888124,808.8436279296875,2071300,0.0,0.0
2021-10-08 00:00:00+09:00,811.6783916877298,811.6783916877298,802.2292835190717,803.1741943359375,2161000,0.0,0.0
2021-10-11 00:00:00+09:00,806.0088756006088,806.9537863574677,798.4495895457379,805.06396484375,1545900,0.0,0.0
2021-10-12 00:00:00+09:00,803.1741801113351,804.1190909114661,794.6699829101562,794.6699829101562,2040300,0.0,0.0
2021-10-13 00:00:00+09:00,794.6699829101562,796.5598045104182,786.1657857089774,794.6699829101562,1991500,0.0,0.0
2021-10-14 00:00:00+09:00,789.9453634358139,793.7250063230665,785.220809826748,788.0555419921875,1628200,0.0,0.0
2021-10-15 00:00:00+09:00,790.8902587890625,793.7249908994175,789.0004373821591,790.8902587890625,1240700,0.0,0.0
2021-10-18 00:00:00+09:00,791.835220574476,792.7801313388848,786.1657559880239,789.00048828125,1440100,0.0,0.0
2021-10-19 00:00:00+09:00,787.1105854938751,789.9453174944532,785.2207641601562,785.2207641601562,1184600,0.0,0.0
2021-10-20 00:00:00+09:00,789.9454190023465,793.7250621554679,788.0555974257859,792.7801513671875,1828600,0.0,0.0
2021-10-21 00:00:00+09:00,798.4495959253368,799.3945066897455,789.00048828125,789.00048828125,1657800,0.0,0.0
2021-10-22 00:00:00+09:00,788.055612956508,791.835256184117,785.220880535801,789.9454345703125,1385400,0.0,0.0
2021-10-25 00:00:00+09:00,792.7801158240417,796.5597588077081,790.8902943322083,791.835205078125,1429100,0.0,0.0
2021-10-26 00:00:00+09:00,791.835256184117,797.5047210255308,788.055612956508,789.9454345703125,1304700,0.0,0.0
2021-10-27 00:00:00+09:00,795.614802160066,796.5597128514676,777.6614990234375,777.6614990234375,2832300,0.0,0.0
2021-10-28 00:00:00+09:00,773.8818771343302,773.8818771343302,747.4243770613617,758.7633056640625,7418100,0.0,0.0
2021-10-29 00:00:00+09:00,759.7082163809542,765.3776806823047,747.4243770613617,758.7633056640625,2688800,0.0,0.0
2021-11-01 00:00:00+09:00,766.3226299354416,791.835220574476,765.3777191710329,789.00048828125,3711700,0.0,0.0
2021-11-02 00:00:00+09:00,784.2759910988923,798.4496535886312,778.6065261029967,782.3861694335938,2585400,0.0,0.0
2021-11-04 00:00:00+09:00,781.4412586009445,789.0005452621386,778.6065261029967,782.3861694335938,1536000,0.0,0.0
2021-11-05 00:00:00+09:00,776.7166346144618,777.661545362168,765.3777056419879,769.1573486328125,1782200,0.0,0.0
2021-11-08 00:00:00+09:00,775.7717238667557,778.6064561098741,765.3777056419879,769.1573486328125,1403000,0.0,0.0
2021-11-09 00:00:00+09:00,766.322560615681,770.1022033314181,762.542917899944,764.4327392578125,1098100,0.0,0.0
2021-11-10 00:00:00+09:00,769.15730287526,771.047124258246,760.6531066518236,766.3225708007812,1030600,0.0,0.0
2021-11-11 00:00:00+09:00,764.4328048556458,774.8268232158586,763.4878940956265,771.0471801757812,1025400,0.0,0.0
2021-11-12 00:00:00+09:00,767.2674814180209,777.6614990234375,767.2674814180209,777.6614990234375,1150900,0.0,0.0
2021-11-15 00:00:00+09:00,779.5513560471026,781.4411775163077,777.6615345778974,778.6064453125,753400,0.0,0.0
2021-11-16 00:00:00+09:00,781.4412086692007,785.22085175829,771.9921009464776,772.93701171875,1189800,0.0,0.0
2021-11-17 00:00:00+09:00,768.2124633789062,771.9921064951617,766.3226418207786,768.2124633789062,1156500,0.0,0.0
2021-11-18 00:00:00+09:00,767.2675371357038,774.8268232158586,762.5429833356071,771.0471801757812,1130400,0.0,0.0
2021-11-19 00:00:00+09:00,772.9369916236371,773.8819023713434,765.3777056419879,769.1573486328125,1291600,0.0,0.0
2021-11-22 00:00:00+09:00,765.3777156156651,772.9370016958198,762.5429833356071,771.0471801757812,1258800,0.0,0.0
2021-11-24 00:00:00+09:00,784.275873863248,787.1106059374525,777.6614990234375,777.6614990234375,1616300,0.0,0.0
2021-11-25 00:00:00+09:00,774.826857471351,785.2208762910886,773.8819466695567,783.3310546875,1096200,0.0,0.0
2021-11-26 00:00:00+09:00,780.496231097642,782.386052480445,771.9920348750285,777.6614990234375,1600200,0.0,0.0
2021-11-29 00:00:00+09:00,771.9920246892866,774.8267567260893,761.5980072210098,764.4327392578125,3057300,0.0,0.0
2021-11-30 00:00:00+09:00,765.3776601092883,780.4962311731755,765.3776601092883,766.3225708007812,3439700,0.0,0.0
2021-12-01 00:00:00+09:00,770.1022283847515,787.1106211588932,768.2124069654025,786.1657104492188,2448900,0.0,0.0
2021-12-02 00:00:00+09:00,778.6064247718224,791.835174707266,777.6615140621478,786.1657104492188,1928600,0.0,0.0
2021-12-03 00:00:00+09:00,785.2207641601562,786.1656748270157,774.8267468247029,785.2207641601562,2137100,0.0,0.0
2021-12-06 00:00:00+09:00,789.94538819804,800.3394064638036,789.0004774466069,798.4495849609375,2321300,0.0,0.0
2021-12-07 00:00:00+09:00,801.2842711687646,806.9537353515625,797.5046283802327,806.9537353515625,2473800,0.0,0.0
2021-12-08 00:00:00+09:00,809.78852320217,817.3478092997399,804.1190586289927,811.6783447265625,2664300,0.0,0.0
2021-12-09 00:00:00+09:00,806.9537655852562,812.6232299804688,800.3393904575082,812.6232299804688,1542600,0.0,0.0
2021-12-10 00:00:00+09:00,824.9070384529942,826.79685984693,813.5681100893792,818.2926635742188,2554000,0.0,0.0
2021-12-13 00:00:00+09:00,817.3477788211871,818.2926895481481,801.2842964628517,806.0088500976562,1649800,0.0,0.0
2021-12-14 00:00:00+09:00,811.6783139620213,817.3477783203125,806.0088496037301,817.3477783203125,1414600,0.0,0.0
2021-12-15 00:00:00+09:00,817.3478238154116,822.0723777102985,815.458002257457,820.1825561523438,1162900,0.0,0.0
2021-12-16 00:00:00+09:00,822.0723567596854,828.6867320439586,819.2376244949968,827.7418212890625,1564600,0.0,0.0
2021-12-17 00:00:00+09:00,827.7417501961942,839.0806782810736,827.7417501961942,837.1908569335938,2264200,0.0,0.0
2021-12-20 00:00:00+09:00,827.7418378770144,828.6867486508467,811.6783547218669,813.5681762695312,1592500,0.0,0.0
2021-12-21 00:00:00+09:00,820.1825206013011,827.7418065054607,817.3477883872414,819.2376098632812,1611400,0.0,0.0
2021-12-22 00:00:00+09:00,812.6232251863827,818.2926895481481,805.0639393706954,806.0088500976562,1154900,0.0,0.0
2021-12-23 00:00:00+09:00,810.7334138569079,810.7334138569079,802.2292172080591,807.898681640625,1188100,0.0,0.0
2021-12-24 00:00:00+09:00,803.1741131000203,806.9537559851968,797.5046487722555,799.3944702148438,858100,0.0,0.0
2021-12-27 00:00:00+09:00,796.559783396367,802.229248046875,795.6148726212823,802.229248046875,875700,0.0,0.0
2021-12-28 00:00:00+09:00,800.3394110594556,810.7334293849032,799.3945003025968,805.06396484375,1251500,0.0,0.0
2021-12-29 00:00:00+09:00,809.7884674429614,812.6231995343603,803.1740925630306,806.9537353515625,1319300,0.0,0.0
2021-12-30 00:00:00+09:00,801.2843164290402,812.6232454351116,800.3394056785344,809.7885131835938,693200,0.0,0.0
2022-01-04 00:00:00+09:00,819.237650954157,823.9622048812282,811.6783646708429,815.4580078125,1418700,0.0,0.0
2022-01-05 00:00:00+09:00,819.237650954157,822.0723833103997,807.8987215291859,815.4580078125,1949100,0.0,0.0
2022-01-06 00:00:00+09:00,813.5681460731907,816.4028782894736,802.2292172080591,807.898681640625,2177900,0.0,0.0
2022-01-07 00:00:00+09:00,810.7334293849032,813.5681616554798,803.1741433300323,805.06396484375,1510700,0.0,0.0
2022-01-11 00:00:00+09:00,809.7884877167104,810.7333984375,798.4495590672349,810.7333984375,1578700,0.0,0.0
2022-01-12 00:00:00+09:00,809.7885387099791,813.5681818311459,806.0088955888124,808.8436279296875,1472500,0.0,0.0
2022-01-13 00:00:00+09:00,812.6232353344298,813.5681460731907,807.898681640625,807.898681640625,1232700,0.0,0.0
2022-01-14 00:00:00+09:00,807.8987171493958,809.7885387099791,798.4496093464788,808.8436279296875,1950900,0.0,0.0
2022-01-17 00:00:00+09:00,810.7334792984611,815.4580333736269,807.8987468533616,814.5131225585938,870100,0.0,0.0
2022-01-18 00:00:00+09:00,817.3477788211871,818.2926895481481,805.0639393706954,806.0088500976562,1410800,0.0,0.0
2022-01-19 00:00:00+09:00,802.2292023787262,806.9537559851968,796.5597380509613,799.3944702148438,1484300,0.0,0.0
2022-01-20 00:00:00+09:00,795.6148626874723,806.9537918469138,795.6148626874723,800.3394165039062,1329600,0.0,0.0
2022-01-21 00:00:00+09:00,798.4495940558153,811.6783447265625,795.6148617692265,811.6783447265625,1712800,0.0,0.0
2022-01-24 00:00:00+09:00,814.5130870433635,817.3478193648601,807.898711626538,813.5681762695312,1522200,0.0,0.0
2022-01-25 00:00:00+09:00,808.8436016613923,823.0172629054588,804.1190479133702,821.12744140625,2334100,0.0,0.0
2022-01-26 00:00:00+09:00,823.0172480383585,823.0172480383585,810.7334085153979,812.6232299804688,1309900,0.0,0.0
2022-01-27 00:00:00+09:00,823.9621947816855,824.9071055555178,806.9538008527059,813.5681762695312,1889000,0.0,0.0
2022-01-28 00:00:00+09:00,815.4579978171957,823.9621947816855,811.6783547218669,813.5681762695312,1711200,0.0,0.0
2022-01-31 00:00:00+09:00,806.9538376034008,808.8436592371323,789.9454428998162,803.1741943359375,3258200,0.0,0.0
2022-02-01 00:00:00+09:00,789.0004428770484,789.9453535870807,767.2674965463033,774.8267822265625,4823100,0.0,0.0
2022-02-02 00:00:00+09:00,771.9920447200287,794.6699016028692,771.047134016577,790.8902587890625,2196700,0.0,0.0
2022-02-03 00:00:00+09:00,790.8902587890625,796.5597230097726,785.2207945683524,790.8902587890625,1416100,0.0,0.0
2022-02-04 00:00:00+09:00,791.8351848794402,793.7250063230665,787.1106312703744,788.0555419921875,1457900,0.0,0.0
2022-02-07 00:00:00+09:00,784.275873863248,786.165695246051,776.7165883320359,777.6614990234375,2204900,0.0,0.0
2022-02-08 00:00:00+09:00,774.8268463898614,792.7801513671875,773.8819356015811,792.7801513671875,2376400,0.0,0.0
2022-02-09 00:00:00+09:00,795.6148979618864,802.2292735981492,789.9454331308042,801.2843627929688,2073000,0.0,0.0
2022-02-10 00:00:00+09:00,800.3393809361379,802.2292023787262,794.669916608373,799.3944702148438,1399000,0.0,0.0
2022-02-14 00:00:00+09:00,793.7250211993994,798.4495748970149,788.0555567622608,796.5597534179688,1272400,0.0,0.0
2022-02-15 00:00:00+09:00,799.3944600905288,801.2842815091825,793.7249958345676,797.504638671875,1156600,0.0,0.0
2022-02-16 00:00:00+09:00,798.449564281969,808.843582278539,798.449564281969,806.0088500976562,1243600,0.0,0.0
2022-02-17 00:00:00+09:00,805.0639345426086,806.9537559851968,797.5046487722555,799.3944702148438,1023400,0.0,0.0
2022-02-18 00:00:00+09:00,791.8352196343252,805.0639703203402,791.8352196343252,800.3394165039062,1046900,0.0,0.0
2022-02-21 00:00:00+09:00,797.5046742095044,799.3944957123706,793.7250312037722,798.4495849609375,820800,0.0,0.0
2022-02-22 00:00:00+09:00,806.0088641343455,825.8519897460938,798.4495781870128,825.8519897460938,3697700,0.0,0.0
2022-02-24 00:00:00+09:00,826.7969195762378,841.9154918199175,823.9621872805477,840.9705810546875,3532000,0.0,0.0
2022-02-25 00:00:00+09:00,830.5765185776385,832.4663400078492,803.1741078395821,804.1190185546875,2564600,0.0,0.0
2022-02-28 00:00:00+09:00,813.5681806995022,822.0723777102985,808.8436268046155,820.1825561523438,2240800,0.0,0.0
2022-03-01 00:00:00+09:00,831.5214488232366,838.1358239843306,825.8519843994419,830.5765380859375,1547100,0.0,0.0
2022-03-02 00:00:00+09:00,817.3477678571428,831.5214285714286,815.4579464285714,826.796875,1573400,0.0,0.0
2022-03-03 00:00:00+09:00,830.5765527261269,840.970571019628,828.6867312182177,839.0807495117188,1610600,0.0,0.0
2022-03-04 00:00:00+09:00,839.080698907513,839.080698907513,818.2926635742188,818.2926635742188,3591500,0.0,0.0
2022-03-07 00:00:00+09:00,817.3478337430406,825.85203085713,810.7334582098599,822.0723876953125,2000900,0.0,0.0
2022-03-08 00:00:00+09:00,817.3478193648601,820.1825516863568,810.7334439480346,813.5681762695312,1918000,0.0,0.0
2022-03-09 00:00:00+09:00,807.8986567717332,810.7333889007568,782.3860676105205,786.1657104492188,3201500,0.0,0.0
2022-03-10 00:00:00+09:00,789.9453835862918,797.5046695536247,785.2208298567086,791.835205078125,2373800,0.0,0.0
2022-03-11 00:00:00+09:00,779.5514369356459,785.2209019315416,776.7167044376981,782.3861694335938,2518000,0.0,0.0
2022-03-14 00:00:00+09:00,789.9454202525128,791.8352418320643,778.6064907752041,781.4412231445312,1338000,0.0,0.0
2022-03-15 00:00:00+09:00,779.5514101080605,797.5047153105493,779.5514101080605,794.6699829101562,1277100,0.0,0.0
2022-03-16 00:00:00+09:00,799.3944496348604,822.0723063620904,798.4495389378925,818.2926635742188,2043600,0.0,0.0
2022-03-17 00:00:00+09:00,820.1825561523438,823.0172884892758,814.5130914784796,820.1825561523438,1940700,0.0,0.0
2022-03-18 00:00:00+09:00,816.4029085910279,823.9621947816855,808.8436224003702,813.5681762695312,3894800,0.0,0.0
2022-03-22 00:00:00+09:00,819.2376398565024,827.74183681003,817.347818311274,824.9071044921875,1698500,0.0,0.0
2022-03-23 00:00:00+09:00,830.5765934594616,835.3011474609375,820.1825746562147,835.3011474609375,2001400,0.0,0.0
2022-03-24 00:00:00+09:00,834.3562279712195,838.135871133037,820.1825661144037,822.0723876953125,2269100,0.0,0.0
2022-03-25 00:00:00+09:00,822.0723777102985,824.9071100472305,816.4029130364344,820.1825561523438,2212400,0.0,0.0
2022-03-28 00:00:00+09:00,817.3478038222702,820.1825360898619,809.788517775359,816.4028930664062,2407000,0.0,0.0
2022-03-29 00:00:00+09:00,820.1825506291166,836.2460337635578,819.2376398565024,824.9071044921875,3459000,0.0,0.0
2022-03-30 00:00:00+09:00,823.9400634765625,827.8083266853727,816.2035370589422,823.9400634765625,1985900,20.0,0.0
2022-03-31 00:00:00+09:00,813.3022902452523,817.1705532190704,790.0927124023438,790.0927124023438,4804600,0.0,0.0
2022-04-01 00:00:00+09:00,791.059824070786,797.8292846679688,783.3232976740057,797.8292846679688,2586800,0.0,0.0
2022-04-04 00:00:00+09:00,802.6646081833612,815.2364634922573,797.8292792184012,812.3352661132812,1810300,0.0,0.0
2022-04-05 00:00:00+09:00,812.3352716619319,815.2364690607244,797.8292846679688,797.8292846679688,1901500,0.0,0.0
2022-04-06 00:00:00+09:00,800.7304705298831,804.5987336725394,795.8951416015625,795.8951416015625,1703700,0.0,0.0
2022-04-07 00:00:00+09:00,795.89509516991,796.8621608991565,787.191503606691,788.1585693359375,2443100,0.0,0.0
2022-04-08 00:00:00+09:00,792.0268454716123,792.993911216999,781.3891222723599,785.2573852539062,2437100,0.0,0.0
2022-04-11 00:00:00+09:00,795.8951644805206,800.7304935478386,790.0927695997392,799.763427734375,2177800,0.0,0.0
2022-04-12 00:00:00+09:00,798.796337182971,808.466995018116,792.9939424818841,800.73046875,1899800,0.0,0.0
2022-04-13 00:00:00+09:00,803.6316661005435,807.4999292346015,795.8951398324276,800.73046875,1336600,0.0,0.0
2022-04-14 00:00:00+09:00,794.9280478937162,806.5328369140625,794.9280478937162,806.5328369140625,1425300,0.0,0.0
2022-04-15 00:00:00+09:00,804.5987185995788,810.4011132048643,802.6645870644836,803.6316528320312,949900,0.0,0.0
2022-04-18 00:00:00+09:00,800.7304935478386,806.53288842862,793.9610328535936,799.763427734375,959500,0.0,0.0
2022-04-19 00:00:00+09:00,797.8292582267458,805.5657843671264,796.8621924591982,803.6316528320312,1451000,0.0,0.0
2022-04-20 00:00:00+09:00,805.5657924231261,816.2035159725311,802.6645950914702,815.2364501953125,1865700,0.0,0.0
2022-04-21 00:00:00+09:00,821.0388736724854,822.0059394836426,802.664623260498,804.5987548828125,1763100,0.0,0.0
2022-04-22 00:00:00+09:00,802.6645870644836,804.5987185995788,798.7963239942934,803.6316528320312,1210700,0.0,0.0
2022-04-25 00:00:00+09:00,795.8951398324276,803.6316661005435,794.9280740489131,800.73046875,1892000,0.0,0.0
2022-04-26 00:00:00+09:00,797.8293094820189,808.4670336084458,796.8622436523438,796.8622436523438,1772700,0.0,0.0
2022-04-27 00:00:00+09:00,796.8621993247149,798.7963308764739,784.2903442382812,784.2903442382812,2916800,0.0,0.0
2022-04-28 00:00:00+09:00,781.3891092312117,788.1585693359375,764.9489918340204,788.1585693359375,5268200,0.0,0.0
2022-05-02 00:00:00+09:00,787.1915477807971,801.6975345335145,776.5538241621377,800.73046875,3288300,0.0,0.0
2022-05-06 00:00:00+09:00,803.6316558197661,830.7094974117679,797.8292611929087,829.742431640625,4716600,0.0,0.0
2022-05-09 00:00:00+09:00,830.7094580838424,842.3142467881569,826.8411951824042,838.4459838867188,3206500,0.0,0.0
2022-05-10 00:00:00+09:00,836.5119322691278,854.886182804519,829.7424715455626,851.9849853515625,5121200,0.0,0.0
2022-05-11 00:00:00+09:00,847.1496298530863,859.7214850906321,846.1825640655827,857.787353515625,3470000,0.0,0.0
2022-05-12 00:00:00+09:00,858.7544595983414,859.7215254312224,846.1826037708882,849.0838012695312,2329800,0.0,0.0
2022-05-13 00:00:00+09:00,839.4130842595575,846.1825446164895,824.9070977804178,844.2484130859375,2208700,0.0,0.0
2022-05-16 00:00:00+09:00,843.281325728805,843.281325728805,832.6436025831434,835.5447998046875,1615200,0.0,0.0
2022-05-17 00:00:00+09:00,841.34722089434,841.34722089434,828.7753658694821,829.742431640625,1210600,0.0,0.0
2022-05-18 00:00:00+09:00,827.808311568859,834.5777720606604,819.1047195079715,831.6765747070312,1531900,0.0,0.0
2022-05-19 00:00:00+09:00,825.8742084840162,828.7754059377071,808.4670237618707,821.0388793945312,2299200,0.0,0.0
2022-05-20 00:00:00+09:00,816.2035159725311,817.1705817497498,809.4340555320007,815.2364501953125,1727300,0.0,0.0
2022-05-23 00:00:00+09:00,822.0058973235724,822.0058973235724,813.3023054695581,818.1376342773438,1242400,0.0,0.0
2022-05-24 00:00:00+09:00,813.3022955620531,813.3022955620531,804.5987038140644,811.3681640625,1609800,0.0,0.0
2022-05-25 00:00:00+09:00,814.2693923325567,831.676576491685,813.3023265459384,826.8412475585938,1988100,0.0,0.0
2022-05-26 00:00:00+09:00,822.9729826461437,834.5777720606604,820.0717852925145,831.6765747070312,1244100,0.0,0.0
2022-05-27 00:00:00+09:00,826.8412475585938,830.7095107050667,821.0388528388843,826.8412475585938,1312900,0.0,0.0
2022-05-30 00:00:00+09:00,822.9729382223334,828.7753326163804,819.1046752929688,819.1046752929688,1973200,0.0,0.0
2022-05-31 00:00:00+09:00,820.0717440916218,823.9400070354502,807.4998895241795,809.4340209960938,3199400,0.0,0.0
2022-06-01 00:00:00+09:00,814.2693481445312,816.203479612808,808.4669537397009,814.2693481445312,1333600,0.0,0.0
2022-06-02 00:00:00+09:00,810.4010852079776,818.1376110810849,807.4998880055624,814.2693481445312,2797000,0.0,0.0
2022-06-03 00:00:00+09:00,817.1705718702107,817.1705718702107,804.5987169183612,808.4669799804688,1573100,0.0,0.0
2022-06-06 00:00:00+09:00,807.499912547725,813.3023071289062,804.5987152571344,813.3023071289062,1275200,0.0,0.0
2022-06-07 00:00:00+09:00,813.3023203847516,816.2035177226282,809.4340572675828,810.401123046875,1141300,0.0,0.0
2022-06-08 00:00:00+09:00,811.3682212155616,822.0059452124283,810.4011553976645,821.0388793945312,1548800,0.0,0.0
2022-06-09 00:00:00+09:00,818.1376126197076,819.1046783556648,808.4669552601366,809.4340209960938,1786300,0.0,0.0
2022-06-10 00:00:00+09:00,808.4669816697691,808.4669816697691,799.7633897618409,803.6316528320312,2522900,0.0,0.0
2022-06-13 00:00:00+09:00,802.6646288544888,821.0388793945312,802.6646288544888,821.0388793945312,2404800,0.0,0.0
2022-06-14 00:00:00+09:00,812.3352166762544,819.1046768152232,810.4010852079776,814.2693481445312,1301800,0.0,0.0
2022-06-15 00:00:00+09:00,815.2364671822054,819.1047303716821,799.7634144242988,802.6646118164062,2507200,0.0,0.0
2022-06-16 00:00:00+09:00,802.664623260498,815.236478805542,802.664623260498,804.5987548828125,1859500,0.0,0.0
2022-06-17 00:00:00+09:00,802.6646099890064,807.4999389648438,799.763412603504,807.4999389648438,2280700,0.0,0.0
2022-06-20 00:00:00+09:00,804.5987185995788,806.5328501346739,799.7633897618409,803.6316528320312,1253700,0.0,0.0
2022-06-21 00:00:00+09:00,798.796337182971,803.6316661005435,797.8292713994565,800.73046875,2166200,0.0,0.0
2022-06-22 00:00:00+09:00,803.6316739763532,815.2364634922573,802.6646081833612,812.3352661132812,2139000,0.0,0.0
2022-06-23 00:00:00+09:00,808.4669407590607,820.0717293823964,808.4669407590607,817.1705322265625,1672800,0.0,0.0
2022-06-24 00:00:00+09:00,818.1376095606275,826.8412011516981,817.1705438282864,819.1046752929688,1498200,0.0,0.0
2022-06-27 00:00:00+09:00,818.1376781174968,834.5777969449169,815.2364806773638,830.7095336914062,1899800,0.0,0.0
2022-06-28 00:00:00+09:00,832.6436010433148,840.380126953125,828.7753380884097,840.380126953125,1692000,0.0,0.0
2022-06-29 00:00:00+09:00,847.1495871242088,849.0837186016613,838.4459954756725,840.380126953125,2389300,0.0,0.0
2022-06-30 00:00:00+09:00,845.2154424824846,850.0507711008054,838.4459824168354,843.2813110351562,1983700,0.0,0.0
2022-07-01 00:00:00+09:00,851.0178786057693,855.8532074614839,822.9729712426246,829.742431640625,3974500,0.0,0.0
2022-07-04 00:00:00+09:00,833.6107479434351,855.8532620996983,831.676616277673,849.0838012695312,2228300,0.0,0.0
2022-07-05 00:00:00+09:00,849.0837878986059,856.8203144398234,842.3143271750408,851.9849853515625,2202300,0.0,0.0
2022-07-06 00:00:00+09:00,845.2154689022356,850.0507976716991,826.8412195782739,837.4789428710938,3251700,0.0,0.0
2022-07-07 00:00:00+09:00,846.1825082061488,851.9849025481337,836.511850969507,843.2813110351562,1918900,0.0,0.0
2022-07-08 00:00:00+09:00,845.2155132619187,852.9520396990987,842.3143158479762,850.0508422851562,1921400,0.0,0.0
2022-07-11 00:00:00+09:00,856.8202514648438,858.7543829579924,851.0178569853979,856.8202514648438,1849900,0.0,0.0
2022-07-12 00:00:00+09:00,855.8532104492188,857.7873419982565,851.9849473511431,855.8532104492188,1314300,0.0,0.0
2022-07-13 00:00:00+09:00,854.8861733409217,878.0957527076434,853.9191075339749,876.16162109375,4109900,0.0,0.0
2022-07-14 00:00:00+09:00,875.194522452754,875.194522452754,856.8202728100995,865.5238647460938,2167600,0.0,0.0
2022-07-15 00:00:00+09:00,894.5358426126295,903.2394345948064,869.3921324418961,886.79931640625,3794000,0.0,0.0
2022-07-19 00:00:00+09:00,873.260402513587,879.062797214674,862.6226788949276,867.4580078125,2413100,0.0,0.0
2022-07-20 00:00:00+09:00,873.2604043045386,873.2604043045386,858.7544175220712,862.6226806640625,2575200,0.0,0.0
2022-07-21 00:00:00+09:00,855.8532237357834,859.7214868939112,851.0178947881236,852.9520263671875,1393800,0.0,0.0
2022-07-22 00:00:00+09:00,851.0178500791139,851.0178500791139,832.6436010433148,840.380126953125,1838600,0.0,0.0
2022-07-25 00:00:00+09:00,847.1496696037692,854.8861962668174,845.2155379380072,849.0838012695312,1424600,0.0,0.0
2022-07-26 00:00:00+09:00,851.0178751440093,854.8861382128457,839.4130859375,839.4130859375,1244200,0.0,0.0
2022-07-27 00:00:00+09:00,845.2154822498733,849.0837453265317,832.6436272507333,834.5777587890625,1430600,0.0,0.0
2022-07-28 00:00:00+09:00,832.6436335476961,853.9190806302157,830.7095019947399,851.0178833007812,2576600,0.0,0.0
2022-07-29 00:00:00+09:00,851.0178868085488,851.9849525890131,837.4789658820492,841.3472290039062,2194800,0.0,0.0
2022-08-01 00:00:00+09:00,820.0717674736177,822.0058990006781,805.5657810206645,813.3023071289062,4571400,0.0,0.0
2022-08-02 00:00:00+09:00,812.3352430425763,820.0717691667912,805.5657826838882,808.4669799804688,2451700,0.0,0.0
2022-08-03 00:00:00+09:00,805.5657727801757,808.4669700410886,797.8292467510744,801.697509765625,2519700,0.0,0.0
2022-08-04 00:00:00+09:00,802.6646057354128,804.5987373154982,786.2244873046875,786.2244873046875,3793400,0.0,0.0
2022-08-05 00:00:00+09:00,784.2903408185283,795.8951300784819,783.3232750468655,793.9609985351562,1839100,0.0,0.0
2022-08-08 00:00:00+09:00,791.0598335266113,804.5987548828125,791.0598335266113,804.5987548828125,1537100,0.0,0.0
2022-08-09 00:00:00+09:00,806.5328652438677,807.4999310295318,793.9610100302343,795.8951416015625,1311200,0.0,0.0
2022-08-10 00:00:00+09:00,801.6975196217807,808.4669799804688,796.8621907941463,808.4669799804688,1622200,0.0,0.0
2022-08-12 00:00:00+09:00,822.9729898361933,826.8412530081613,811.3682003202892,812.3352661132812,2501200,0.0,0.0
2022-08-15 00:00:00+09:00,812.335218203965,814.2693496758792,806.5328237882225,809.4340209960938,1074800,0.0,0.0
2022-08-16 00:00:00+09:00,815.2364154118363,815.2364154118363,806.5328237882225,809.4340209960938,996400,0.0,0.0
2022-08-17 00:00:00+09:00,814.2693350707285,819.1046636637851,812.3352036335059,817.1705322265625,1551900,0.0,0.0
2022-08-18 00:00:00+09:00,819.1047344655498,827.8083266853727,818.1376686633472,823.9400634765625,1470200,0.0,0.0
2022-08-19 00:00:00+09:00,821.0388067576511,822.0058724899923,814.2693466312629,819.1046752929688,1204300,0.0,0.0
2022-08-22 00:00:00+09:00,817.1705685157866,819.1047000389009,811.3681739464438,818.1376342773438,968300,0.0,0.0
2022-08-23 00:00:00+09:00,811.3681640625,813.3022955620531,807.499901063394,811.3681640625,1460500,0.0,0.0
2022-08-24 00:00:00+09:00,817.1706274729637,826.8412857862533,810.4011666536611,822.9730224609375,2147600,0.0,0.0
2022-08-25 00:00:00+09:00,824.9070946082438,827.8082918929152,818.1376342773438,818.1376342773438,1376500,0.0,0.0
2022-08-26 00:00:00+09:00,813.3023319062733,815.2364634922573,810.4011345272972,812.3352661132812,1734800,0.0,0.0
2022-08-29 00:00:00+09:00,803.6316625918295,813.3023203847516,800.7304652539528,810.401123046875,1417000,0.0,0.0
2022-08-30 00:00:00+09:00,812.3352661132812,820.0717924572173,807.4999371483212,812.3352661132812,1591200,0.0,0.0
2022-08-31 00:00:00+09:00,809.4340457459956,814.26937457363,805.5657826838882,808.4669799804688,1481500,0.0,0.0
2022-09-01 00:00:00+09:00,807.499902665758,809.4340341691491,804.5987054106714,806.5328369140625,1458100,0.0,0.0
2022-09-02 00:00:00+09:00,808.466995018116,809.4340608016305,800.73046875,800.73046875,1332700,0.0,0.0
2022-09-05 00:00:00+09:00,796.8621941444082,799.7633914531865,791.0597995268519,798.7963256835938,1781500,0.0,0.0
2022-09-06 00:00:00+09:00,798.7963638491294,800.7304954807254,794.9281005859375,794.9281005859375,1668100,0.0,0.0
2022-09-07 00:00:00+09:00,793.9609505576434,793.9609505576434,789.125621991519,791.0597534179688,1664900,0.0,0.0
2022-09-08 00:00:00+09:00,796.8621809974367,804.598707026538,794.9280494901614,801.697509765625,1964400,0.0,0.0
2022-09-09 00:00:00+09:00,795.895149422834,807.4999389648438,795.895149422834,807.4999389648438,1851000,0.0,0.0
2022-09-12 00:00:00+09:00,805.5657958984375,808.4669932426095,802.6645985542655,805.5657958984375,1005500,0.0,0.0
2022-09-13 00:00:00+09:00,805.5658073745088,813.3023337358486,805.5658073745088,807.4999389648438,1545800,0.0,0.0
2022-09-14 00:00:00+09:00,784.290336064612,784.290336064612,771.7184811091989,772.685546875,6403600,0.0,0.0
2022-09-15 00:00:00+09:00,775.5867341937442,780.422062960538,765.9160766601562,765.9160766601562,3098000,0.0,0.0
2022-09-16 00:00:00+09:00,765.9161092679794,777.5208988023428,763.9819776789188,776.5538330078125,3709900,0.0,0.0
2022-09-20 00:00:00+09:00,775.5867672132822,778.4879645968731,771.7185040351611,776.5538330078125,1659300,0.0,0.0
2022-09-21 00:00:00+09:00,770.7514534044566,770.7514534044566,763.9819927095617,768.8173217773438,2343100,0.0,0.0
2022-09-22 00:00:00+09:00,765.9161243366744,770.7514534044566,762.0478610824489,768.8173217773438,1739200,0.0,0.0
2022-09-26 00:00:00+09:00,764.9489876994022,775.5867106636164,762.0477905273438,762.0477905273438,3152400,0.0,0.0
2022-09-27 00:00:00+09:00,761.0807495117188,770.7514070658701,757.2124864900582,761.0807495117188,2068000,0.0,0.0
2022-09-28 00:00:00+09:00,757.2125244140625,763.0149192371588,748.508932179418,757.2125244140625,2555800,0.0,0.0
2022-09-29 00:00:00+09:00,743.6735901189518,763.0149058567658,738.8382611844983,760.1137084960938,1930300,0.0,0.0
2022-09-30 00:00:00+09:00,756.2454256838467,767.8502148247753,744.6406365429182,746.5747680664062,2859400,0.0,0.0
2022-10-03 00:00:00+09:00,738.8382148279352,741.739412006579,705.9579801366397,716.595703125,3446000,0.0,0.0
2022-10-04 00:00:00+09:00,731.1017225549576,752.3771695076151,726.2663937020809,727.2334594726562,2898400,0.0,0.0
2022-10-05 00:00:00+09:00,732.0687900527893,736.9041189170746,721.4310665513617,722.3981323242188,2208600,0.0,0.0
2022-10-06 00:00:00+09:00,721.4310200320851,725.2992828740803,713.694494348095,714.6615600585938,2964200,0.0,0.0
2022-10-07 00:00:00+09:00,705.9579830978539,709.826246018938,699.1885229859568,706.925048828125,3420900,0.0,0.0
2022-10-11 00:00:00+09:00,702.0897129603794,705.9579758417038,688.550792875744,690.4849243164062,2986600,0.0,0.0
2022-10-12 00:00:00+09:00,687.583783893916,689.5179154941801,667.275402091142,669.2095336914062,3975600,0.0,0.0
2022-10-13 00:00:00+09:00,663.4071194358984,666.3083167512157,652.7693959464015,655.6705932617188,3004900,0.0,0.0
2022-10-14 00:00:00+09:00,666.3083116495592,675.9789692932393,664.3741801208232,670.1765747070312,3055200,0.0,0.0
2022-10-17 00:00:00+09:00,670.1765470504761,680.8142700195312,667.2753498770974,680.8142700195312,2480600,0.0,0.0
2022-10-18 00:00:00+09:00,684.6825711495536,687.5837684849331,675.0119133649554,676.946044921875,1752200,0.0,0.0
2022-10-19 00:00:00+09:00,691.4520229997306,708.859206795528,687.5837599339978,701.1226806640625,3445500,0.0,0.0
2022-10-20 00:00:00+09:00,704.0238647460938,706.9250619909266,697.2544045081505,704.0238647460938,2158200,0.0,0.0
2022-10-21 00:00:00+09:00,698.2214965820312,703.0568255057295,695.3202992278123,698.2214965820312,1581500,0.0,0.0
2022-10-24 00:00:00+09:00,705.9580246673967,706.9250904546122,691.4520378591625,693.3861694335938,1817600,0.0,0.0
2022-10-25 00:00:00+09:00,703.0568255057295,703.0568255057295,694.3532334430726,698.2214965820312,1512100,0.0,0.0
2022-10-26 00:00:00+09:00,699.1885757127956,702.0897731223922,694.3532466968011,695.3203125,1560600,0.0,0.0
2022-10-27 00:00:00+09:00,692.4191264709389,707.8921795764346,692.4191264709389,697.2544555664062,2153500,0.0,0.0
2022-10-28 00:00:00+09:00,701.1226939362502,704.0238912904691,697.2544307972915,698.2214965820312,4088600,0.0,0.0
2022-10-31 00:00:00+09:00,700.1556229196701,712.7274780273438,697.2544255871301,712.7274780273438,2990600,0.0,0.0
2022-11-01 00:00:00+09:00,704.9909801640786,718.5299015938415,702.0897827148438,702.0897827148438,2689500,0.0,0.0
2022-11-02 00:00:00+09:00,703.0568121969288,704.9909437297953,694.3532202990301,701.1226806640625,1944400,0.0,0.0
2022-11-04 00:00:00+09:00,693.3861922900323,703.0568504809672,692.4191264709389,697.2544555664062,2113600,0.0,0.0
2022-11-07 00:00:00+09:00,700.155629944103,700.155629944103,692.4191036463781,693.3861694335938,1318900,0.0,0.0
2022-11-08 00:00:00+09:00,692.4190904405382,702.0897481282552,690.4849589029948,696.287353515625,1304100,0.0,0.0
2022-11-09 00:00:00+09:00,699.1885852656088,703.0568485312554,695.3203219999623,702.0897827148438,1072600,0.0,0.0
2022-11-10 00:00:00+09:00,699.1885360047057,705.957996242649,697.2544045081505,704.0238647460938,1438600,0.0,0.0
2022-11-11 00:00:00+09:00,716.5956928970379,718.5298243218612,703.0567729232747,709.8262329101562,1656000,0.0,0.0
2022-11-14 00:00:00+09:00,701.1226806640625,706.9250752626616,699.1885491311962,701.1226806640625,1330400,0.0,0.0
2022-11-15 00:00:00+09:00,701.1226939362502,704.0238912904691,693.386167658333,698.2214965820312,1416300,0.0,0.0
2022-11-16 00:00:00+09:00,697.2544175983297,703.0568121969288,694.3532202990301,701.1226806640625,1058300,0.0,0.0
2022-11-17 00:00:00+09:00,705.9580094962284,709.8262725619612,699.1885491311962,701.1226806640625,1255000,0.0,0.0
2022-11-18 00:00:00+09:00,704.0239163000607,704.0239163000607,695.3203239282193,697.2544555664062,1796000,0.0,0.0
2022-11-21 00:00:00+09:00,701.1226675012609,710.793324984037,700.1556017529833,704.0238647460938,1809600,0.0,0.0
2022-11-22 00:00:00+09:00,710.7933333113386,725.2993197054476,708.8592017921242,715.628662109375,2640000,0.0,0.0
2022-11-24 00:00:00+09:00,720.46402550255,724.3322887267248,716.5957622783752,721.4310913085938,1714600,0.0,0.0
2022-11-25 00:00:00+09:00,724.3322718523551,743.673587522645,724.3322718523551,734.0029296875,2616000,0.0,0.0
2022-11-28 00:00:00+09:00,724.3323136502464,729.1676428468436,715.6287210963717,720.4640502929688,2819400,0.0,0.0
2022-11-29 00:00:00+09:00,714.6616131180418,719.4969420295306,702.089757948171,703.0568237304688,2989500,0.0,0.0
2022-11-30 00:00:00+09:00,703.0568640238728,709.8263248879265,691.4520739712091,694.353271484375,4278300,0.0,0.0
2022-12-01 00:00:00+09:00,695.320306500818,697.2544380905282,677.9131221934261,678.8801879882812,3685000,0.0,0.0
2022-12-02 00:00:00+09:00,689.5178717118275,693.3861346667326,675.9789513696597,687.583740234375,3485200,0.0,0.0
2022-12-05 00:00:00+09:00,685.6496252371452,685.6496252371452,667.275375759704,675.0119018554688,4251400,0.0,0.0
2022-12-06 00:00:00+09:00,679.8472290039062,682.748426282728,674.0448344462626,679.8472290039062,1778400,0.0,0.0
2022-12-07 00:00:00+09:00,689.5178965393926,694.3532254071303,685.6496334452024,686.61669921875,2545600,0.0,0.0
2022-12-08 00:00:00+09:00,686.616727858995,686.616727858995,672.1107406507064,675.97900390625,2961400,0.0,0.0
2022-12-09 00:00:00+09:00,684.6825445677673,691.4520047541718,679.8472158631927,682.7484130859375,2393000,0.0,0.0
2022-12-12 00:00:00+09:00,685.6496351742576,688.5508325022163,677.9131089663674,681.7813720703125,1951600,0.0,0.0
2022-12-13 00:00:00+09:00,686.6167143471221,686.6167143471221,677.9131221934261,678.8801879882812,2016700,0.0,0.0
2022-12-14 00:00:00+09:00,676.9460466782823,679.8472440211892,672.1107177734375,672.1107177734375,2683100,0.0,0.0
2022-12-15 00:00:00+09:00,668.2424773951627,677.9131355340218,663.4071483257331,675.97900390625,3377800,0.0,0.0
2022-12-16 00:00:00+09:00,677.9130974846917,683.7154920423353,673.0777686866554,679.8472290039062,5732000,0.0,0.0
2022-12-19 00:00:00+09:00,672.1107406507064,682.7484646034513,672.1107406507064,675.97900390625,2161700,0.0,0.0
2022-12-20 00:00:00+09:00,677.9131124592514,682.7484413640962,666.3083230876236,672.1107177734375,3729000,0.0,0.0
2022-12-21 00:00:00+09:00,669.2095089426633,675.9789692932393,665.3412458851913,670.1765747070312,2792300,0.0,0.0
2022-12-22 00:00:00+09:00,674.0448099483143,680.8142700195312,671.1436127749356,680.8142700195312,2860300,0.0,0.0
2022-12-23 00:00:00+09:00,686.6167071651554,704.9909570752088,686.6167071651554,698.2214965820312,4165600,0.0,0.0
2022-12-26 00:00:00+09:00,700.1556281515105,701.1226939362502,692.4191018735933,698.2214965820312,1587600,0.0,0.0
2022-12-27 00:00:00+09:00,696.2873897473128,700.1556530236868,695.3203239282193,697.2544555664062,1236400,0.0,0.0
2022-12-28 00:00:00+09:00,696.2873371951739,712.7274548789488,696.2873371951739,708.8591918945312,2504700,0.0,0.0
2022-12-29 00:00:00+09:00,708.8592227788092,728.200538543579,708.8592227788092,724.332275390625,3781300,0.0,0.0
2022-12-30 00:00:00+09:00,722.3981456141319,726.2664087767242,717.5628166608913,719.4969482421875,1726500,0.0,0.0
2023-01-04 00:00:00+09:00,726.2663500211545,732.0687442956244,707.892101485333,709.8262329101562,2194400,0.0,0.0
2023-01-05 00:00:00+09:00,706.925085099017,712.7274797783523,705.9580193191277,707.8921508789062,1199500,0.0,0.0
2023-01-06 00:00:00+09:00,705.958021077362,707.8921526419575,696.2873632543844,703.0568237304688,1230700,0.0,0.0
2023-01-10 00:00:00+09:00,702.0897498497596,703.0568156209025,690.4849605960446,691.4520263671875,2025700,0.0,0.0
2023-01-11 00:00:00+09:00,697.2543843587239,702.0897129603794,690.4849243164062,690.4849243164062,1776900,0.0,0.0
2023-01-12 00:00:00+09:00,687.5837286127303,689.5178600574918,680.8142685560648,685.6495971679688,2060900,0.0,0.0
2023-01-13 00:00:00+09:00,683.715488770901,696.2873435856417,683.715488770901,689.5178833007812,1652400,0.0,0.0
2023-01-16 00:00:00+09:00,689.5178469540028,692.4190440660112,687.5837155459972,688.55078125,1068800,0.0,0.0
2023-01-17 00:00:00+09:00,688.5508325022163,690.4849640541888,680.8143062943262,681.7813720703125,1444000,0.0,0.0
2023-01-18 00:00:00+09:00,682.7484493444462,687.5837783058091,681.7813835521736,683.7155151367188,1472000,0.0,0.0
2023-01-19 00:00:00+09:00,683.7154788268524,686.6166760495971,681.7813473450225,682.7484130859375,871400,0.0,0.0
2023-01-20 00:00:00+09:00,683.7154657232072,686.6166628903495,678.8801371113033,685.6495971679688,1378000,0.0,0.0
2023-01-23 00:00:00+09:00,690.4849506960077,690.4849506960077,683.7154903950665,684.6825561523438,1202000,0.0,0.0
2023-01-24 00:00:00+09:00,687.5837649922976,690.4849623129402,684.682567671655,686.61669921875,2012600,0.0,0.0
2023-01-25 00:00:00+09:00,689.5179422957651,695.320337322097,686.6167447825992,694.353271484375,1471300,0.0,0.0
2023-01-26 00:00:00+09:00,696.2873552229021,701.1226840786167,688.5508290537588,691.4520263671875,1135500,0.0,0.0
2023-01-27 00:00:00+09:00,695.3202745957328,700.1556033481371,693.3861430947711,699.1885375976562,1109300,0.0,0.0
2023-01-30 00:00:00+09:00,700.1556530236868,703.0568504809672,695.3203239282193,697.2544555664062,1144100,0.0,0.0
2023-01-31 00:00:00+09:00,705.9580141856488,727.233461188504,704.9909484127918,722.3981323242188,4108800,0.0,0.0
2023-02-01 00:00:00+09:00,694.353213725117,702.0897397833355,683.7154903950665,684.6825561523438,6718300,0.0,0.0
2023-02-02 00:00:00+09:00,688.5508127736521,706.9250619909266,685.6496155288193,704.0238647460938,3866300,0.0,0.0
2023-02-03 00:00:00+09:00,699.1885360047057,705.957996242649,696.2873387598729,704.0238647460938,2320000,0.0,0.0
2023-02-06 00:00:00+09:00,704.0238386356864,713.6944957598029,703.0567729232747,709.8262329101562,1567600,0.0,0.0
2023-02-07 00:00:00+09:00,715.6286771180199,720.4640060174661,707.8921508789062,707.8921508789062,1089000,0.0,0.0
2023-02-08 00:00:00+09:00,708.8592051048801,711.7604023972602,699.188547463613,705.9580078125,1247400,0.0,0.0
2023-02-09 00:00:00+09:00,700.1556281515105,703.0568255057295,698.2214965820312,698.2214965820312,969500,0.0,0.0
2023-02-10 00:00:00+09:00,696.2873387598729,707.8921277392042,695.3202730115953,704.0238647460938,1306700,0.0,0.0
2023-02-13 00:00:00+09:00,711.7603774794802,714.6615746702932,704.9909173675829,706.925048828125,1106900,0.0,0.0
2023-02-14 00:00:00+09:00,714.661598008344,714.661598008344,709.8262691990859,710.7933349609375,862600,0.0,0.0
2023-02-15 00:00:00+09:00,709.8262691990859,712.7274664846407,705.9580061516795,710.7933349609375,834400,0.0,0.0
2023-02-16 00:00:00+09:00,710.7933447495947,717.5628051757812,706.9250816489166,717.5628051757812,1568400,0.0,0.0
2023-02-17 00:00:00+09:00,717.5627936285895,721.4310566670185,713.6945305901604,715.628662109375,1093000,0.0,0.0
2023-02-20 00:00:00+09:00,719.4969446804542,732.0687998966449,716.5957473228717,729.1676025390625,1970100,0.0,0.0
2023-02-21 00:00:00+09:00,726.2663920111511,733.0358523894175,725.2993262428273,732.0687866210938,1339100,0.0,0.0
2023-02-22 00:00:00+09:00,730.1346719393166,733.035869311261,716.5957508702433,719.4969482421875,1655100,0.0,0.0
2023-02-24 00:00:00+09:00,719.4969251478041,721.4310566670185,711.7603990709459,715.628662109375,1390000,0.0,0.0
2023-02-27 00:00:00+09:00,709.8262329101562,713.6944957598029,703.0567729232747,709.8262329101562,1670400,0.0,0.0
2023-02-28 00:00:00+09:00,704.0239028509151,706.9251002527733,699.1885738478181,700.1556396484375,1971800,0.0,0.0
2023-03-01 00:00:00+09:00,696.2873897473128,706.9251137573411,692.4191264709389,697.2544555664062,2175000,0.0,0.0
2023-03-02 00:00:00+09:00,696.2873569542253,697.2544227277729,685.6496334452024,686.61669921875,2212000,0.0,0.0
2023-03-03 00:00:00+09:00,689.5179422957651,696.287403159819,685.6496789448772,694.353271484375,2006200,0.0,0.0
2023-03-06 00:00:00+09:00,700.1556510820204,711.76044087896,698.2215194491972,702.0897827148438,2591200,0.0,0.0
2023-03-07 00:00:00+09:00,704.9909273473228,717.5627820188114,704.0238616033621,713.6945190429688,1846300,0.0,0.0
2023-03-08 00:00:00+09:00,712.7275122826064,719.4969730505552,712.7275122826064,718.5299072265625,1750500,0.0,0.0
2023-03-09 00:00:00+09:00,720.4639745866793,730.1346319636817,718.5298431112789,728.2005004882812,1680600,0.0,0.0
2023-03-10 00:00:00+09:00,719.4969333080535,730.1346567843823,719.4969333080535,727.2334594726562,1682900,0.0,0.0
2023-03-13 00:00:00+09:00,722.3981241031569,723.3651898650085,707.8921376753826,710.7933349609375,1721200,0.0,0.0
2023-03-14 00:00:00+09:00,703.0567859070409,709.826246018938,696.2873257951436,706.925048828125,2697500,0.0,0.0
2023-03-15 00:00:00+09:00,713.6945190429688,718.5298477627721,710.7933218110868,713.6945190429688,1445700,0.0,0.0
2023-03-16 00:00:00+09:00,704.9909273473228,714.6615847869294,698.2214671395982,713.6945190429688,1580500,0.0,0.0
2023-03-17 00:00:00+09:00,719.4969384699373,730.1346620225842,711.7604122498304,712.7274780273438,2725900,0.0,0.0
2023-03-20 00:00:00+09:00,708.8592434297251,709.8263092461368,700.1556510820204,702.0897827148438,1497600,0.0,0.0
2023-03-22 00:00:00+09:00,707.8921293519838,708.8591951024647,695.3202745957328,699.1885375976562,1825100,0.0,0.0
2023-03-23 00:00:00+09:00,693.3861415150401,704.9909304943714,692.4190757667625,704.0238647460938,1577800,0.0,0.0
2023-03-24 00:00:00+09:00,701.1226529660432,713.6945074330206,701.1226529660432,711.7603759765625,1507200,0.0,0.0
2023-03-27 00:00:00+09:00,720.4639925794537,721.4310583413053,708.8592034372342,710.7933349609375,2053100,0.0,0.0
2023-03-28 00:00:00+09:00,714.6616439305918,720.4640388745479,703.0568540426796,718.5299072265625,2058400,0.0,0.0
2023-03-29 00:00:00+09:00,719.4969578322653,726.2664184570312,717.5628262251893,726.2664184570312,2488600,0.0,0.0
2023-03-30 00:00:00+09:00,725.2993393956192,734.0029314683666,722.3981420380367,729.1676025390625,2088000,0.0,0.0
2023-03-31 00:00:00+09:00,734.0029181577413,741.7394443043314,726.2663920111511,732.0687866210938,2522400,0.0,0.0
2023-04-03 00:00:00+09:00,734.9699560801188,743.6735476652781,734.9699560801188,742.7064819335938,1995100,0.0,0.0
2023-04-04 00:00:00+09:00,746.5747533553686,761.0807394956931,741.739424641927,754.311279296875,2545400,0.0,0.0
2023-04-05 00:00:00+09:00,754.3113093351194,754.3113093351194,734.0029279299432,738.8382568359375,2470100,0.0,0.0
2023-04-06 00:00:00+09:00,741.7394506962108,756.2454373460715,739.8053191428961,748.5089111328125,1805500,0.0,0.0
2023-04-07 00:00:00+09:00,744.6406416093027,744.6406416093027,727.2334577794749,732.0687866210938,2545600,0.0,0.0
2023-04-10 00:00:00+09:00,742.7064703002611,754.3112588987027,737.8711417175771,740.7723388671875,1556000,0.0,0.0
2023-04-11 00:00:00+09:00,739.8052847385406,745.6076791286469,735.9370218118031,742.7064819335938,940400,0.0,0.0
2023-04-12 00:00:00+09:00,746.5748043084977,749.476001734567,739.8053436476694,747.5418701171875,1596800,0.0,0.0
2023-04-13 00:00:00+09:00,750.4430311133825,750.4430311133825,743.6735707811741,746.5747680664062,945500,0.0,0.0
2023-04-14 00:00:00+09:00,747.5418436346679,755.2783698301107,746.5747778602375,753.34423828125,1413900,0.0,0.0
2023-04-17 00:00:00+09:00,754.3113173651941,754.3113173651941,742.706527867268,750.4430541992188,1289000,0.0,0.0
2023-04-18 00:00:00+09:00,755.2783434825338,760.1136721860071,752.3771462604498,759.1466064453125,1595400,0.0,0.0
2023-04-19 00:00:00+09:00,753.344261198665,757.2125244140625,749.4759979832675,757.2125244140625,1149900,0.0,0.0
2023-04-20 00:00:00+09:00,759.1466560217613,759.1466560217613,753.344261198665,757.2125244140625,940400,0.0,0.0
2023-04-21 00:00:00+09:00,759.1466357512746,779.4550170898438,758.1795699732476,779.4550170898438,2932200,0.0,0.0
2023-04-24 00:00:00+09:00,785.2574117580064,787.1915433140606,777.5208855337896,779.4550170898438,1705600,0.0,0.0
2023-04-25 00:00:00+09:00,781.389148645898,785.2574117580064,774.6196881997083,779.4550170898438,1415200,0.0,0.0
2023-04-26 00:00:00+09:00,779.4550418830066,787.1915683533094,773.6526470302796,778.4879760742188,1879300,0.0,0.0
2023-04-27 00:00:00+09:00,776.5538197557624,780.4220828678709,771.718490865627,779.4550170898438,1882300,0.0,0.0
2023-04-28 00:00:00+09:00,759.146591898472,769.7843148422722,754.3112632876537,766.8831176757812,6007500,0.0,0.0
2023-05-01 00:00:00+09:00,802.6645336511,827.8082419341465,800.7304022447117,820.0717163085938,7773000,0.0,0.0
2023-05-02 00:00:00+09:00,822.0059240432013,823.9400556291853,806.5328713553292,812.3352661132812,3103600,0.0,0.0
2023-05-08 00:00:00+09:00,812.3352679406812,823.9400574826909,806.5328731696763,807.4999389648438,2286000,0.0,0.0
2023-05-09 00:00:00+09:00,805.5658374970163,822.9730224609375,803.6317058343584,822.9730224609375,2263000,0.0,0.0
2023-05-10 00:00:00+09:00,825.8741872151693,825.8741872151693,811.3682003202892,812.3352661132812,1723000,0.0,0.0
2023-05-11 00:00:00+09:00,814.2693995310161,823.9400574826909,806.5328731696763,807.4999389648438,1625600,0.0,0.0
2023-05-12 00:00:00+09:00,815.2364598891314,825.8741835650276,808.4669993681066,822.0059204101562,2509400,0.0,0.0
2023-05-15 00:00:00+09:00,829.7424038271361,841.3471926918512,822.9729436560522,840.380126953125,2948300,0.0,0.0
2023-05-16 00:00:00+09:00,844.2484474572713,858.7544345269838,838.4460526293861,850.0508422851562,2880000,0.0,0.0
2023-05-17 00:00:00+09:00,851.0179214825913,858.7544480415239,845.2155265633918,847.149658203125,2135400,0.0,0.0
2023-05-18 00:00:00+09:00,845.2154756009438,846.182541362501,815.2364369926723,818.1376342773438,3044100,0.0,0.0
2023-05-19 00:00:00+09:00,816.2035027542295,824.9070946082438,814.2693712311152,818.1376342773438,1804100,0.0,0.0
2023-05-22 00:00:00+09:00,819.1047326247083,829.7424564250292,818.1376668246791,828.775390625,1090600,0.0,0.0
2023-05-23 00:00:00+09:00,829.7424698054651,834.5777988835855,822.0059432804725,825.8742065429688,1274700,0.0,0.0
2023-05-24 00:00:00+09:00,838.4460413029148,858.7544229261688,833.6107123449972,848.11669921875,3208700,0.0,0.0
2023-05-25 00:00:00+09:00,841.3472386776654,852.9520281766676,833.6107123449972,848.11669921875,1624300,0.0,0.0
2023-05-26 00:00:00+09:00,843.2813125135164,847.1495754149546,837.4789181613592,838.4459838867188,1541800,0.0,0.0
2023-05-29 00:00:00+09:00,836.511877117201,841.3472058866646,828.7753510860593,837.4789428710938,1363000,0.0,0.0
2023-05-30 00:00:00+09:00,833.6106537985145,845.2154424824846,831.6765223511862,843.2813110351562,1235700,0.0,0.0
2023-05-31 00:00:00+09:00,843.2813473206616,852.9520049734214,838.4460184942816,844.2484130859375,3301500,0.0,0.0
2023-06-01 00:00:00+09:00,844.2484130859375,849.0837419123175,839.4130842595575,844.2484130859375,1289700,0.0,0.0
2023-06-02 00:00:00+09:00,842.3142815553855,848.1166761470414,842.3142815553855,844.2484130859375,1199200,0.0,0.0
2023-06-05 00:00:00+09:00,853.9190373120172,863.5896945862189,843.1846313476562,843.1846313476562,2920300,0.0,0.0
2023-06-06 00:00:00+09:00,844.1517521853116,851.2113206513595,841.4439207517488,850.5343627929688,1270800,0.0,0.0
2023-06-07 00:00:00+09:00,851.2113402646413,863.1062379575409,846.666119139302,854.4993286132812,2689400,0.0,0.0
2023-06-08 00:00:00+09:00,865.5238768660972,883.1244859436838,863.4930623292651,874.6143188476562,3645800,0.0,0.0
2023-06-09 00:00:00+09:00,881.3837159411828,896.7600253890992,878.1923518628352,896.1798095703125,3874200,0.0,0.0
2023-06-12 00:00:00+09:00,903.5295727018412,910.8793082584008,889.7005434510288,904.6900634765625,2695100,0.0,0.0
2023-06-13 00:00:00+09:00,900.338221354595,909.0418131829423,891.7313124921143,906.5274658203125,2075100,0.0,0.0
2023-06-14 00:00:00+09:00,905.1735543102011,905.4636622341447,883.8981075208587,894.4391479492188,2328000,0.0,0.0
2023-06-15 00:00:00+09:00,892.6017332858825,895.3095057205338,880.2233028524674,881.1903686523438,1425500,0.0,0.0
2023-06-16 00:00:00+09:00,880.0298700630829,890.184060871503,872.5834516652391,881.48046875,4093900,0.0,0.0
2023-06-19 00:00:00+09:00,889.120291731167,889.8939325414541,879.8364249326899,882.2540893554688,1252600,0.0,0.0
2023-06-20 00:00:00+09:00,880.4166502515397,881.6738238756179,863.8797911155665,869.8756103515625,1709600,0.0,0.0
2023-06-21 00:00:00+09:00,864.6534266791905,879.8363701132494,864.5567437183074,872.4866943359375,1303800,0.0,0.0
2023-06-22 00:00:00+09:00,876.2582773576916,883.1244797927517,865.5238708377527,870.069091796875,1752500,0.0,0.0
2023-06-23 00:00:00+09:00,880.9969151273574,903.0460028447525,875.3879454749076,896.566650390625,2937100,0.0,0.0
2023-06-26 00:00:00+09:00,894.5358541317004,897.2436265337994,867.7481199921596,876.8385620117188,2760000,0.0,0.0
2023-06-27 00:00:00+09:00,885.7355381242843,901.3052729853802,884.6717303913779,892.6983642578125,2448500,0.0,0.0
2023-06-28 00:00:00+09:00,889.023595495865,902.7559419290329,884.8652242796627,901.8855590820312,2052000,0.0,0.0
2023-06-29 00:00:00+09:00,889.7004835811322,891.9247229850832,881.2869998118306,890.37744140625,3250900,0.0,0.0
2023-06-30 00:00:00+09:00,886.7992908782379,891.1510867440526,883.0277108511949,890.1840209960938,1208000,0.0,0.0
2023-07-03 00:00:00+09:00,892.5050592698785,910.9759926228202,891.9247843691238,909.4287109375,2713900,0.0,0.0
2023-07-04 00:00:00+09:00,903.4328148863609,905.6570542557193,894.5357983839193,895.6962890625,1628300,0.0,0.0
2023-07-05 00:00:00+09:00,893.6654460763577,904.303169446718,892.1181644688547,904.0130615234375,1065600,0.0,0.0
2023-07-06 00:00:00+09:00,903.2393820567577,906.1405792153981,894.7292155297469,895.9863891601562,1386200,0.0,0.0
2023-07-07 00:00:00+09:00,892.4082620154429,895.0193513446268,879.6429823144399,885.3486938476562,1506900,0.0,0.0
2023-07-10 00:00:00+09:00,885.7355803528411,886.6059041485215,875.6780725304492,876.7418212890625,1585200,0.0,0.0
2023-07-11 00:00:00+09:00,872.2932877803872,873.2603535096339,863.3962712663175,866.9744262695312,2814400,0.0,0.0
2023-07-12 00:00:00+09:00,871.3262602306548,873.1637088067391,858.8510881667378,863.106201171875,1408200,0.0,0.0
2023-07-13 00:00:00+09:00,863.5897047754734,866.7810099086117,855.8531788648309,864.2666625976562,1095600,0.0,0.0
2023-07-14 00:00:00+09:00,865.620554903955,867.3613205256229,836.2217906464955,836.6085815429688,2823200,0.0,0.0
2023-07-18 00:00:00+09:00,827.8082829493417,845.2154664693045,826.1642593674545,844.73193359375,1089000,0.0,0.0
2023-07-19 00:00:00+09:00,846.1825813950944,852.371826171875,842.9912760359783,852.371826171875,1235400,0.0,0.0
2023-07-20 00:00:00+09:00,858.464284148894,861.3654814194039,853.2421054519722,856.4334106445312,940700,0.0,0.0
2023-07-21 00:00:00+09:00,863.5896792599408,875.5813176771363,856.3366864330095,872.3899536132812,1635400,0.0,0.0
2023-07-24 00:00:00+09:00,876.1615684359682,887.766357421875,873.6472210990254,887.766357421875,1430200,0.0,0.0
2023-07-25 00:00:00+09:00,884.865155345089,896.3732613032963,880.7067844528406,892.6983642578125,1586800,0.0,0.0
2023-07-26 00:00:00+09:00,892.6017595822669,900.9185020962132,885.8322987837015,899.1777954101562,1665500,0.0,0.0
2023-07-27 00:00:00+09:00,899.6612579090207,927.7061647366104,897.050168571795,923.4511108398438,2850200,0.0,0.0
2023-07-28 00:00:00+09:00,914.2640242316422,916.6816887139292,889.700529481602,910.0089111328125,3374100,0.0,0.0
2023-07-31 00:00:00+09:00,932.8316233494589,943.2759809438841,922.1938998199606,934.4756469726562,3218600,0.0,0.0
2023-08-01 00:00:00+09:00,921.0335039966329,962.133801052945,915.3277920893985,954.4939575195312,4843500,0.0,0.0
2023-08-02 00:00:00+09:00,950.6256515525577,951.5927173221941,914.1672602322642,915.6178588867188,3746400,0.0,0.0
2023-08-03 00:00:00+09:00,910.1055468438631,916.6816411142221,893.0852133823672,895.1160278320312,2247800,0.0,0.0
2023-08-04 00:00:00+09:00,890.6675621488874,900.5316446747565,885.5421254420662,892.21484375,1791100,0.0,0.0
2023-08-07 00:00:00+09:00,887.7663597739951,887.9597847292745,868.1349368258246,870.9393920898438,2537400,0.0,0.0
2023-08-08 00:00:00+09:00,877.6121829570969,890.2807208861981,877.5154999904667,889.507080078125,1968700,0.0,0.0
2023-08-09 00:00:00+09:00,890.8609936531311,894.5358317515409,883.4145754649,892.021484375,1441900,0.0,0.0
2023-08-10 00:00:00+09:00,893.8588514670557,896.3732578054703,883.2211283295542,885.7355346679688,1346200,0.0,0.0
2023-08-14 00:00:00+09:00,888.733470086377,893.1819491558034,868.618513253951,881.1903686523438,1784100,0.0,0.0
2023-08-15 00:00:00+09:00,871.3262372518446,887.959779890067,869.5855307138349,885.4453735351562,1238100,0.0,0.0
2023-08-16 00:00:00+09:00,876.0648928289801,894.72925013307,875.1945100377233,892.21484375,1263500,0.0,0.0
2023-08-17 00:00:00+09:00,893.2786938774045,895.8897833500431,880.0298805736559,885.832275390625,1270200,0.0,0.0
2023-08-18 00:00:00+09:00,880.0298528984272,880.3199608251498,866.2975071251199,870.2625122070312,2150300,0.0,0.0
2023-08-21 00:00:00+09:00,880.0298338234916,892.6983715575403,877.90227736529,880.5133666992188,1688400,0.0,0.0
2023-08-22 00:00:00+09:00,882.4475548037992,882.8344047391978,872.3900467335643,880.7068481445312,1005500,0.0,0.0
2023-08-23 00:00:00+09:00,879.9331332200724,900.7250464595674,879.4496003540376,897.9205322265625,1585300,0.0,0.0
2023-08-24 00:00:00+09:00,897.4370644731482,910.8793027342057,895.5029328686803,907.3011474609375,1644300,0.0,0.0
2023-08-25 00:00:00+09:00,901.6921921680809,906.0439883483805,893.8589236285336,904.30322265625,952100,0.0,0.0
2023-08-28 00:00:00+09:00,909.3319145869218,916.6816497154002,909.2352316217482,916.2947998046875,1087700,0.0,0.0
2023-08-29 00:00:00+09:00,916.5849386801876,934.0888647934239,914.8442320732113,931.7678833007812,2053200,0.0,0.0
2023-08-30 00:00:00+09:00,931.2843604238532,935.0559406337053,924.1280499320867,928.96337890625,4759700,0.0,0.0
2023-08-31 00:00:00+09:00,927.996283845493,935.926234918039,921.8070983687576,930.1238403320312,1634300,0.0,0.0
2023-09-01 00:00:00+09:00,928.4798325250852,945.210117752736,925.481952214645,941.4385375976562,2081100,0.0,0.0
2023-09-04 00:00:00+09:00,942.889109870011,951.5927016534265,938.2472060571913,947.2409057617188,2208000,0.0,0.0
2023-09-05 00:00:00+09:00,946.6607122536632,950.335550399469,936.4097796074556,943.952880859375,1709600,0.0,0.0
2023-09-06 00:00:00+09:00,943.3726742322359,947.5310453069861,932.2514176933628,936.5065307617188,1921300,0.0,0.0
2023-09-07 00:00:00+09:00,936.2163402941592,947.4343385449138,931.3810114856468,946.9508056640625,1237800,0.0,0.0
2023-09-08 00:00:00+09:00,947.3376136752075,966.9690962125803,943.0825596618199,958.1687622070312,2639700,0.0,0.0
2023-09-11 00:00:00+09:00,964.0678524304708,988.82471157481,963.7776854906868,974.3187255859375,2543500,0.0,0.0
2023-09-12 00:00:00+09:00,971.9010957662379,983.9894178528826,970.9340299993063,980.1211547851562,1461900,0.0,0.0
2023-09-13 00:00:00+09:00,984.4729622972828,986.407093853859,975.2858374035459,982.0552978515625,1319900,0.0,0.0
2023-09-14 00:00:00+09:00,987.3741527577635,1005.2648695315329,985.9235541004308,1001.3966064453125,2148100,0.0,0.0
2023-09-15 00:00:00+09:00,1014.9354777358258,1049.2663109512825,1012.5178134248781,1041.52978515625,4302600,0.0,0.0
2023-09-19 00:00:00+09:00,1041.52988435971,1048.7828779833849,1024.1226996628902,1037.66162109375,2093300,0.0,0.0
2023-09-20 00:00:00+09:00,1044.4310562807402,1047.8157865557241,1004.29782587736,1007.6825561523438,2146500,0.0,0.0
2023-09-21 00:00:00+09:00,1002.8472340011054,1028.474477685801,1001.3966353019717,1021.7050170898438,1448900,0.0,0.0
2023-09-22 00:00:00+09:00,1015.4190107704936,1015.4190107704936,986.8905718964655,1000.9130249023438,1613000,0.0,0.0
2023-09-25 00:00:00+09:00,1008.6495881027569,1008.6495881027569,992.2094701758663,999.4624633789062,1371000,0.0,0.0
2023-09-26 00:00:00+09:00,998.9789173440892,1012.5178378114824,988.3411941197087,1002.3636474609375,1785300,0.0,0.0
2023-09-27 00:00:00+09:00,991.2424236271248,991.2424236271248,965.6151804796917,979.6376342773438,2546300,0.0,0.0
2023-09-28 00:00:00+09:00,967.0658149192554,987.3741970325599,960.2963542148207,980.604736328125,1666000,0.0,0.0
2023-09-29 00:00:00+09:00,966.9690504090291,971.9010620392249,938.7307191895545,943.2759399414062,2629300,0.0,0.0
2023-10-02 00:00:00+09:00,956.3313127571263,959.5226178235835,922.7741205158773,924.708251953125,2261700,0.0,0.0
2023-10-03 00:00:00+09:00,910.6858363434686,916.0046980138112,885.05859375,885.05859375,2482400,0.0,0.0
2023-10-04 00:00:00+09:00,876.3550128881739,881.9639825511506,849.277171318621,853.6289672851562,3193800,0.0,0.0
2023-10-05 00:00:00+09:00,875.5813448845674,892.2148283978526,867.1678611388891,888.0564575195312,2485700,0.0,0.0
2023-10-06 00:00:00+09:00,895.1160674821717,915.7146159340988,886.8960083051152,907.88134765625,2070300,0.0,0.0
2023-10-10 00:00:00+09:00,924.0313455995271,934.0888532432676,912.329873362588,929.833740234375,1809200,0.0,0.0
2023-10-11 00:00:00+09:00,929.7370787621256,939.5044196799308,924.9984327574408,928.96337890625,1576100,0.0,0.0
2023-10-12 00:00:00+09:00,931.2843540628098,941.4385448391956,928.3831566981282,933.9921264648438,1624000,0.0,0.0
2023-10-13 00:00:00+09:00,928.383145253478,933.3151571026327,923.1609664514228,932.0579833984375,1439100,0.0,0.0
2023-10-16 00:00:00+09:00,927.3193464891161,933.4118487462049,915.8112407618314,922.09716796875,1268400,0.0,0.0
2023-10-17 00:00:00+09:00,933.8954632898918,939.0209002711272,919.9696920342593,926.0621948242188,1174400,0.0,0.0
2023-10-18 00:00:00+09:00,926.255604313272,931.767891135892,913.8771739734489,931.477783203125,1225600,0.0,0.0
2023-10-19 00:00:00+09:00,921.1301809344326,933.1218205482035,917.6487676401185,930.8975219726562,960900,0.0,0.0
2023-10-20 00:00:00+09:00,930.2205482421675,942.9857686436859,913.5870059000277,921.9037475585938,1855600,0.0,0.0
2023-10-23 00:00:00+09:00,923.5478506063357,932.8316587930015,919.0993714804359,925.9655151367188,1239700,0.0,0.0
2023-10-24 00:00:00+09:00,923.5477756524089,928.3831043207462,896.0830852062502,921.7103271484375,1799400,0.0,0.0
2023-10-25 00:00:00+09:00,931.2843554874896,944.8232765433826,924.6115779285092,926.8358764648438,1777800,0.0,0.0
2023-10-26 00:00:00+09:00,927.4160385870787,928.6732122358447,908.5582567805635,921.7103271484375,2667600,0.0,0.0
2023-10-27 00:00:00+09:00,917.5520463152114,926.4490637427964,907.5912800862363,925.3853149414062,2747300,0.0,0.0
2023-10-30 00:00:00+09:00,925.385295978122,934.9592120694833,917.9388774459437,926.0621948242188,2624600,0.0,0.0
2023-10-31 00:00:00+09:00,932.8316242144799,935.3460306478812,911.9430270562809,932.0579833984375,2436300,0.0,0.0
2023-11-01 00:00:00+09:00,946.5639753768259,986.4070973901355,938.5373411932612,972.3846435546875,4308500,0.0,0.0
2023-11-02 00:00:00+09:00,975.285806526151,1007.1989761992922,969.9669449139607,1002.3636474609375,2558700,0.0,0.0
2023-11-06 00:00:00+09:00,1024.606178717657,1061.8382106955992,1022.6720471863352,1054.1016845703125,4330500,0.0,0.0
2023-11-07 00:00:00+09:00,1047.815800421736,1050.7169978386858,1003.8143062646625,1004.7813720703125,2219900,0.0,0.0
2023-11-08 00:00:00+09:00,1012.5178689577168,1016.386132067393,940.6648935004856,941.5352172851562,3501100,0.0,0.0
2023-11-09 00:00:00+09:00,932.2514022783872,961.1666924113413,921.6136788084056,958.5556030273438,2391800,0.0,0.0
2023-11-10 00:00:00+09:00,944.3397514918342,963.9711753809273,941.1484461642989,962.23046875,1145600,0.0,0.0
2023-11-13 00:00:00+09:00,974.8022453689387,985.9235011444772,970.9339824904905,977.2199096679688,1663200,0.0,0.0
2023-11-14 00:00:00+09:00,978.1870001405109,982.0552631168451,965.3250375492014,976.2528686523438,1173400,0.0,0.0
2023-11-15 00:00:00+09:00,992.6929988804374,1009.1331167381747,974.318749510025,975.7693481445312,2640200,0.0,0.0
2023-11-16 00:00:00+09:00,974.3187503274613,993.1765325918639,958.4588483002165,973.3516845703125,2005900,0.0,0.0
2023-11-17 00:00:00+09:00,977.7034853952397,994.6271362304688,973.8352223471873,994.6271362304688,1948300,0.0,0.0
2023-11-20 00:00:00+09:00,996.5612899116849,1001.8801517210145,967.54931640625,967.54931640625,1680600,0.0,0.0
2023-11-21 00:00:00+09:00,967.0657824917018,977.2199732078647,951.3026220420893,958.0720825195312,2026200,0.0,0.0
2023-11-22 00:00:00+09:00,969.9669313045512,981.088187246727,963.1007882024285,969.4833984375,1663400,0.0,0.0
2023-11-24 00:00:00+09:00,979.637624141004,979.637624141004,956.6214706404228,960.9732666015625,1446100,0.0,0.0
2023-11-27 00:00:00+09:00,965.9052722226222,970.450493113457,948.8849384048266,956.4280395507812,1708900,0.0,0.0
2023-11-28 00:00:00+09:00,963.1975257443873,964.938232359405,945.9837665069699,953.0433349609375,1675600,0.0,0.0
2023-11-29 00:00:00+09:00,958.3621611576682,969.966950192877,943.1792170316013,959.2325439453125,1802800,0.0,0.0
2023-11-30 00:00:00+09:00,962.2304548554866,963.294203607634,944.9199537159212,957.975341796875,2805800,0.0,0.0
2023-12-01 00:00:00+09:00,968.5163955114838,978.6705863780545,960.4897612029112,964.6481323242188,2104300,0.0,0.0
2023-12-04 00:00:00+09:00,964.5514193066591,969.4834311067743,953.3334209980485,958.6522827148438,1507300,0.0,0.0
2023-12-05 00:00:00+09:00,956.5247799773548,962.9074498112049,947.6278216438284,954.203857421875,1689000,0.0,0.0
2023-12-06 00:00:00+09:00,954.5906190585429,982.0553111436633,954.4939360894098,979.1541137695312,1854500,0.0,0.0
2023-12-07 00:00:00+09:00,978.6705268315171,997.5283087220454,975.7693296175897,995.5941772460938,2151200,0.0,0.0
2023-12-08 00:00:00+09:00,986.4071312176405,1004.7813817011064,972.868209808771,980.604736328125,2569000,0.0,0.0
2023-12-11 00:00:00+09:00,983.9893718518709,1010.5836791992188,970.9339846086274,1010.5836791992188,2758400,0.0,0.0
2023-12-12 00:00:00+09:00,1010.5837859093067,1025.0897732668566,997.5283972875119,1018.3203125,2555000,0.0,0.0
2023-12-13 00:00:00+09:00,1020.2544260627486,1036.6945447765559,1018.3202944493595,1033.309814453125,2455100,0.0,0.0
2023-12-14 00:00:00+09:00,1044.9145362643087,1050.2333978556587,1005.7483736370949,1014.4519653320312,2548500,0.0,0.0
2023-12-15 00:00:00+09:00,1007.6825500190548,1007.6825500190548,984.4729711318597,991.242431640625,2241600,0.0,0.0
2023-12-18 00:00:00+09:00,985.4399932211375,991.2423876856388,965.131612595383,976.2528686523438,2040000,0.0,0.0
2023-12-19 00:00:00+09:00,987.8577299400195,987.8577299400195,966.0987491043362,980.604736328125,1574600,0.0,0.0
2023-12-20 00:00:00+09:00,980.6047065686487,980.6047065686487,953.1400146484375,953.1400146484375,2338600,0.0,0.0
2023-12-21 00:00:00+09:00,953.9136706225195,960.1028559504989,947.0474684457656,947.7244262695312,1810700,0.0,0.0
2023-12-22 00:00:00+09:00,951.6894096815197,962.0370253237533,949.658595155245,958.1687622070312,1192400,0.0,0.0
2023-12-25 00:00:00+09:00,964.648136032684,966.098734733485,953.9137292567613,954.9774780273438,820400,0.0,0.0
2023-12-26 00:00:00+09:00,955.4609833218351,958.7490305586552,947.4343492143157,951.3026123046875,1071500,0.0,0.0
2023-12-27 00:00:00+09:00,952.5598165640247,981.5717906725737,952.5598165640247,978.6705932617188,1830700,0.0,0.0
2023-12-28 00:00:00+09:00,977.2199936251501,985.4400529480732,972.8681975130144,981.0882568359375,934200,0.0,0.0
2023-12-29 00:00:00+09:00,980.6046851566325,995.5942045056738,979.6376193921783,987.3741455078125,1395500,0.0,0.0
2024-01-04 00:00:00+09:00,979.6376602092272,1010.5837659611475,960.5864520506988,1007.1990356445312,1756800,0.0,0.0
2024-01-05 00:00:00+09:00,1015.419109215897,1032.8262939453125,1005.2649181237381,1032.8262939453125,1707500,0.0,0.0
2024-01-09 00:00:00+09:00,1031.8592089195179,1038.628669521614,1013.968491613978,1019.287353515625,1674900,0.0,0.0
2024-01-10 00:00:00+09:00,1020.2543225440452,1027.023782504053,1010.1001326040334,1015.9025268554688,1155100,0.0,0.0
2024-01-11 00:00:00+09:00,1013.4850162285093,1037.661662608006,1013.4850162285093,1026.5404052734375,1372000,0.0,0.0
2024-01-12 00:00:00+09:00,1022.6721325978784,1026.5403959835915,1015.9026716728807,1019.7709350585938,1094400,0.0,0.0
2024-01-15 00:00:00+09:00,1019.2873393441777,1026.540332745583,1019.2873393441777,1024.606201171875,242800,0.0,0.0
2024-01-16 00:00:00+09:00,1019.2872886174841,1047.815727909909,1017.8366900093947,1031.3756103515625,1598900,0.0,0.0
2024-01-17 00:00:00+09:00,1028.9580365622032,1041.5298922720797,1017.3532466761634,1018.3203125,1989100,0.0,0.0
2024-01-18 00:00:00+09:00,1012.5179156067242,1025.5733042033723,1009.6167181408023,1023.1556396484375,1298700,0.0,0.0
2024-01-19 00:00:00+09:00,1023.1556655210926,1023.1556655210926,1001.3966839764569,1019.7709350585938,1379100,0.0,0.0
2024-01-22 00:00:00+09:00,1019.7708565114815,1034.7603759765625,1010.5837316780447,1034.7603759765625,1532100,0.0,0.0
2024-01-23 00:00:00+09:00,1031.8592581389469,1038.6287190639446,1013.4850070568101,1019.7709350585938,1764100,0.0,0.0
2024-01-24 00:00:00+09:00,1021.7050543183965,1030.4086468303374,1013.4849947237856,1020.2544555664062,1504700,0.0,0.0
2024-01-25 00:00:00+09:00,1019.2872586655891,1051.6839599609375,1016.8695943898168,1051.6839599609375,2303200,0.0,0.0
2024-01-26 00:00:00+09:00,1048.2993256278032,1048.2993256278032,1023.6391477647876,1024.1226806640625,1640100,0.0,0.0
2024-01-29 00:00:00+09:00,1025.0896726410008,1066.1899661195316,1025.0896726410008,1065.222900390625,2662500,0.0,0.0
2024-01-30 00:00:00+09:00,1063.772268856273,1063.772268856273,1042.4968234791475,1052.16748046875,2024500,0.0,0.0
2024-01-31 00:00:00+09:00,1063.7723723993572,1080.696023778438,1052.6511157788186,1071.992431640625,2781200,0.0,0.0
2024-02-01 00:00:00+09:00,1154.6765367001644,1185.6226415363496,1112.1256425504096,1158.5447998046875,7627800,0.0,0.0
2024-02-02 00:00:00+09:00,1169.1825142725206,1173.0507773470367,1127.5986862214713,1149.357666015625,3383300,0.0,0.0
2024-02-05 00:00:00+09:00,1138.236428979325,1143.0717579044708,1120.8292448488,1129.5328369140625,2698000,0.0,0.0
2024-02-06 00:00:00+09:00,1125.6644794592696,1135.3351364992977,1118.89501953125,1118.89501953125,1612600,0.0,0.0
2024-02-07 00:00:00+09:00,1107.290267779269,1121.3127209520196,1098.5866761548032,1117.4444580078125,1519000,0.0,0.0
2024-02-08 00:00:00+09:00,1116.9609817619307,1119.378646224619,1088.4325411022103,1096.1690673828125,2083500,0.0,0.0
2024-02-09 00:00:00+09:00,1089.8831094100337,1093.7513724425448,1073.442991521861,1078.2783203125,1718900,0.0,0.0
2024-02-13 00:00:00+09:00,1086.9819267646417,1115.0268341277863,1083.5971965656413,1106.3232421875,1987200,0.0,0.0
2024-02-14 00:00:00+09:00,1098.1032547564234,1103.4221168446315,1074.8936747351518,1079.72900390625,1945500,0.0,0.0
2024-02-15 00:00:00+09:00,1078.2784071839503,1082.6302034461278,1069.5748146595956,1074.8936767578125,1365600,0.0,0.0
2024-02-16 00:00:00+09:00,1083.1136474609375,1093.2678379058839,1073.442989894322,1083.1136474609375,1661600,0.0,0.0
2024-02-19 00:00:00+09:00,1083.1136410361842,1102.4549560546875,1071.5088520250822,1102.4549560546875,1429400,0.0,0.0
2024-02-20 00:00:00+09:00,1102.4550092981217,1103.9056079945665,1084.564292041968,1090.8502197265625,1298900,0.0,0.0
2024-02-21 00:00:00+09:00,1097.1360575491747,1105.839649014968,1090.3665975202243,1103.905517578125,1772300,0.0,0.0
2024-02-22 00:00:00+09:00,1104.3890353308784,1127.5986122555203,1103.4219696256848,1114.0596923828125,1848900,0.0,0.0
2024-02-26 00:00:00+09:00,1133.4010320965456,1162.4130039078905,1130.0163020518887,1151.291748046875,3214200,0.0,0.0
2024-02-27 00:00:00+09:00,1159.9954560467986,1171.116713024321,1131.9505471469593,1137.2694091796875,3083200,0.0,0.0
2024-02-28 00:00:00+09:00,1142.5882761180644,1187.5568371332909,1139.687078633211,1184.6556396484375,2817400,0.0,0.0
2024-02-29 00:00:00+09:00,1185.6226204520203,1203.5133369922833,1168.215436791224,1183.2049560546875,3535700,0.0,0.0
2024-03-01 00:00:00+09:00,1178.8531536843147,1208.3486591702635,1170.6330947783945,1202.5462646484375,2236300,0.0,0.0
2024-03-04 00:00:00+09:00,1207.8651312337836,1210.2827956277663,1174.984895475618,1188.040283203125,2753600,0.0,0.0
2024-03-05 00:00:00+09:00,1193.359176856884,1215.1181569859602,1190.941512398098,1201.095703125,2805800,0.0,0.0
2024-03-06 00:00:00+09:00,1202.0628535532146,1237.8442900628438,1200.1287218499915,1231.0748291015625,3091900,0.0,0.0
2024-03-07 00:00:00+09:00,1242.1959535799297,1269.7573274040076,1227.2064344826242,1260.086669921875,4062300,0.0,0.0
2024-03-08 00:00:00+09:00,1264.9220051575896,1268.3067352937146,1231.0747037963392,1240.745361328125,4224800,0.0,0.0
2024-03-11 00:00:00+09:00,1257.1853969015249,1275.5596450100857,1215.6015722347822,1224.7886962890625,3629100,0.0,0.0
2024-03-12 00:00:00+09:00,1220.9206274000264,1226.7230224609375,1192.392185017214,1226.7230224609375,2329000,0.0,0.0
2024-03-13 00:00:00+09:00,1228.1735221098354,1256.7019621903396,1211.7334040973417,1230.5911865234375,2665800,0.0,0.0
2024-03-14 00:00:00+09:00,1218.0193817608174,1257.185546875,1215.601717247596,1257.185546875,3198500,0.0,0.0
2024-03-15 00:00:00+09:00,1255.2513747453418,1295.384604369326,1250.4160458749823,1268.3067626953125,5509400,0.0,0.0
2024-03-18 00:00:00+09:00,1297.3187341628488,1310.3741220951624,1258.1525703659086,1273.14208984375,4278300,0.0,0.0
2024-03-19 00:00:00+09:00,1279.4279950997877,1314.725895191354,1276.5267978319878,1302.6375732421875,3642300,0.0,0.0
2024-03-21 00:00:00+09:00,1315.209384704969,1332.6165677378287,1296.3516030860374,1323.429443359375,2828900,0.0,0.0
2024-03-22 00:00:00+09:00,1321.0118429634315,1356.793276484403,1317.1435798800833,1349.540283203125,2946000,0.0,0.0
2024-03-25 00:00:00+09:00,1349.5403741375583,1350.9909728915577,1332.6167220075638,1336.4849853515625,2471500,0.0,0.0
2024-03-26 00:00:00+09:00,1326.8142796240481,1343.737931149865,1317.6271545100333,1333.583740234375,2117000,0.0,0.0
2024-03-27 00:00:00+09:00,1339.8696358791424,1348.5732278841313,1310.3741296400128,1320.5283203125,2343500,0.0,0.0
2024-03-28 00:00:00+09:00,1326.9314454926775,1355.9919337198742,1321.0208377176546,1334.812255859375,1820100,25.0,0.0
2024-03-29 00:00:00+09:00,1336.7824679539933,1364.8578550849359,1330.3793094855328,1355.991943359375,1117600,0.0,0.0
2024-04-01 00:00:00+09:00,1355.991888804608,1358.4546419626258,1308.2144775390625,1308.2144775390625,1989500,0.0,0.0
2024-04-02 00:00:00+09:00,1308.2144713757536,1330.3792496934905,1303.7815157122063,1307.2293701171875,1953400,0.0,0.0
2024-04-03 00:00:00+09:00,1303.289017382164,1356.9770381284438,1296.8858589445344,1335.3048095703125,3387400,0.0,0.0
2024-04-04 00:00:00+09:00,1364.3652429353306,1428.3968247337395,1352.0514772048673,1404.75439453125,5662300,0.0,0.0
2024-04-05 00:00:00+09:00,1403.7693300726694,1417.5607480523306,1380.1268992503929,1410.6650390625,4025100,0.0,0.0
2024-04-08 00:00:00+09:00,1418.5458984375,1423.4714050292969,1390.4705108642577,1398.8438720703125,3252800,0.0,0.0
2024-04-09 00:00:00+09:00,1398.8438418717335,1416.5756652194034,1383.0822211182492,1413.620361328125,2385000,0.0,0.0
2024-04-10 00:00:00+09:00,1418.5458167330678,1492.4284113545818,1409.6799053784862,1483.5625,5850200,0.0,0.0
2024-04-11 00:00:00+09:00,1459.9201077759722,1579.1173635390576,1455.4871519831302,1548.5792236328125,8656000,0.0,0.0
2024-04-12 00:00:00+09:00,1548.5791774029242,1565.3258987870524,1513.6080827478327,1541.19091796875,4849900,0.0,0.0
2024-04-15 00:00:00+09:00,1520.0112664751011,1665.8062550935813,1505.2347473583632,1643.14892578125,10130800,0.0,0.0
2024-04-16 00:00:00+09:00,1625.9096248152048,1667.2838776126835,1610.1480047018795,1619.013916015625,9649100,0.0,0.0
2024-04-17 00:00:00+09:00,1616.5512634277343,1643.1489990234375,1498.831655883789,1517.0560302734375,11348100,0.0,0.0
2024-04-18 00:00:00+09:00,1486.5178624124878,1525.4293637811381,1478.6370520087105,1512.623046875,6359200,0.0,0.0
2024-04-19 00:00:00+09:00,1512.1304365869855,1519.0261454183267,1443.1733482735724,1483.5625,4963400,0.0,0.0
2024-04-22 00:00:00+09:00,1502.2794465996853,1554.9823648902318,1494.8911870262443,1506.71240234375,4216000,0.0,0.0
2024-04-23 00:00:00+09:00,1518.0411064433542,1539.71333508823,1467.3083893883038,1473.7115478515625,4054300,0.0,0.0
2024-04-24 00:00:00+09:00,1486.51782447838,1492.9209827680481,1453.024381117038,1467.308349609375,4228200,0.0,0.0
2024-04-25 00:00:00+09:00,1467.8008604033166,1468.7859616519092,1416.5755954764893,1421.99365234375,3729200,0.0,0.0
2024-04-26 00:00:00+09:00,1405.7394927047253,1420.023460920716,1391.455524488735,1404.2618408203125,3134100,0.0,0.0
2024-04-30 00:00:00+09:00,1399.8288935476953,1469.7710831619715,1386.5300265083613,1444.6510009765625,5367000,0.0,0.0
2024-05-01 00:00:00+09:00,1482.5774466613636,1593.4013421759173,1458.9350156182588,1569.7589111328125,16266600,0.0,0.0
2024-05-02 00:00:00+09:00,1576.6546479591775,1628.865017432365,1575.6695466483627,1593.8939208984375,8682500,0.0,0.0
2024-05-07 00:00:00+09:00,1587.983297788997,1605.2225705627611,1570.7440250152333,1591.43115234375,3419400,0.0,0.0
2024-05-08 00:00:00+09:00,1576.6546447467358,1589.9535124156398,1532.8176365047927,1573.6993408203125,3085200,0.0,0.0
2024-05-09 00:00:00+09:00,1595.8640885830682,1597.3417405169414,1542.6686189636328,1549.07177734375,2165700,0.0,0.0
2024-05-10 00:00:00+09:00,1551.5345764160156,1592.4162811279296,1545.1314178466796,1576.162109375,2341600,0.0,0.0
2024-05-13 00:00:00+09:00,1572.221707183249,1573.6993591636842,1525.921945129607,1556.95263671875,2726200,0.0,0.0
2024-05-14 00:00:00+09:00,1555.474936301143,1577.14716467266,1550.5494298530712,1568.7738037109375,2312700,0.0,0.0
2024-05-15 00:00:00+09:00,1595.8640664211878,1605.2225285390898,1535.2803379737168,1545.6239013671875,2657000,0.0,0.0
2024-05-16 00:00:00+09:00,1562.8632354446422,1575.1770018758164,1542.6686584975164,1555.4749755859375,1998200,0.0,0.0
2024-05-17 00:00:00+09:00,1548.5792607457647,1624.924612341055,1547.5941594348576,1613.595947265625,3788400,0.0,0.0
2024-05-20 00:00:00+09:00,1639.701042995128,1696.836915926169,1613.595859673187,1677.62744140625,5773600,0.0,0.0
2024-05-21 00:00:00+09:00,1670.2391801410558,1728.852704893868,1665.8062244874818,1696.8369140625,4242700,0.0,0.0
2024-05-22 00:00:00+09:00,1699.2996672033744,1719.9867935867198,1669.2540788847061,1696.8369140625,3509200,0.0,0.0
2024-05-23 00:00:00+09:00,1712.1060011563827,1754.4653556153726,1679.5976593622743,1738.7037353515625,4725000,0.0,0.0
2024-05-24 00:00:00+09:00,1699.299654527144,1781.5556088187477,1672.7019208041104,1733.7781982421875,5127100,0.0,0.0
2024-05-27 00:00:00+09:00,1758.8983980047112,1814.5566223044964,1748.5548341967867,1811.601318359375,7893200,0.0,0.0
2024-05-28 00:00:00+09:00,1842.139453430494,1899.2753295261991,1842.139453430494,1889.42431640625,9841200,0.0,0.0
2024-05-29 00:00:00+09:00,1911.0964348328237,1928.8282574240561,1846.0797519983048,1852.48291015625,6438400,0.0,0.0
2024-05-30 00:00:00+09:00,1805.690663471057,1821.9448347461646,1739.1963264365254,1764.8089599609375,7644900,0.0,0.0
2024-05-31 00:00:00+09:00,1791.899246569901,1809.1385191454772,1761.36110657888,1804.2130126953125,6193200,0.0,0.0
2024-06-03 00:00:00+09:00,1826.3777674334083,1830.8107231796057,1706.1954116476068,1741.6590576171875,9358700,0.0,0.0
2024-06-04 00:00:00+09:00,1740.6739357591712,1740.6739357591712,1674.6721509850543,1699.2996826171875,5076200,0.0,0.0
2024-06-05 00:00:00+09:00,1746.5845250748798,1776.137562724201,1706.1953736208075,1754.9578857421875,8793000,0.0,0.0
2024-06-06 00:00:00+09:00,1778.1078224630182,1807.6608610635117,1761.8536512327469,1803.2279052734375,5755600,0.0,0.0
2024-06-07 00:00:00+09:00,1836.7213166880497,1873.6626142883724,1778.107791162204,1778.600341796875,6671800,0.0,0.0
2024-06-10 00:00:00+09:00,1760.3759488270293,1788.4513346924857,1743.6292274335992,1755.9429931640625,3863700,0.0,0.0
2024-06-11 00:00:00+09:00,1764.8089538250379,1811.1087142658846,1748.5547826064428,1763.8238525390625,4758600,0.0,0.0
2024-06-12 00:00:00+09:00,1764.3164519620204,1773.6749144375308,1721.9570954939204,1752.002685546875,3166500,0.0,0.0
2024-06-13 00:00:00+09:00,1740.673966471354,1743.13671967802,1683.0455414353755,1684.523193359375,5043400,0.0,0.0
2024-06-14 00:00:00+09:00,1683.0455018647745,1750.0323875111337,1679.5976474565061,1736.7335205078125,4507700,0.0,0.0
2024-06-17 00:00:00+09:00,1720.4793504626984,1721.9570023525891,1691.4188632948487,1697.822021484375,2623000,0.0,0.0
2024-06-18 00:00:00+09:00,1684.523216985887,1699.2997364331318,1643.6415131818437,1649.0595703125,3866400,0.0,0.0
2024-06-19 00:00:00+09:00,1651.0297246279101,1663.8360411077208,1636.7457562465827,1660.8807373046875,2507900,0.0,0.0
2024-06-20 00:00:00+09:00,1653.9850253657112,1667.2838924547148,1633.2978987828167,1660.38818359375,2211400,0.0,0.0
2024-06-21 00:00:00+09:00,1657.925462802492,1660.388216015211,1617.0437594713549,1626.4022216796875,6326100,0.0,0.0
2024-06-24 00:00:00+09:00,1623.9394469751755,1644.626573688235,1609.6554785304438,1622.954345703125,2504600,0.0,0.0
2024-06-25 00:00:00+09:00,1640.1936950683594,1650.5372589111328,1623.9395233154296,1635.2681884765625,2237500,0.0,0.0
2024-06-26 00:00:00+09:00,1649.0595148859798,1661.8658313098254,1635.2680971987613,1640.193603515625,2922500,0.0,0.0
2024-06-27 00:00:00+09:00,1635.2681155856565,1668.7615589169288,1633.7904636739827,1643.14892578125,2698000,0.0,0.0
2024-06-28 00:00:00+09:00,1639.2085753621002,1641.6713286303725,1598.3268711087785,1632.3128662109375,3666700,0.0,0.0
2024-07-01 00:00:00+09:00,1653.9850695972711,1656.9403734738594,1604.7300049874655,1608.67041015625,2594100,0.0,0.0
2024-07-02 00:00:00+09:00,1604.237445163756,1618.0288631756027,1593.4013310115906,1607.1927490234375,1897200,0.0,0.0
2024-07-03 00:00:00+09:00,1602.7597938604583,1631.3277311818802,1592.4162303475296,1626.894775390625,2231400,0.0,0.0
2024-07-04 00:00:00+09:00,1625.4171721837374,1651.029806412087,1586.9982208412127,1595.37158203125,3405500,0.0,0.0
2024-07-05 00:00:00+09:00,1595.8640860552764,1598.3268392744974,1559.415338410804,1568.28125,3102400,0.0,0.0
2024-07-08 00:00:00+09:00,1559.9078343042015,1559.9078343042015,1520.011233553131,1520.5037841796875,3980600,0.0,0.0
2024-07-09 00:00:00+09:00,1526.9069670398324,1539.2207329030568,1517.5485049837819,1524.4442138671875,2765700,0.0,0.0
2024-07-10 00:00:00+09:00,1517.056033324205,1532.8176544496512,1508.6826721013115,1517.548583984375,2467700,0.0,0.0
2024-07-11 00:00:00+09:00,1526.9069497293465,1554.9823355792084,1513.1155321188878,1541.19091796875,3872100,0.0,0.0
2024-07-12 00:00:00+09:00,1542.6685680042613,1569.2663019353693,1542.6685680042613,1560.400390625,2804100,0.0,0.0
2024-07-16 00:00:00+09:00,1544.6387538024335,1561.3854749852405,1536.2653932110302,1538.235595703125,2073100,0.0,0.0
2024-07-17 00:00:00+09:00,1553.5047639897546,1591.4311643788512,1542.1760989384659,1573.6993408203125,3000100,0.0,0.0
2024-07-18 00:00:00+09:00,1589.95341984218,1627.87981802305,1572.7141479417846,1617.5362548828125,4586200,0.0,0.0
2024-07-19 00:00:00+09:00,1623.4468641660246,1649.0594967317509,1579.6098584285319,1598.3267822265625,4673800,0.0,0.0
2024-07-22 00:00:00+09:00,1604.7299390295925,1611.6256477915367,1563.355686457927,1578.624755859375,2246800,0.0,0.0
2024-07-23 00:00:00+09:00,1590.938607266393,1597.341765747651,1545.6239472451832,1553.01220703125,2260600,0.0,0.0
2024-07-24 00:00:00+09:00,1549.564276165085,1550.549377421388,1497.3539095810102,1501.786865234375,3305900,0.0,0.0
2024-07-25 00:00:00+09:00,1487.9954956659994,1511.6379265802557,1475.6817295648243,1489.9656982421875,4032200,0.0,0.0
2024-07-26 00:00:00+09:00,1492.4284539602781,1494.891207184635,1465.3381684923525,1470.7562255859375,2631600,0.0,0.0
2024-07-29 00:00:00+09:00,1485.040219698338,1537.743139601397,1478.6370612054432,1533.802734375,2825500,0.0,0.0
2024-07-30 00:00:00+09:00,1500.3092836538951,1533.3101772864661,1500.3092836538951,1513.1156005859375,1947700,0.0,0.0
2024-07-31 00:00:00+09:00,1536.758056640625,1564.833444213867,1517.0560302734375,1556.4600830078125,3425900,0.0,0.0
2024-08-01 00:00:00+09:00,1475.189146389547,1475.189146389547,1400.814000778588,1445.6361083984375,7464800,0.0,0.0
2024-08-02 00:00:00+09:00,1415.590585462108,1454.0095366333135,1400.321515124834,1436.770263671875,5360500,0.0,0.0
2024-08-05 00:00:00+09:00,1377.664125283013,1379.141777187142,1250.0935108932022,1289.9901123046875,6507400,0.0,0.0
2024-08-06 00:00:00+09:00,1371.7535472772743,1415.0980040673642,1353.0366227542809,1412.1427001953125,3783600,0.0,0.0
2024-08-07 00:00:00+09:00,1375.2014231233072,1500.8018396334949,1367.3206126756093,1454.99462890625,3330700,0.0,0.0
2024-08-08 00:00:00+09:00,1438.2478287277838,1497.3539038809804,1429.874468081081,1461.8902587890625,2200200,0.0,0.0
2024-08-09 00:00:00+09:00,1462.3828815093823,1467.3083880149713,1369.2908085537497,1394.9034423828125,5700300,0.0,0.0
2024-08-13 00:00:00+09:00,1414.6054094634635,1464.353023097102,1412.6352069433194,1444.158447265625,2399200,0.0,0.0
2024-08-14 00:00:00+09:00,1442.1882845660016,1472.7264244714293,1428.3968665441957,1450.5616455078125,2235800,0.0,0.0
2024-08-15 00:00:00+09:00,1463.860510450266,1482.5774348772882,1452.039295022673,1469.7711181640625,1402600,0.0,0.0
2024-08-16 00:00:00+09:00,1494.3986571136093,1505.2347713049405,1476.1742832463701,1490.458251953125,1522400,0.0,0.0
2024-08-19 00:00:00+09:00,1502.77197265625,1536.2654155079788,1480.6071942984881,1502.77197265625,2654500,0.0,0.0
2024-08-20 00:00:00+09:00,1520.9963863362843,1535.7729056335927,1484.0550880930132,1509.1751708984375,2023900,0.0,0.0
2024-08-21 00:00:00+09:00,1492.4284973144531,1505.234814453125,1470.7562683105468,1477.6519775390625,1490500,0.0,0.0
2024-08-22 00:00:00+09:00,1477.6518862904902,1488.9805507520505,1465.830671200166,1482.577392578125,1228400,0.0,0.0
2024-08-23 00:00:00+09:00,1469.7711699867436,1503.264614879203,1469.7711699867436,1497.8465576171875,1953500,0.0,0.0
2024-08-26 00:00:00+09:00,1497.353933180726,1505.7272939912762,1476.1742558363933,1486.0252685546875,1370100,0.0,0.0
2024-08-27 00:00:00+09:00,1498.3390108373135,1508.682574028498,1486.5177957616738,1501.786865234375,1014100,0.0,0.0
2024-08-28 00:00:00+09:00,1488.4880093974289,1498.8315726659087,1473.7114904424577,1484.0550537109375,1377800,0.0,0.0
2024-08-29 00:00:00+09:00,1484.055117924589,1495.8763336000586,1472.7264529022639,1494.398681640625,4383300,0.0,0.0
2024-08-30 00:00:00+09:00,1501.2943097439868,1524.9367398186953,1497.3539047315353,1520.5037841796875,1941000,0.0,0.0
2024-09-02 00:00:00+09:00,1521.9814251433418,1552.5195637708134,1508.1900076986772,1538.235595703125,1924800,0.0,0.0
2024-09-03 00:00:00+09:00,1541.683472834927,1564.340801828667,1529.3697070774595,1561.385498046875,1363000,0.0,0.0
2024-09-04 00:00:00+09:00,1517.0559956820844,1523.4591541054178,1464.3530763515703,1472.23388671875,3500000,0.0,0.0
2024-09-05 00:00:00+09:00,1469.2785207593222,1531.832450406132,1464.3530144879198,1501.2943115234375,3136100,0.0,0.0
2024-09-06 00:00:00+09:00,1509.6677403097367,1586.0130909616157,1509.1751896603698,1531.83251953125,4178700,0.0,0.0
2024-09-09 00:00:00+09:00,1495.3837896736154,1580.5950530509328,1481.0998206681693,1574.19189453125,4162900,0.0,0.0
2024-09-10 00:00:00+09:00,1583.0577164009462,1592.4161783211757,1539.7132611914617,1559.9078369140625,2982000,0.0,0.0
2024-09-11 00:00:00+09:00,1581.0875232588228,1583.0577257800178,1544.6387766167193,1561.385498046875,3460600,0.0,0.0
2024-09-12 00:00:00+09:00,1576.1620273109245,1605.2225146894696,1569.7588690749737,1582.565185546875,2503400,0.0,0.0
2024-09-13 00:00:00+09:00,1573.6993070822864,1593.8938834798994,1555.9674839038944,1568.28125,2363500,0.0,0.0
2024-09-17 00:00:00+09:00,1588.9683194346558,1589.9534206866301,1511.637871154668,1539.7132568359375,2022300,0.0,0.0
2024-09-18 00:00:00+09:00,1560.4004110325754,1603.2523162597956,1549.0717464322756,1602.759765625,3618000,0.0,0.0
2024-09-19 00:00:00+09:00,1606.7001799459579,1620.491597799571,1587.490705078425,1604.2374267578125,2348600,0.0,0.0
2024-09-20 00:00:00+09:00,1605.2225420056911,1615.5661054859365,1562.3706361589605,1567.296142578125,3169400,0.0,0.0
2024-09-24 00:00:00+09:00,1583.0578004062065,1614.0884915778279,1569.7589327612259,1592.9088134765625,2106500,0.0,0.0
2024-09-25 00:00:00+09:00,1607.1927203479286,1607.1927203479286,1569.266321492032,1583.0577392578125,1678900,0.0,0.0
2024-09-26 00:00:00+09:00,1599.8045292014301,1653.0,1579.1174016686532,1653.0,2819100,0.0,0.0
2024-09-27 00:00:00+09:00,1634.0,1656.5,1614.5,1641.0,2193600,25.0,0.0
2024-09-30 00:00:00+09:00,1580.0,1608.0,1551.0,1562.5,3094000,0.0,0.0
2024-10-01 00:00:00+09:00,1570.0,1598.0,1561.5,1596.5,1924900,0.0,0.0
2024-10-02 00:00:00+09:00,1591.0,1619.5,1582.5,1599.5,2175000,0.0,0.0
2024-10-03 00:00:00+09:00,1638.5,1658.0,1596.0,1599.0,1626600,0.0,0.0
2024-10-04 00:00:00+09:00,1606.0,1668.0,1603.0,1655.5,2819800,0.0,0.0
2024-10-07 00:00:00+09:00,1653.5,1671.5,1632.5,1661.0,1792100,0.0,0.0
2024-10-08 00:00:00+09:00,1641.0,1692.5,1640.0,1661.5,1676600,0.0,0.0
2024-10-09 00:00:00+09:00,1680.0,1687.0,1631.5,1639.0,1257800,0.0,0.0
2024-10-10 00:00:00+09:00,1639.0,1657.0,1625.5,1629.5,1003700,0.0,0.0
2024-10-11 00:00:00+09:00,1631.0,1648.0,1620.0,1620.0,973700,0.0,0.0
2024-10-15 00:00:00+09:00,1637.0,1639.5,1595.0,1615.5,1577300,0.0,0.0
2024-10-16 00:00:00+09:00,1625.0,1650.0,1610.5,1613.5,1203400,0.0,0.0
2024-10-17 00:00:00+09:00,1675.0,1750.0,1665.0,1742.5,6290500,0.0,0.0
2024-10-18 00:00:00+09:00,1750.0,1751.5,1708.5,1712.0,2827500,0.0,0.0
2024-10-21 00:00:00+09:00,1705.0,1706.0,1636.5,1641.0,3042800,0.0,0.0
2024-10-22 00:00:00+09:00,1629.0,1663.0,1623.5,1650.5,1578500,0.0,0.0
2024-10-23 00:00:00+09:00,1638.5,1669.5,1634.5,1640.5,1233300,0.0,0.0
2024-10-24 00:00:00+09:00,1626.0,1626.0,1597.0,1607.5,1362600,0.0,0.0
2024-10-25 00:00:00+09:00,1610.0,1629.5,1599.0,1609.0,1567500,0.0,0.0
2024-10-28 00:00:00+09:00,1602.0,1638.0,1584.5,1620.0,1528900,0.0,0.0
2024-10-29 00:00:00+09:00,1629.5,1649.0,1626.0,1649.0,1114300,0.0,0.0
2024-10-30 00:00:00+09:00,1680.0,1727.0,1677.5,1710.0,4032700,0.0,0.0
2024-10-31 00:00:00+09:00,1705.5,1733.0,1696.0,1713.5,2852800,0.0,0.0
2024-11-01 00:00:00+09:00,1680.5,1709.0,1630.5,1634.5,3264600,0.0,0.0
2024-11-05 00:00:00+09:00,1622.0,1624.0,1584.5,1611.0,2076100,0.0,0.0
2024-11-06 00:00:00+09:00,1606.5,1615.0,1582.0,1587.0,2493800,0.0,0.0
2024-11-07 00:00:00+09:00,1602.0,1643.0,1595.5,1640.0,2444700,0.0,0.0
2024-11-08 00:00:00+09:00,1675.0,1675.0,1634.5,1649.0,1440100,0.0,0.0
2024-11-11 00:00:00+09:00,1649.0,1658.0,1632.0,1650.0,854600,0.0,0.0
2024-11-12 00:00:00+09:00,1661.0,1683.5,1649.0,1665.5,1579100,0.0,0.0
2024-11-13 00:00:00+09:00,1666.0,1677.5,1624.5,1631.0,1378400,0.0,0.0
2024-11-14 00:00:00+09:00,1550.0,1551.0,1473.0,1490.0,7560200,0.0,0.0
2024-11-15 00:00:00+09:00,1520.0,1566.5,1512.0,1533.5,4677600,0.0,0.0
2024-11-18 00:00:00+09:00,1531.5,1554.5,1520.5,1540.0,2118000,0.0,0.0
2024-11-19 00:00:00+09:00,1545.0,1545.0,1506.5,1525.5,1807400,0.0,0.0
2024-11-20 00:00:00+09:00,1525.0,1525.0,1467.5,1473.0,2043800,0.0,0.0
2024-11-21 00:00:00+09:00,1460.5,1461.0,1412.0,1420.5,4084000,0.0,0.0
2024-11-22 00:00:00+09:00,1402.5,1418.0,1384.0,1386.5,5324300,0.0,0.0
2024-11-25 00:00:00+09:00,1401.0,1407.0,1367.5,1367.5,5377800,0.0,0.0
2024-11-26 00:00:00+09:00,1374.5,1391.5,1366.0,1373.5,3326400,0.0,0.0
2024-11-27 00:00:00+09:00,1376.5,1401.5,1366.0,1394.0,3024500,0.0,0.0
2024-11-28 00:00:00+09:00,1393.5,1453.0,1391.5,1448.5,3780200,0.0,0.0
2024-11-29 00:00:00+09:00,1477.0,1494.5,1445.0,1476.0,5998000,0.0,0.0
2024-12-02 00:00:00+09:00,1500.0,1539.5,1488.0,1529.5,4564400,0.0,0.0
2024-12-03 00:00:00+09:00,1532.5,1536.5,1510.0,1516.0,3241000,0.0,0.0
2024-12-04 00:00:00+09:00,1500.0,1505.0,1475.0,1493.0,2450200,0.0,0.0
2024-12-05 00:00:00+09:00,1494.5,1498.0,1441.0,1452.5,2293300,0.0,0.0
2024-12-06 00:00:00+09:00,1465.5,1479.5,1436.0,1439.0,1955900,0.0,0.0
2024-12-09 00:00:00+09:00,1448.0,1459.0,1430.5,1434.0,1763400,0.0,0.0
2024-12-10 00:00:00+09:00,1430.0,1438.0,1422.0,1428.5,1562500,0.0,0.0
2024-12-11 00:00:00+09:00,1433.5,1443.0,1409.0,1410.5,1609300,0.0,0.0
2024-12-12 00:00:00+09:00,1420.0,1449.5,1416.0,1428.0,2302600,0.0,0.0
2024-12-13 00:00:00+09:00,1419.5,1438.5,1405.0,1414.5,1930200,0.0,0.0
2024-12-16 00:00:00+09:00,1410.0,1419.5,1401.0,1406.0,1148000,0.0,0.0
2024-12-17 00:00:00+09:00,1401.5,1427.0,1400.0,1400.0,1460600,0.0,0.0
2024-12-18 00:00:00+09:00,1400.0,1419.0,1389.5,1405.0,1826100,0.0,0.0
2024-12-19 00:00:00+09:00,1385.0,1394.5,1372.0,1376.0,1861200,0.0,0.0
2024-12-20 00:00:00+09:00,1370.0,1372.5,1326.5,1333.0,4733900,0.0,0.0
2024-12-23 00:00:00+09:00,1333.0,1369.5,1326.5,1367.5,3134200,0.0,0.0
2024-12-24 00:00:00+09:00,1368.0,1401.5,1360.5,1393.5,1904200,0.0,0.0
2024-12-25 00:00:00+09:00,1391.5,1391.5,1358.0,1375.0,1416400,0.0,0.0
2024-12-26 00:00:00+09:00,1377.0,1384.0,1367.0,1384.0,1434800,0.0,0.0
2024-12-27 00:00:00+09:00,1397.5,1423.0,1397.5,1418.0,1733200,0.0,0.0
2024-12-30 00:00:00+09:00,1426.0,1435.0,1403.0,1413.0,1368000,0.0,0.0
2025-01-06 00:00:00+09:00,1429.5,1431.5,1400.5,1413.5,1644500,0.0,0.0
2025-01-07 00:00:00+09:00,1413.0,1413.0,1389.0,1403.0,1636700,0.0,0.0
2025-01-08 00:00:00+09:00,1411.0,1444.5,1406.5,1409.5,1759300,0.0,0.0
2025-01-09 00:00:00+09:00,1406.0,1406.0,1367.0,1367.0,1384900,0.0,0.0
2025-01-10 00:00:00+09:00,1366.0,1369.0,1351.0,1355.5,1104500,0.0,0.0
2025-01-14 00:00:00+09:00,1344.0,1350.0,1306.0,1315.0,2499600,0.0,0.0
2025-01-15 00:00:00+09:00,1315.0,1325.0,1312.5,1322.5,1363700,0.0,0.0
2025-01-16 00:00:00+09:00,1334.0,1337.0,1314.5,1325.0,1061400,0.0,0.0
2025-01-17 00:00:00+09:00,1326.0,1351.5,1322.0,1341.0,1673000,0.0,0.0
2025-01-20 00:00:00+09:00,1339.5,1360.0,1336.0,1357.5,814800,0.0,0.0
2025-01-21 00:00:00+09:00,1366.0,1367.0,1336.0,1341.5,1176200,0.0,0.0
2025-01-22 00:00:00+09:00,1351.0,1379.5,1344.5,1370.0,1824500,0.0,0.0
2025-01-23 00:00:00+09:00,1363.0,1364.0,1338.5,1344.5,1740500,0.0,0.0
2025-01-24 00:00:00+09:00,1351.5,1387.0,1345.5,1356.5,2215000,0.0,0.0
2025-01-27 00:00:00+09:00,1377.5,1382.0,1358.0,1370.5,1218400,0.0,0.0
2025-01-28 00:00:00+09:00,1354.0,1354.0,1323.5,1323.5,4389200,0.0,0.0
2025-01-29 00:00:00+09:00,1323.5,1340.0,1312.0,1337.0,1325400,0.0,0.0
2025-01-30 00:00:00+09:00,1327.0,1344.0,1325.5,1343.0,1269500,0.0,0.0
2025-01-31 00:00:00+09:00,1339.0,1355.0,1334.0,1348.5,2681100,0.0,0.0
2025-02-03 00:00:00+09:00,1335.0,1335.0,1284.0,1287.5,4516300,0.0,0.0
2025-02-04 00:00:00+09:00,1290.0,1291.0,1269.0,1276.0,2912800,0.0,0.0
2025-02-05 00:00:00+09:00,1278.5,1291.0,1264.0,1291.0,1684300,0.0,0.0
2025-02-06 00:00:00+09:00,1303.0,1315.0,1299.0,1307.0,1813200,0.0,0.0
2025-02-07 00:00:00+09:00,1310.0,1311.0,1293.0,1295.5,1155200,0.0,0.0
2025-02-10 00:00:00+09:00,1299.5,1307.0,1296.5,1303.0,1091100,0.0,0.0
2025-02-12 00:00:00+09:00,1307.0,1307.0,1288.0,1296.5,1442000,0.0,0.0
2025-02-13 00:00:00+09:00,1297.0,1307.0,1294.0,1302.5,1069300,0.0,0.0
2025-02-14 00:00:00+09:00,1302.0,1311.0,1292.0,1294.5,1095400,0.0,0.0
2025-02-17 00:00:00+09:00,1300.0,1319.0,1294.5,1298.0,1242500,0.0,0.0
2025-02-18 00:00:00+09:00,1297.0,1309.0,1284.0,1302.5,1101400,0.0,0.0
2025-02-19 00:00:00+09:00,1303.0,1314.0,1276.0,1276.0,1901100,0.0,0.0
2025-02-20 00:00:00+09:00,1275.0,1279.5,1263.5,1269.5,1585000,0.0,0.0
2025-02-21 00:00:00+09:00,1266.0,1289.5,1258.0,1267.0,2670900,0.0,0.0
2025-02-25 00:00:00+09:00,1262.0,1288.5,1258.0,1288.5,2211100,0.0,0.0
2025-02-26 00:00:00+09:00,1290.0,1309.5,1284.5,1308.0,1960900,0.0,0.0
2025-02-27 00:00:00+09:00,1305.0,1316.0,1294.5,1307.0,1322300,0.0,0.0
2025-02-28 00:00:00+09:00,1305.0,1332.5,1305.0,1317.5,2905500,0.0,0.0
2025-03-03 00:00:00+09:00,1339.0,1363.5,1336.5,1356.5,2833200,0.0,0.0
2025-03-04 00:00:00+09:00,1353.5,1364.0,1343.5,1346.5,2105000,0.0,0.0
2025-03-05 00:00:00+09:00,1346.0,1358.0,1323.0,1339.5,2051200,0.0,0.0
2025-03-06 00:00:00+09:00,1340.0,1348.0,1319.5,1326.0,1504200,0.0,0.0
2025-03-07 00:00:00+09:00,1315.0,1343.5,1313.0,1343.0,1499300,0.0,0.0
2025-03-10 00:00:00+09:00,1344.0,1356.0,1338.5,1353.0,1489500,0.0,0.0
2025-03-11 00:00:00+09:00,1340.0,1348.5,1303.0,1339.5,2798800,0.0,0.0
2025-03-12 00:00:00+09:00,1333.0,1357.5,1331.0,1341.5,2888900,0.0,0.0
2025-03-13 00:00:00+09:00,1335.0,1345.0,1325.5,1345.0,1995900,0.0,0.0
2025-03-14 00:00:00+09:00,1338.5,1364.5,1337.5,1356.5,2663600,0.0,0.0
