Date,Open,High,Low,Close,Volume,Dividends,Stock Splits
2015-03-17 00:00:00-04:00,1591.7098388671875,1595.725341796875,1513.4715576171875,1578.885986328125,51871,0.0,0.0
2015-03-18 00:00:00-04:00,1567.3575439453125,1591.83935546875,1536.9171142578125,1560.3626708984375,49393,0.0,0.0
2015-03-19 00:00:00-04:00,1575.7772216796875,1669.4300537109375,1562.1761474609375,1637.3056640625,59706,0.0,0.0
2015-03-20 00:00:00-04:00,1650.647705078125,1660.233154296875,1556.2176513671875,1616.0621337890625,104135,0.0,0.0
2015-03-23 00:00:00-04:00,1613.21240234375,1613.21240234375,1511.9171142578125,1554.274658203125,87661,0.0,0.0
2015-03-24 00:00:00-04:00,1551.554443359375,1601.165771484375,1524.4818115234375,1569.6890869140625,57923,0.0,0.0
2015-03-25 00:00:00-04:00,1586.39892578125,1586.39892578125,1424.8704833984375,1430.3109130859375,113152,0.0,0.0
2015-03-26 00:00:00-04:00,1406.34716796875,1476.4249267578125,1378.7564697265625,1446.632080078125,67450,0.0,0.0
2015-03-27 00:00:00-04:00,1451.0362548828125,1493.7823486328125,1441.0621337890625,1481.994873046875,29429,0.0,0.0
2015-03-30 00:00:00-04:00,1515.673583984375,1606.088134765625,1515.673583984375,1604.792724609375,59151,0.0,0.0
2015-03-31 00:00:00-04:00,1588.7305908203125,1619.04150390625,1553.1087646484375,1564.3782958984375,36315,0.0,0.0
2015-04-01 00:00:00-04:00,1566.191650390625,1567.8756103515625,1502.5906982421875,1561.0103759765625,49393,0.0,0.0
2015-04-02 00:00:00-04:00,1554.274658203125,1561.5284423828125,1509.4559326171875,1534.8446044921875,24117,0.0,0.0
2015-04-06 00:00:00-04:00,1529.6632080078125,1580.0517578125,1516.83935546875,1554.792724609375,30587,0.0,0.0
2015-04-07 00:00:00-04:00,1555.8289794921875,1622.020751953125,1548.834228515625,1560.880859375,27784,0.0,0.0
2015-04-08 00:00:00-04:00,1562.953369140625,1663.9896240234375,1562.953369140625,1627.8497314453125,36207,0.0,0.0
2015-04-09 00:00:00-04:00,1620.5958251953125,1645.0777587890625,1576.4249267578125,1617.22802734375,23029,0.0,0.0
2015-04-10 00:00:00-04:00,1619.6890869140625,1645.0777587890625,1606.606201171875,1636.5284423828125,18999,0.0,0.0
2015-04-13 00:00:00-04:00,1643.2642822265625,1687.046630859375,1629.6632080078125,1666.0621337890625,30370,0.0,0.0
2015-04-14 00:00:00-04:00,1664.2486572265625,1713.9896240234375,1662.046630859375,1685.233154296875,51377,0.0,0.0
2015-04-15 00:00:00-04:00,1698.7047119140625,1756.606201171875,1679.6632080078125,1714.3782958984375,58958,0.0,0.0
2015-04-16 00:00:00-04:00,1712.1761474609375,1746.8912353515625,1690.2850341796875,1734.8446044921875,22064,0.0,0.0
2015-04-17 00:00:00-04:00,1748.7047119140625,1748.7047119140625,1690.41455078125,1716.4508056640625,27074,0.0,0.0
2015-04-20 00:00:00-04:00,1696.8912353515625,1713.21240234375,1595.0777587890625,1705.5699462890625,71526,0.0,0.0
2015-04-21 00:00:00-04:00,1716.0621337890625,1766.83935546875,1710.4921875,1752.2020263671875,31721,0.0,0.0
2015-04-22 00:00:00-04:00,1789.6373291015625,1832.6424560546875,1763.860107421875,1768.005126953125,46945,0.0,0.0
2015-04-23 00:00:00-04:00,1777.8497314453125,1819.300537109375,1774.8704833984375,1814.5078125,47285,0.0,0.0
2015-04-24 00:00:00-04:00,1814.5078125,1825.5181884765625,1761.6580810546875,1765.02587890625,33899,0.0,0.0
2015-04-27 00:00:00-04:00,1701.165771484375,1778.23828125,1677.2020263671875,1711.39892578125,109292,0.0,0.0
2015-04-28 00:00:00-04:00,1718.5233154296875,1786.9171142578125,1640.5440673828125,1719.9482421875,83268,0.0,0.0
2015-04-29 00:00:00-04:00,1755.0517578125,1812.8238525390625,1714.2486572265625,1717.22802734375,55406,0.0,0.0
2015-04-30 00:00:00-04:00,1714.6373291015625,1773.834228515625,1675.0,1725.259033203125,69488,0.0,0.0
2015-05-01 00:00:00-04:00,1727.2020263671875,1801.8134765625,1723.0570068359375,1799.740966796875,49022,0.0,0.0
2015-05-04 00:00:00-04:00,1713.3419189453125,1787.5648193359375,1660.880859375,1774.352294921875,77408,0.0,0.0
2015-05-05 00:00:00-04:00,1776.0362548828125,1776.2952880859375,1695.5958251953125,1723.5750732421875,53862,0.0,0.0
2015-05-06 00:00:00-04:00,1781.7357177734375,1808.6787109375,1763.860107421875,1808.5491943359375,48675,0.0,0.0
2015-05-07 00:00:00-04:00,1850.3885498046875,1984.58544921875,1850.3885498046875,1974.352294921875,129102,0.0,0.0
2015-05-08 00:00:00-04:00,2007.77197265625,2176.8134765625,2007.77197265625,2120.725341796875,124076,0.0,0.0
2015-05-11 00:00:00-04:00,2129.663330078125,2174.740966796875,2077.849853515625,2143.134765625,51423,0.0,0.0
2015-05-12 00:00:00-04:00,2124.352294921875,2200.51806640625,2087.17626953125,2152.979248046875,54333,0.0,0.0
2015-05-13 00:00:00-04:00,2156.606201171875,2192.22802734375,2030.4404296875,2076.943115234375,72792,0.0,0.0
2015-05-14 00:00:00-04:00,2080.310791015625,2098.445556640625,2001.2952880859375,2038.860107421875,45949,0.0,0.0
2015-05-15 00:00:00-04:00,2046.114013671875,2067.22802734375,1957.77197265625,2000.259033203125,54241,0.0,0.0
2015-05-18 00:00:00-04:00,2001.2952880859375,2057.38330078125,1954.9222412109375,2025.90673828125,52388,0.0,0.0
2015-05-19 00:00:00-04:00,2098.445556640625,2211.01025390625,2097.27978515625,2208.937744140625,109879,0.0,0.0
2015-05-20 00:00:00-04:00,2252.461181640625,2264.896484375,2132.642578125,2146.502685546875,92686,0.0,0.0
2015-05-21 00:00:00-04:00,2413.60107421875,2413.98974609375,2214.5078125,2240.155517578125,146556,0.0,0.0
2015-05-22 00:00:00-04:00,2240.9326171875,2324.870361328125,2150.259033203125,2310.621826171875,76760,0.0,0.0
2015-05-26 00:00:00-04:00,2311.9169921875,2448.963623046875,2293.5234375,2379.404052734375,87815,0.0,0.0
2015-05-27 00:00:00-04:00,2407.901611328125,2466.968994140625,2365.41455078125,2457.124267578125,62625,0.0,0.0
2015-05-28 00:00:00-04:00,2464.378173828125,2520.336669921875,2411.01025390625,2493.782470703125,58942,0.0,0.0
2015-05-29 00:00:00-04:00,2475.51806640625,2556.34716796875,2454.663330078125,2516.191650390625,62486,0.0,0.0
2015-06-01 00:00:00-04:00,2531.4765625,2538.471435546875,2418.005126953125,2473.834228515625,56001,0.0,0.0
2015-06-02 00:00:00-04:00,2473.834228515625,2483.2900390625,2422.27978515625,2441.3212890625,48018,0.0,0.0
2015-06-03 00:00:00-04:00,2445.207275390625,2457.512939453125,2363.98974609375,2393.393798828125,60054,0.0,0.0
2015-06-04 00:00:00-04:00,2333.2900390625,2402.849853515625,2271.373046875,2396.114013671875,78566,0.0,0.0
2015-06-05 00:00:00-04:00,2398.056884765625,2481.217529296875,2383.6787109375,2456.34716796875,46876,0.0,0.0
2015-06-08 00:00:00-04:00,2452.33154296875,2470.725341796875,2399.611328125,2443.134765625,36137,0.0,0.0
2015-06-09 00:00:00-04:00,2448.834228515625,2448.834228515625,2345.336669921875,2417.487060546875,52149,0.0,0.0
2015-06-10 00:00:00-04:00,2343.65283203125,2400.129638671875,2305.95849609375,2361.139892578125,77864,0.0,0.0
2015-06-11 00:00:00-04:00,2366.968994140625,2444.429931640625,2302.590576171875,2411.657958984375,61351,0.0,0.0
2015-06-12 00:00:00-04:00,2405.95849609375,2411.657958984375,2334.19677734375,2342.098388671875,51948,0.0,0.0
2015-06-15 00:00:00-04:00,2412.564697265625,2422.27978515625,2269.429931640625,2322.538818359375,149289,0.0,0.0
2015-06-16 00:00:00-04:00,2318.65283203125,2342.875732421875,2206.34716796875,2210.36279296875,101410,0.0,0.0
2015-06-17 00:00:00-04:00,2251.036376953125,2286.139892578125,2177.2021484375,2215.9326171875,88494,0.0,0.0
2015-06-18 00:00:00-04:00,2218.005126953125,2272.020751953125,2207.901611328125,2227.72021484375,62215,0.0,0.0
2015-06-19 00:00:00-04:00,2227.979248046875,2240.80322265625,2197.150146484375,2203.885986328125,104691,0.0,0.0
2015-06-22 00:00:00-04:00,2231.4765625,2350.90673828125,2184.0673828125,2302.461181640625,91768,0.0,0.0
2015-06-23 00:00:00-04:00,2307.512939453125,2318.65283203125,2234.844482421875,2257.901611328125,50280,0.0,0.0
2015-06-24 00:00:00-04:00,2215.41455078125,2266.83935546875,2189.248779296875,2203.367919921875,206379,0.0,0.0
2015-06-25 00:00:00-04:00,2218.393798828125,2225.388671875,2143.782470703125,2188.21240234375,105810,0.0,0.0
2015-06-26 00:00:00-04:00,2199.48193359375,2204.015625,2123.834228515625,2145.984375,302292,0.0,0.0
2015-06-29 00:00:00-04:00,2072.66845703125,2155.0517578125,2060.103515625,2063.0830078125,67704,0.0,0.0
2015-06-30 00:00:00-04:00,2094.300537109375,2189.119140625,2091.968994140625,2180.95849609375,91868,0.0,0.0
2015-07-01 00:00:00-04:00,2201.4248046875,2211.01025390625,2103.756591796875,2112.3056640625,64964,0.0,0.0
2015-07-02 00:00:00-04:00,2124.352294921875,2137.046630859375,2079.53369140625,2114.119140625,63952,0.0,0.0
2015-07-06 00:00:00-04:00,2093.782470703125,2133.031005859375,2064.378173828125,2114.248779296875,88587,0.0,0.0
2015-07-07 00:00:00-04:00,2123.70458984375,2124.352294921875,2023.9637451171875,2067.357421875,56333,0.0,0.0
2015-07-08 00:00:00-04:00,2052.461181640625,2085.4921875,1995.3367919921875,2002.979248046875,49269,0.0,0.0
2015-07-09 00:00:00-04:00,2045.9844970703125,2085.4921875,2027.461181640625,2052.2021484375,43193,0.0,0.0
2015-07-10 00:00:00-04:00,2107.25390625,2107.25390625,2031.994873046875,2059.97412109375,37071,0.0,0.0
2015-07-13 00:00:00-04:00,2091.968994140625,2183.6787109375,2090.284912109375,2123.056884765625,60602,0.0,0.0
2015-07-14 00:00:00-04:00,2119.300537109375,2182.642578125,2112.82373046875,2152.461181640625,38600,0.0,0.0
2015-07-15 00:00:00-04:00,2187.564697265625,2218.134765625,2140.155517578125,2173.70458984375,79354,0.0,0.0
2015-07-16 00:00:00-04:00,2210.621826171875,2214.896484375,2124.352294921875,2157.901611328125,48119,0.0,0.0
2015-07-17 00:00:00-04:00,2152.33154296875,2154.274658203125,2101.036376953125,2126.8134765625,44019,0.0,0.0
2015-07-20 00:00:00-04:00,2128.626953125,2150.259033203125,2093.782470703125,2141.580322265625,33520,0.0,0.0
2015-07-21 00:00:00-04:00,2142.61669921875,2143.782470703125,2034.7149658203125,2080.699462890625,38299,0.0,0.0
2015-07-22 00:00:00-04:00,2051.29541015625,2108.54931640625,2046.632080078125,2098.445556640625,30641,0.0,0.0
2015-07-23 00:00:00-04:00,2099.870361328125,2145.984375,2089.63720703125,2118.393798828125,41827,0.0,0.0
2015-07-24 00:00:00-04:00,2098.5751953125,2137.3056640625,2055.699462890625,2058.419677734375,42970,0.0,0.0
2015-07-27 00:00:00-04:00,2043.911865234375,2085.36279296875,1996.373046875,2065.9326171875,32694,0.0,0.0
2015-07-28 00:00:00-04:00,2069.300537109375,2087.17626953125,1999.8704833984375,2076.683837890625,51369,0.0,0.0
2015-07-29 00:00:00-04:00,2080.8291015625,2081.217529296875,2011.78759765625,2059.844482421875,34362,0.0,0.0
2015-07-30 00:00:00-04:00,2059.58544921875,2072.538818359375,1990.02587890625,2061.78759765625,29668,0.0,0.0
2015-07-31 00:00:00-04:00,2067.098388671875,2178.756591796875,2021.114013671875,2148.056884765625,52380,0.0,0.0
2015-08-03 00:00:00-04:00,2146.502685546875,2169.5595703125,2102.590576171875,2132.124267578125,37048,0.0,0.0
2015-08-04 00:00:00-04:00,2145.725341796875,2155.699462890625,2101.165771484375,2130.4404296875,25206,0.0,0.0
2015-08-05 00:00:00-04:00,2129.53369140625,2191.191650390625,2108.54931640625,2156.865234375,36284,0.0,0.0
2015-08-06 00:00:00-04:00,2163.21240234375,2176.554443359375,2004.53369140625,2031.4766845703125,44259,0.0,0.0
2015-08-07 00:00:00-04:00,2004.53369140625,2040.1553955078125,1671.114013671875,2005.699462890625,299636,0.0,0.0
2015-08-10 00:00:00-04:00,1987.046630859375,1994.6890869140625,1761.78759765625,1803.4974365234375,167331,0.0,0.0
2015-08-11 00:00:00-04:00,1761.9171142578125,1856.2176513671875,1709.97412109375,1760.233154296875,75687,0.0,0.0
2015-08-12 00:00:00-04:00,1723.1865234375,1813.4715576171875,1615.673583984375,1746.8912353515625,131364,0.0,0.0
2015-08-13 00:00:00-04:00,1753.367919921875,1802.2020263671875,1693.911865234375,1708.6787109375,34671,0.0,0.0
2015-08-14 00:00:00-04:00,1708.5491943359375,1722.6683349609375,1594.5595703125,1655.699462890625,64338,0.0,0.0
2015-08-17 00:00:00-04:00,1651.2952880859375,1727.5906982421875,1612.8238525390625,1705.8289794921875,56225,0.0,0.0
2015-08-18 00:00:00-04:00,1684.0673828125,1735.7513427734375,1668.5233154296875,1678.885986328125,37257,0.0,0.0
2015-08-19 00:00:00-04:00,1663.3419189453125,1690.41455078125,1586.9171142578125,1645.207275390625,57020,0.0,0.0
2015-08-20 00:00:00-04:00,1636.6580810546875,1702.979248046875,1568.7823486328125,1570.5958251953125,70831,0.0,0.0
2015-08-21 00:00:00-04:00,1539.5078125,1667.22802734375,1522.7979736328125,1603.4974365234375,76451,0.0,0.0
2015-08-24 00:00:00-04:00,1502.072509765625,1554.53369140625,1470.207275390625,1554.53369140625,91482,0.0,0.0
2015-08-25 00:00:00-04:00,1628.626953125,1657.77197265625,1584.97412109375,1620.0777587890625,67064,0.0,0.0
2015-08-26 00:00:00-04:00,1682.6424560546875,1683.9378662109375,1577.8497314453125,1679.6632080078125,64053,0.0,0.0
2015-08-27 00:00:00-04:00,1694.6890869140625,1748.445556640625,1677.5906982421875,1727.461181640625,55877,0.0,0.0
2015-08-28 00:00:00-04:00,1726.165771484375,1796.2435302734375,1705.181396484375,1780.699462890625,45139,0.0,0.0
2015-08-31 00:00:00-04:00,1763.860107421875,1799.740966796875,1710.7513427734375,1723.7047119140625,58610,0.0,0.0
2015-09-01 00:00:00-04:00,1657.3834228515625,1730.95849609375,1619.1710205078125,1669.1710205078125,46413,0.0,0.0
2015-09-02 00:00:00-04:00,1691.83935546875,1722.020751953125,1651.6839599609375,1707.25390625,36539,0.0,0.0
2015-09-03 00:00:00-04:00,1718.134765625,1760.3626708984375,1641.580322265625,1659.0673828125,38021,0.0,0.0
2015-09-04 00:00:00-04:00,1636.6580810546875,1734.0673828125,1628.4974365234375,1675.1295166015625,32162,0.0,0.0
2015-09-08 00:00:00-04:00,1716.83935546875,1798.3160400390625,1684.0673828125,1788.860107421875,102174,0.0,0.0
2015-09-09 00:00:00-04:00,1797.1502685546875,1800.259033203125,1684.0673828125,1687.953369140625,46760,0.0,0.0
2015-09-10 00:00:00-04:00,1688.21240234375,1727.461181640625,1654.4041748046875,1695.725341796875,36392,0.0,0.0
2015-09-11 00:00:00-04:00,1677.979248046875,1728.626953125,1652.2020263671875,1720.0777587890625,32926,0.0,0.0
2015-09-14 00:00:00-04:00,1727.3316650390625,1732.77197265625,1681.606201171875,1685.3626708984375,25769,0.0,0.0
2015-09-15 00:00:00-04:00,1692.6165771484375,1744.1710205078125,1667.098388671875,1716.4508056640625,30718,0.0,0.0
2015-09-16 00:00:00-04:00,1711.78759765625,1735.1036376953125,1671.76171875,1719.300537109375,30100,0.0,0.0
2015-09-17 00:00:00-04:00,1705.95849609375,1822.27978515625,1691.83935546875,1788.60107421875,42854,0.0,0.0
2015-09-18 00:00:00-04:00,1773.9637451171875,1839.3782958984375,1763.860107421875,1828.23828125,80018,0.0,0.0
2015-09-21 00:00:00-04:00,1845.85498046875,1853.367919921875,1593.2642822265625,1650.7772216796875,123420,0.0,0.0
2015-09-22 00:00:00-04:00,1621.373046875,1645.46630859375,1522.1502685546875,1552.3316650390625,80141,0.0,0.0
2015-09-23 00:00:00-04:00,1558.2901611328125,1560.880859375,1450.7772216796875,1468.5233154296875,90309,0.0,0.0
2015-09-24 00:00:00-04:00,1463.60107421875,1463.60107421875,1353.367919921875,1438.0828857421875,83569,0.0,0.0
2015-09-25 00:00:00-04:00,1454.4041748046875,1467.098388671875,1247.1502685546875,1298.0570068359375,141361,0.0,0.0
2015-09-28 00:00:00-04:00,1294.9482421875,1318.911865234375,1104.53369140625,1126.0362548828125,200234,0.0,0.0
2015-09-29 00:00:00-04:00,1132.6424560546875,1227.2020263671875,1088.0828857421875,1126.165771484375,130175,0.0,0.0
2015-09-30 00:00:00-04:00,1158.6787109375,1197.538818359375,1062.8238525390625,1108.16064453125,142349,0.0,0.0
2015-10-01 00:00:00-04:00,1108.16064453125,1164.8963623046875,1075.1295166015625,1161.0103759765625,136304,0.0,0.0
2015-10-02 00:00:00-04:00,1115.2850341796875,1234.58544921875,1106.865234375,1218.5233154296875,119235,0.0,0.0
2015-10-05 00:00:00-04:00,1306.994873046875,1385.3626708984375,1238.0828857421875,1276.4249267578125,172048,0.0,0.0
2015-10-06 00:00:00-04:00,1264.8963623046875,1275.1295166015625,1140.8031005859375,1227.979248046875,92053,0.0,0.0
2015-10-07 00:00:00-04:00,1221.8912353515625,1251.9429931640625,1169.1710205078125,1221.5025634765625,87313,0.0,0.0
2015-10-08 00:00:00-04:00,1213.3419189453125,1220.207275390625,1122.020751953125,1146.373046875,98160,0.0,0.0
2015-10-09 00:00:00-04:00,1147.27978515625,1172.27978515625,1108.16064453125,1150.259033203125,81847,0.0,0.0
2015-10-12 00:00:00-04:00,1161.39892578125,1171.5025634765625,1114.2486572265625,1128.7564697265625,61760,0.0,0.0
2015-10-13 00:00:00-04:00,1122.7979736328125,1147.1502685546875,1048.7047119140625,1050.259033203125,92586,0.0,0.0
2015-10-14 00:00:00-04:00,1075.1295166015625,1100.7772216796875,1022.27978515625,1048.7047119140625,102977,0.0,0.0
2015-10-15 00:00:00-04:00,1037.046630859375,1120.46630859375,1016.9689331054688,1111.78759765625,131302,0.0,0.0
2015-10-16 00:00:00-04:00,1108.9378662109375,1165.5440673828125,1078.4974365234375,1108.419677734375,105162,0.0,0.0
2015-10-19 00:00:00-04:00,1104.14501953125,1190.5440673828125,914.119140625,1059.97412109375,518869,0.0,0.0
2015-10-20 00:00:00-04:00,1082.77197265625,1124.740966796875,1039.119140625,1044.4300537109375,103263,0.0,0.0
2015-10-21 00:00:00-04:00,1058.419677734375,1074.352294921875,997.4093017578125,1046.373046875,109161,0.0,0.0
2015-10-22 00:00:00-04:00,1042.74609375,1075.1295166015625,981.2175903320312,989.2487182617188,99187,0.0,0.0
2015-10-23 00:00:00-04:00,1004.1450805664062,1082.77197265625,1004.1450805664062,1076.4249267578125,127195,0.0,0.0
2015-10-26 00:00:00-04:00,1063.60107421875,1108.6787109375,1060.3626708984375,1079.14501953125,73942,0.0,0.0
2015-10-27 00:00:00-04:00,1078.4974365234375,1112.1761474609375,1069.1710205078125,1109.0673828125,73618,0.0,0.0
2015-10-28 00:00:00-04:00,1107.6424560546875,1113.0828857421875,1053.1087646484375,1110.3626708984375,68546,0.0,0.0
2015-10-29 00:00:00-04:00,1110.7513427734375,1138.4715576171875,1021.114013671875,1024.4818115234375,113260,0.0,0.0
2015-10-30 00:00:00-04:00,1036.2694091796875,1040.1553955078125,989.6373291015625,999.09326171875,85592,0.0,0.0
2015-11-02 00:00:00-05:00,1005.0518188476562,1113.7305908203125,998.9637451171875,1093.005126953125,105695,0.0,0.0
2015-11-03 00:00:00-05:00,1092.74609375,1236.5284423828125,1078.4974365234375,1212.953369140625,145653,0.0,0.0
2015-11-04 00:00:00-05:00,1243.65283203125,1291.4508056640625,1148.9637451171875,1167.74609375,93867,0.0,0.0
2015-11-05 00:00:00-05:00,991.3212280273438,1000.6476440429688,861.5285034179688,911.3989868164062,636939,0.0,0.0
2015-11-06 00:00:00-05:00,938.7305908203125,990.02587890625,897.4093017578125,953.885986328125,215419,0.0,0.0
2015-11-09 00:00:00-05:00,945.46630859375,997.4093017578125,940.4144897460938,985.6217651367188,111793,0.0,0.0
2015-11-10 00:00:00-05:00,973.9637451171875,984.326416015625,940.5440673828125,974.4818725585938,76405,0.0,0.0
2015-11-11 00:00:00-05:00,982.6425170898438,984.4559326171875,952.072509765625,962.4352416992188,71371,0.0,0.0
2015-11-12 00:00:00-05:00,956.606201171875,971.5025634765625,927.072509765625,936.3989868164062,75185,0.0,0.0
2015-11-13 00:00:00-05:00,934.97412109375,951.4248657226562,906.7357788085938,924.7409057617188,46683,0.0,0.0
2015-11-16 00:00:00-05:00,918.7824096679688,968.1347045898438,909.4559326171875,964.3782348632812,65419,0.0,0.0
2015-11-17 00:00:00-05:00,975.3886108398438,1095.3367919921875,967.8756713867188,1031.2176513671875,141770,0.0,0.0
2015-11-18 00:00:00-05:00,1104.14501953125,1134.326416015625,1067.74609375,1095.725341796875,149536,0.0,0.0
2015-11-19 00:00:00-05:00,1094.1710205078125,1102.72021484375,1025.259033203125,1032.77197265625,75108,0.0,0.0
2015-11-20 00:00:00-05:00,1032.6424560546875,1070.5958251953125,1024.8704833984375,1044.6890869140625,92679,0.0,0.0
2015-11-23 00:00:00-05:00,1047.927490234375,1099.8704833984375,1036.5284423828125,1096.8912353515625,69704,0.0,0.0
2015-11-24 00:00:00-05:00,1087.4351806640625,1116.191650390625,1069.9482421875,1103.7564697265625,62933,0.0,0.0
2015-11-25 00:00:00-05:00,1101.0362548828125,1175.5181884765625,1101.0362548828125,1158.9378662109375,64547,0.0,0.0
2015-11-27 00:00:00-05:00,1167.22802734375,1234.1968994140625,1161.5284423828125,1199.4818115234375,43950,0.0,0.0
2015-11-30 00:00:00-05:00,1213.0828857421875,1225.5181884765625,1116.9688720703125,1149.6114501953125,92239,0.0,0.0
2015-12-01 00:00:00-05:00,1165.9326171875,1165.9326171875,1033.6787109375,1040.673583984375,232673,0.0,0.0
2015-12-02 00:00:00-05:00,1049.8704833984375,1101.0362548828125,1049.2227783203125,1049.352294921875,116333,0.0,0.0
2015-12-03 00:00:00-05:00,1071.8912353515625,1078.4974365234375,1004.4041748046875,1018.2642211914062,105779,0.0,0.0
2015-12-04 00:00:00-05:00,1036.2694091796875,1087.3056640625,1005.0518188476562,1083.6787109375,98924,0.0,0.0
2015-12-07 00:00:00-05:00,765.02587890625,827.5906982421875,669.9481811523438,676.8134765625,777713,0.0,0.0
2015-12-08 00:00:00-05:00,667.0984497070312,718.65283203125,632.7720336914062,715.5440673828125,401710,0.0,0.0
2015-12-09 00:00:00-05:00,708.419677734375,751.2953491210938,702.979248046875,732.25390625,187874,0.0,0.0
2015-12-10 00:00:00-05:00,744.6891479492188,800.90673828125,740.673583984375,799.8704833984375,209444,0.0,0.0
2015-12-11 00:00:00-05:00,783.0310668945312,799.6113891601562,751.5543823242188,770.9844360351562,135903,0.0,0.0
2015-12-14 00:00:00-05:00,768.2642211914062,793.7824096679688,738.9896240234375,752.8497314453125,130869,0.0,0.0
2015-12-15 00:00:00-05:00,757.9015502929688,780.9585571289062,720.3367919921875,776.8134765625,119922,0.0,0.0
2015-12-16 00:00:00-05:00,778.885986328125,789.119140625,746.2435302734375,782.9015502929688,66793,0.0,0.0
2015-12-17 00:00:00-05:00,787.953369140625,838.7305908203125,784.5855102539062,803.1088256835938,111623,0.0,0.0
2015-12-18 00:00:00-05:00,797.020751953125,828.1088256835938,786.9171142578125,795.9844360351562,155288,0.0,0.0
2015-12-21 00:00:00-05:00,793.5233154296875,841.9689331054688,777.2020874023438,836.3989868164062,80234,0.0,0.0
2015-12-22 00:00:00-05:00,840.02587890625,854.4041748046875,817.3574829101562,830.5699462890625,114086,0.0,0.0
2015-12-23 00:00:00-05:00,833.6787719726562,854.6632080078125,823.8341674804688,844.300537109375,42877,0.0,0.0
2015-12-24 00:00:00-05:00,838.0828857421875,869.1709594726562,837.5647583007812,857.25390625,45687,0.0,0.0
2015-12-28 00:00:00-05:00,852.3316040039062,869.8186645507812,837.8238525390625,850.5181274414062,54140,0.0,0.0
2015-12-29 00:00:00-05:00,859.326416015625,865.02587890625,841.580322265625,857.1243286132812,45857,0.0,0.0
2015-12-30 00:00:00-05:00,856.8652954101562,861.6580200195312,824.3523559570312,838.860107421875,53569,0.0,0.0
2015-12-31 00:00:00-05:00,836.6580200195312,862.1761474609375,829.2745971679688,831.8652954101562,66477,0.0,0.0
2016-01-04 00:00:00-05:00,813.7305908203125,832.6425170898438,800.0,822.1502685546875,80265,0.0,0.0
2016-01-05 00:00:00-05:00,823.0570068359375,841.9689331054688,798.8341674804688,800.0,65496,0.0,0.0
2016-01-06 00:00:00-05:00,795.46630859375,797.7979125976562,740.4144897460938,754.2745971679688,75015,0.0,0.0
2016-01-07 00:00:00-05:00,742.6165771484375,744.5595703125,690.5440673828125,700.7772216796875,92686,0.0,0.0
2016-01-08 00:00:00-05:00,713.0828857421875,760.233154296875,710.7512817382812,718.1347045898438,76845,0.0,0.0
2016-01-11 00:00:00-05:00,718.7824096679688,725.3886108398438,563.6010131835938,578.2383422851562,258589,0.0,0.0
2016-01-12 00:00:00-05:00,595.207275390625,672.1502685546875,594.0414428710938,645.207275390625,175236,0.0,0.0
2016-01-13 00:00:00-05:00,652.5906982421875,672.020751953125,593.0051879882812,598.0570068359375,108234,0.0,0.0
2016-01-14 00:00:00-05:00,604.2745971679688,629.4041748046875,546.114013671875,603.2383422851562,129318,0.0,0.0
2016-01-15 00:00:00-05:00,576.4248657226562,600.1295166015625,551.4248657226562,578.2383422851562,96685,0.0,0.0
2016-01-19 00:00:00-05:00,587.3057250976562,595.7254028320312,524.3523559570312,541.9689331054688,108149,0.0,0.0
2016-01-20 00:00:00-05:00,523.9637451171875,589.2487182617188,484.4559631347656,572.7979125976562,138867,0.0,0.0
2016-01-21 00:00:00-05:00,567.8756713867188,608.8082885742188,544.5595703125,556.4766845703125,97704,0.0,0.0
2016-01-22 00:00:00-05:00,571.114013671875,598.4456176757812,550.7772216796875,583.2901611328125,123018,0.0,0.0
2016-01-25 00:00:00-05:00,577.072509765625,602.2020874023438,568.1347045898438,571.7616577148438,63829,0.0,0.0
2016-01-26 00:00:00-05:00,575.7772216796875,595.5958251953125,542.74609375,586.0103759765625,101557,0.0,0.0
2016-01-27 00:00:00-05:00,585.880859375,597.5388793945312,542.2279663085938,550.90673828125,86348,0.0,0.0
2016-01-28 00:00:00-05:00,546.8911743164062,561.2694091796875,508.1606140136719,513.7305908203125,76204,0.0,0.0
2016-01-29 00:00:00-05:00,513.7305908203125,550.0,506.4766845703125,535.7512817382812,89143,0.0,0.0
2016-02-01 00:00:00-05:00,535.880859375,601.1658325195312,521.8911743164062,592.6165771484375,130730,0.0,0.0
2016-02-02 00:00:00-05:00,580.0518188476562,583.5491943359375,539.766845703125,548.8341674804688,119892,0.0,0.0
2016-02-03 00:00:00-05:00,554.792724609375,591.9689331054688,537.953369140625,586.7875366210938,166744,0.0,0.0
2016-02-04 00:00:00-05:00,577.072509765625,659.326416015625,571.7616577148438,638.3419799804688,148618,0.0,0.0
2016-02-05 00:00:00-05:00,636.6580200195312,639.766845703125,604.6632080078125,618.2642211914062,120988,0.0,0.0
2016-02-08 00:00:00-05:00,606.7357788085938,620.7254028320312,573.8341674804688,591.0621948242188,123088,0.0,0.0
2016-02-09 00:00:00-05:00,573.4456176757812,641.1917114257812,572.5388793945312,593.1347045898438,154508,0.0,0.0
2016-02-10 00:00:00-05:00,604.1450805664062,630.1813354492188,580.4404296875,595.7254028320312,96986,0.0,0.0
2016-02-11 00:00:00-05:00,580.1813354492188,595.46630859375,544.4300537109375,561.139892578125,106165,0.0,0.0
2016-02-12 00:00:00-05:00,567.74609375,587.953369140625,546.5025634765625,577.072509765625,121744,0.0,0.0
2016-02-16 00:00:00-05:00,589.766845703125,658.6787719726562,583.0310668945312,649.3523559570312,126369,0.0,0.0
2016-02-17 00:00:00-05:00,660.6217651367188,724.6113891601562,647.7979125976562,702.5906982421875,144410,0.0,0.0
2016-02-18 00:00:00-05:00,704.9223022460938,710.4922485351562,661.3989868164062,674.8704833984375,82836,0.0,0.0
2016-02-19 00:00:00-05:00,669.8186645507812,686.2694091796875,640.673583984375,674.2227783203125,88240,0.0,0.0
2016-02-22 00:00:00-05:00,681.2175903320312,711.7875366210938,680.9585571289062,688.6010131835938,70816,0.0,0.0
2016-02-23 00:00:00-05:00,686.2694091796875,709.97412109375,664.2487182617188,666.580322265625,70306,0.0,0.0
2016-02-24 00:00:00-05:00,656.7357788085938,683.16064453125,610.4922485351562,678.3678588867188,97403,0.0,0.0
2016-02-25 00:00:00-05:00,661.0103759765625,679.4041748046875,609.4559326171875,623.7046508789062,110404,0.0,0.0
2016-02-26 00:00:00-05:00,628.3678588867188,647.27978515625,613.9896240234375,644.1709594726562,97820,0.0,0.0
2016-02-29 00:00:00-05:00,637.6942749023438,652.072509765625,592.8756713867188,598.7046508789062,85113,0.0,0.0
2016-03-01 00:00:00-05:00,607.7720336914062,660.4922485351562,592.0984497070312,654.2745971679688,145730,0.0,0.0
2016-03-02 00:00:00-05:00,651.0362548828125,703.1088256835938,641.9689331054688,697.6683959960938,147676,0.0,0.0
2016-03-03 00:00:00-05:00,697.1502685546875,731.8652954101562,681.4766845703125,697.7979125976562,93674,0.0,0.0
2016-03-04 00:00:00-05:00,710.233154296875,768.0051879882812,694.8186645507812,705.9585571289062,145074,0.0,0.0
2016-03-07 00:00:00-05:00,708.419677734375,740.8031005859375,691.7098388671875,713.9896240234375,89583,0.0,0.0
2016-03-08 00:00:00-05:00,713.2124633789062,717.0984497070312,628.2383422851562,634.7150268554688,116364,0.0,0.0
2016-03-09 00:00:00-05:00,642.487060546875,647.7979125976562,581.34716796875,588.2124633789062,129989,0.0,0.0
2016-03-10 00:00:00-05:00,594.5595703125,627.8497314453125,570.9844360351562,582.1243286132812,102444,0.0,0.0
2016-03-11 00:00:00-05:00,592.8756713867188,627.5906982421875,577.8497314453125,624.6113891601562,112673,0.0,0.0
2016-03-14 00:00:00-04:00,624.6113891601562,633.419677734375,604.53369140625,625.6476440429688,66539,0.0,0.0
2016-03-15 00:00:00-04:00,614.766845703125,623.0570068359375,558.2901611328125,568.2642211914062,105625,0.0,0.0
2016-03-16 00:00:00-04:00,561.7875366210938,581.8652954101562,556.9948120117188,577.2020874023438,70931,0.0,0.0
2016-03-17 00:00:00-04:00,576.2953491210938,596.7616577148438,554.4041748046875,588.860107421875,92972,0.0,0.0
2016-03-18 00:00:00-04:00,585.3626708984375,598.5751342773438,563.860107421875,578.2383422851562,129117,0.0,0.0
2016-03-21 00:00:00-04:00,569.300537109375,583.6787719726562,557.1243286132812,570.207275390625,130221,0.0,0.0
2016-03-22 00:00:00-04:00,570.9844360351562,608.0310668945312,563.0828857421875,597.27978515625,140905,0.0,0.0
2016-03-23 00:00:00-04:00,602.3316040039062,608.2901611328125,530.4404296875,530.5699462890625,140790,0.0,0.0
2016-03-24 00:00:00-04:00,528.4974365234375,536.7875366210938,494.4300537109375,510.233154296875,203491,0.0,0.0
2016-03-28 00:00:00-04:00,515.5440673828125,521.7616577148438,496.76165771484375,515.2849731445312,89529,0.0,0.0
2016-03-29 00:00:00-04:00,511.3989562988281,521.114013671875,493.7823791503906,518.0051879882812,105934,0.0,0.0
2016-03-30 00:00:00-04:00,523.1865234375,536.5285034179688,511.65802001953125,518.1347045898438,79933,0.0,0.0
2016-03-31 00:00:00-04:00,523.3160400390625,557.9015502929688,518.5233154296875,550.5181274414062,99519,0.0,0.0
2016-04-01 00:00:00-04:00,543.7824096679688,568.9119262695312,527.8497314453125,562.953369140625,79601,0.0,0.0
2016-04-04 00:00:00-04:00,566.0621948242188,611.5285034179688,555.9585571289062,589.8963623046875,108366,0.0,0.0
2016-04-05 00:00:00-04:00,581.2175903320312,608.2901611328125,570.207275390625,591.4508056640625,64408,0.0,0.0
2016-04-06 00:00:00-04:00,596.114013671875,669.5595703125,596.114013671875,668.0051879882812,138613,0.0,0.0
2016-04-07 00:00:00-04:00,660.1036376953125,691.4508056640625,650.2590942382812,654.2745971679688,108011,0.0,0.0
2016-04-08 00:00:00-04:00,667.3574829101562,685.4922485351562,642.487060546875,658.2901611328125,90895,0.0,0.0
2016-04-11 00:00:00-04:00,667.2279663085938,670.46630859375,612.1761474609375,614.5077514648438,72159,0.0,0.0
2016-04-12 00:00:00-04:00,616.3212280273438,627.72021484375,604.1450805664062,617.3574829101562,77123,0.0,0.0
2016-04-13 00:00:00-04:00,624.4818725585938,660.3626708984375,613.860107421875,657.1243286132812,91181,0.0,0.0
2016-04-14 00:00:00-04:00,654.2745971679688,670.0776977539062,643.393798828125,646.6321411132812,44336,0.0,0.0
2016-04-15 00:00:00-04:00,649.09326171875,662.6942749023438,635.880859375,652.5906982421875,45895,0.0,0.0
2016-04-18 00:00:00-04:00,647.6683959960938,674.8704833984375,642.487060546875,658.2901611328125,63613,0.0,0.0
2016-04-19 00:00:00-04:00,662.3057250976562,666.580322265625,616.7098388671875,618.1347045898438,89058,0.0,0.0
2016-04-20 00:00:00-04:00,644.9481811523438,647.27978515625,557.9015502929688,573.9637451171875,236039,0.0,0.0
2016-04-21 00:00:00-04:00,574.6113891601562,616.7098388671875,572.020751953125,616.0621948242188,91528,0.0,0.0
2016-04-22 00:00:00-04:00,617.8756713867188,652.4611206054688,614.6373291015625,651.8134765625,96245,0.0,0.0
2016-04-25 00:00:00-04:00,644.4300537109375,651.5543823242188,608.8082885742188,610.3626708984375,57908,0.0,0.0
2016-04-26 00:00:00-04:00,608.9378051757812,615.02587890625,591.0621948242188,592.6165771484375,53175,0.0,0.0
2016-04-27 00:00:00-04:00,586.3989868164062,609.5855102539062,583.5491943359375,599.8704833984375,54017,0.0,0.0
2016-04-28 00:00:00-04:00,595.207275390625,608.419677734375,579.0155639648438,584.0673828125,72120,0.0,0.0
2016-04-29 00:00:00-04:00,580.3108520507812,586.2694091796875,569.9481811523438,574.4818725585938,61474,0.0,0.0
2016-05-02 00:00:00-04:00,581.2175903320312,595.207275390625,565.4144897460938,594.1709594726562,60478,0.0,0.0
2016-05-03 00:00:00-04:00,582.25390625,591.83935546875,551.6839599609375,552.979248046875,57761,0.0,0.0
2016-05-04 00:00:00-04:00,548.0570068359375,556.2175903320312,524.6113891601562,527.5906982421875,67581,0.0,0.0
2016-05-05 00:00:00-04:00,525.2590942382812,537.5647583007812,494.3005065917969,501.29534912109375,87136,0.0,0.0
2016-05-06 00:00:00-04:00,495.5958557128906,508.0310974121094,478.4974060058594,498.9637451171875,69835,0.0,0.0
2016-05-09 00:00:00-04:00,498.70465087890625,537.046630859375,498.1865234375,531.7357788085938,67565,0.0,0.0
2016-05-10 00:00:00-04:00,537.046630859375,540.9326171875,511.7875671386719,528.4974365234375,51848,0.0,0.0
2016-05-11 00:00:00-04:00,527.072509765625,532.512939453125,498.0570068359375,500.2590637207031,47964,0.0,0.0
2016-05-12 00:00:00-04:00,503.23834228515625,504.0155334472656,458.1606140136719,468.91192626953125,95180,0.0,0.0
2016-05-13 00:00:00-04:00,468.91192626953125,499.8704528808594,463.0829162597656,498.1865234375,66346,0.0,0.0
2016-05-16 00:00:00-04:00,501.6839294433594,510.1036376953125,490.8031005859375,501.6839294433594,74953,0.0,0.0
2016-05-17 00:00:00-04:00,496.373046875,523.5751342773438,491.580322265625,504.0155334472656,53276,0.0,0.0
2016-05-18 00:00:00-04:00,500.6476745605469,519.6891479492188,491.7098388671875,510.233154296875,42429,0.0,0.0
2016-05-19 00:00:00-04:00,507.2538757324219,523.7046508789062,494.5595703125,502.9792785644531,43410,0.0,0.0
2016-05-20 00:00:00-04:00,504.27459716796875,529.1450805664062,501.6839294433594,525.90673828125,45347,0.0,0.0
2016-05-23 00:00:00-04:00,527.72021484375,550.2590942382812,519.1709594726562,549.09326171875,50543,0.0,0.0
2016-05-24 00:00:00-04:00,555.8290405273438,562.3057250976562,538.2124633789062,547.4093017578125,51701,0.0,0.0
2016-05-25 00:00:00-04:00,550.6476440429688,578.1088256835938,547.1502685546875,574.8704833984375,59182,0.0,0.0
2016-05-26 00:00:00-04:00,571.2435302734375,582.7720336914062,563.6010131835938,565.5440673828125,56279,0.0,0.0
2016-05-27 00:00:00-04:00,569.0414428710938,573.9637451171875,557.1243286132812,571.8911743164062,31799,0.0,0.0
2016-05-31 00:00:00-04:00,578.1088256835938,595.3367919921875,577.979248046875,586.139892578125,56464,0.0,0.0
2016-06-01 00:00:00-04:00,580.8290405273438,597.927490234375,580.1813354492188,589.3782348632812,59104,0.0,0.0
2016-06-02 00:00:00-04:00,586.9171142578125,620.46630859375,586.9171142578125,620.0776977539062,51068,0.0,0.0
2016-06-03 00:00:00-04:00,608.9378051757812,615.673583984375,580.3108520507812,582.9015502929688,54735,0.0,0.0
2016-06-06 00:00:00-04:00,589.2487182617188,621.5025634765625,574.09326171875,618.7824096679688,61266,0.0,0.0
2016-06-07 00:00:00-04:00,614.119140625,621.2435302734375,598.1865234375,602.3316040039062,44506,0.0,0.0
2016-06-08 00:00:00-04:00,603.7564697265625,619.8186645507812,597.27978515625,606.606201171875,36902,0.0,0.0
2016-06-09 00:00:00-04:00,601.4248657226562,606.0880737304688,582.9015502929688,589.5077514648438,52890,0.0,0.0
2016-06-10 00:00:00-04:00,575.1295166015625,575.1295166015625,530.0518188476562,538.7305908203125,88981,0.0,0.0
2016-06-13 00:00:00-04:00,535.6217651367188,554.4041748046875,525.90673828125,528.7564697265625,56958,0.0,0.0
2016-06-14 00:00:00-04:00,530.5699462890625,541.9689331054688,511.7875671386719,519.1709594726562,46945,0.0,0.0
2016-06-15 00:00:00-04:00,523.1865234375,546.2435302734375,516.4508056640625,526.2953491210938,59853,0.0,0.0
2016-06-16 00:00:00-04:00,520.46630859375,533.6787719726562,508.0310974121094,531.2175903320312,54596,0.0,0.0
2016-06-17 00:00:00-04:00,534.326416015625,534.326416015625,509.4559631347656,515.1554565429688,110257,0.0,0.0
2016-06-20 00:00:00-04:00,524.7409057617188,549.8704833984375,510.4922180175781,533.419677734375,65049,0.0,0.0
2016-06-21 00:00:00-04:00,537.3057250976562,541.3212280273438,509.4559631347656,515.4144897460938,76281,0.0,0.0
2016-06-22 00:00:00-04:00,516.3212280273438,545.7254028320312,499.61138916015625,520.9844360351562,85893,0.0,0.0
2016-06-23 00:00:00-04:00,528.885986328125,548.8341674804688,518.0051879882812,547.27978515625,76274,0.0,0.0
2016-06-24 00:00:00-04:00,513.7305908203125,540.02587890625,513.7305908203125,528.1088256835938,315694,0.0,0.0
2016-06-27 00:00:00-04:00,528.4974365234375,543.393798828125,474.3523254394531,475.0,99796,0.0,0.0
2016-06-28 00:00:00-04:00,485.8808288574219,516.0621948242188,485.8808288574219,514.5077514648438,74521,0.0,0.0
2016-06-29 00:00:00-04:00,523.9637451171875,547.6683959960938,505.05181884765625,547.020751953125,89884,0.0,0.0
2016-06-30 00:00:00-04:00,546.7616577148438,569.9481811523438,532.512939453125,560.7512817382812,117946,0.0,0.0
2016-07-01 00:00:00-04:00,560.233154296875,594.300537109375,560.233154296875,591.3212280273438,67998,0.0,0.0
2016-07-05 00:00:00-04:00,582.7720336914062,583.5491943359375,565.673583984375,576.8134765625,58842,0.0,0.0
2016-07-06 00:00:00-04:00,569.6891479492188,620.7254028320312,558.2901611328125,620.0776977539062,83137,0.0,0.0
2016-07-07 00:00:00-04:00,619.5595703125,633.5491943359375,609.4559326171875,632.512939453125,76335,0.0,0.0
2016-07-08 00:00:00-04:00,617.0984497070312,638.9896240234375,615.2849731445312,631.4766845703125,82581,0.0,0.0
2016-07-11 00:00:00-04:00,636.9171142578125,650.3886108398438,629.2745971679688,630.4404296875,77910,0.0,0.0
2016-07-12 00:00:00-04:00,641.3212280273438,657.3834228515625,631.4766845703125,647.4093017578125,64555,0.0,0.0
2016-07-13 00:00:00-04:00,657.25390625,657.3834228515625,601.8134765625,602.5906982421875,78443,0.0,0.0
2016-07-14 00:00:00-04:00,609.326416015625,615.673583984375,586.2694091796875,590.02587890625,54465,0.0,0.0
2016-07-15 00:00:00-04:00,591.580322265625,597.7979125976562,581.34716796875,593.65283203125,54418,0.0,0.0
2016-07-18 00:00:00-04:00,595.46630859375,613.6010131835938,589.3782348632812,603.1088256835938,43147,0.0,0.0
2016-07-19 00:00:00-04:00,600.5181274414062,602.4611206054688,574.6113891601562,582.6425170898438,71750,0.0,0.0
2016-07-20 00:00:00-04:00,589.5077514648438,626.6839599609375,573.8341674804688,622.927490234375,91752,0.0,0.0
2016-07-21 00:00:00-04:00,641.1917114257812,663.4714965820312,623.4456176757812,633.16064453125,89405,0.0,0.0
2016-07-22 00:00:00-04:00,632.3834228515625,643.0051879882812,619.4300537109375,638.7305908203125,44452,0.0,0.0
2016-07-25 00:00:00-04:00,636.6580200195312,638.2124633789062,620.8549194335938,637.046630859375,40754,0.0,0.0
2016-07-26 00:00:00-04:00,630.4404296875,653.7564697265625,622.7979125976562,653.4974365234375,58448,0.0,0.0
2016-07-27 00:00:00-04:00,655.1813354492188,729.4041748046875,652.072509765625,726.9429931640625,107246,0.0,0.0
2016-07-28 00:00:00-04:00,725.2590942382812,745.5958251953125,705.9585571289062,726.5543823242188,80852,0.0,0.0
2016-07-29 00:00:00-04:00,722.927490234375,750.90673828125,718.1347045898438,740.673583984375,56526,0.0,0.0
2016-08-01 00:00:00-04:00,749.6113891601562,757.7720336914062,715.673583984375,729.2745971679688,75370,0.0,0.0
2016-08-02 00:00:00-04:00,725.7772216796875,734.0673828125,690.02587890625,717.74609375,66902,0.0,0.0
2016-08-03 00:00:00-04:00,713.860107421875,772.4093017578125,705.9585571289062,769.5595703125,85275,0.0,0.0
2016-08-04 00:00:00-04:00,751.2953491210938,783.2901611328125,690.9326171875,697.020751953125,139902,0.0,0.0
2016-08-05 00:00:00-04:00,699.4818725585938,754.6632080078125,699.4818725585938,748.7046508789062,98515,0.0,0.0
2016-08-08 00:00:00-04:00,751.6839599609375,756.9948120117188,711.5285034179688,718.393798828125,68391,0.0,0.0
2016-08-09 00:00:00-04:00,722.6683959960938,734.5855102539062,716.3212280273438,728.1088256835938,41410,0.0,0.0
2016-08-10 00:00:00-04:00,728.4974365234375,728.4974365234375,690.02587890625,693.2642211914062,55484,0.0,0.0
2016-08-11 00:00:00-04:00,701.9429931640625,719.5595703125,684.0673828125,718.65283203125,41958,0.0,0.0
2016-08-12 00:00:00-04:00,718.7824096679688,739.119140625,711.7875366210938,735.7512817382812,41016,0.0,0.0
2016-08-15 00:00:00-04:00,741.4508056640625,767.6165771484375,735.3626708984375,748.7046508789062,65110,0.0,0.0
2016-08-16 00:00:00-04:00,745.3367919921875,760.6217651367188,731.9948120117188,745.3367919921875,57661,0.0,0.0
2016-08-17 00:00:00-04:00,744.0414428710938,745.207275390625,716.580322265625,718.0051879882812,48651,0.0,0.0
2016-08-18 00:00:00-04:00,727.979248046875,747.5388793945312,723.4456176757812,734.4559326171875,57954,0.0,0.0
2016-08-19 00:00:00-04:00,734.1968994140625,734.1968994140625,690.1554565429688,695.9844360351562,97056,0.0,0.0
2016-08-22 00:00:00-04:00,702.2020874023438,715.1554565429688,690.1554565429688,708.6787719726562,59614,0.0,0.0
2016-08-23 00:00:00-04:00,712.4352416992188,719.5595703125,703.7564697265625,711.2694091796875,64724,0.0,0.0
2016-08-24 00:00:00-04:00,709.7150268554688,738.3419799804688,647.020751953125,651.0362548828125,129225,0.0,0.0
2016-08-25 00:00:00-04:00,660.233154296875,690.673583984375,628.7564697265625,647.27978515625,95373,0.0,0.0
2016-08-26 00:00:00-04:00,649.8704833984375,672.27978515625,647.6683959960938,663.6010131835938,69465,0.0,0.0
2016-08-29 00:00:00-04:00,665.8031005859375,680.4404296875,648.4456176757812,671.6321411132812,53631,0.0,0.0
2016-08-30 00:00:00-04:00,670.9844360351562,692.0984497070312,656.0880737304688,658.9378051757812,63173,0.0,0.0
2016-08-31 00:00:00-04:00,655.4404296875,673.3160400390625,628.626953125,639.119140625,78682,0.0,0.0
2016-09-01 00:00:00-04:00,641.1917114257812,650.1295166015625,630.4404296875,638.9896240234375,45996,0.0,0.0
2016-09-02 00:00:00-04:00,643.1347045898438,658.6787719726562,625.2590942382812,635.3626708984375,36184,0.0,0.0
2016-09-06 00:00:00-04:00,638.6010131835938,660.6217651367188,634.0673828125,656.0880737304688,56518,0.0,0.0
2016-09-07 00:00:00-04:00,658.9378051757812,685.3626708984375,658.9378051757812,684.0673828125,52017,0.0,0.0
2016-09-08 00:00:00-04:00,719.1709594726562,760.880859375,712.5647583007812,744.9481811523438,182578,0.0,0.0
2016-09-09 00:00:00-04:00,729.2745971679688,738.3419799804688,690.8031005859375,692.0984497070312,86703,0.0,0.0
2016-09-12 00:00:00-04:00,685.880859375,761.7875366210938,683.419677734375,761.7875366210938,113214,0.0,0.0
2016-09-13 00:00:00-04:00,748.4456176757812,767.487060546875,741.4508056640625,754.9223022460938,76474,0.0,0.0
2016-09-14 00:00:00-04:00,771.373046875,819.8186645507812,766.9689331054688,814.6373291015625,118031,0.0,0.0
2016-09-15 00:00:00-04:00,852.4611206054688,927.5906982421875,844.300537109375,907.25390625,323406,0.0,0.0
2016-09-16 00:00:00-04:00,898.3160400390625,934.0673828125,883.419677734375,925.7772216796875,193502,0.0,0.0
2016-09-19 00:00:00-04:00,919.6891479492188,970.8549194335938,912.5647583007812,919.0414428710938,137601,0.0,0.0
2016-09-20 00:00:00-04:00,931.4766845703125,968.1347045898438,930.5699462890625,955.5699462890625,112380,0.0,0.0
2016-09-21 00:00:00-04:00,967.3574829101562,970.207275390625,904.6632080078125,956.0880737304688,116402,0.0,0.0
2016-09-22 00:00:00-04:00,968.5233154296875,969.9481811523438,928.4974365234375,949.4818725585938,115723,0.0,0.0
2016-09-23 00:00:00-04:00,945.8549194335938,961.9171142578125,918.7824096679688,928.4974365234375,92239,0.0,0.0
2016-09-26 00:00:00-04:00,918.1347045898438,929.792724609375,908.5491943359375,923.1865234375,72267,0.0,0.0
2016-09-27 00:00:00-04:00,930.5699462890625,966.580322265625,913.7305908203125,945.207275390625,106505,0.0,0.0
2016-09-28 00:00:00-04:00,941.580322265625,944.5595703125,886.0103759765625,895.207275390625,131796,0.0,0.0
2016-09-29 00:00:00-04:00,893.7824096679688,903.885986328125,848.8341674804688,860.233154296875,115383,0.0,0.0
2016-09-30 00:00:00-04:00,868.5233154296875,891.83935546875,850.7772216796875,877.979248046875,88757,0.0,0.0
2016-10-03 00:00:00-04:00,870.8549194335938,891.4508056640625,861.139892578125,879.792724609375,86263,0.0,0.0
2016-10-04 00:00:00-04:00,879.1450805664062,921.2435302734375,878.2383422851562,900.90673828125,98994,0.0,0.0
2016-10-05 00:00:00-04:00,905.699462890625,957.9015502929688,901.6839599609375,947.1502685546875,87336,0.0,0.0
2016-10-06 00:00:00-04:00,928.885986328125,939.8963623046875,889.766845703125,906.7357788085938,108535,0.0,0.0
2016-10-07 00:00:00-04:00,912.4352416992188,930.4404296875,890.02587890625,902.4611206054688,72622,0.0,0.0
2016-10-10 00:00:00-04:00,911.7875366210938,957.6425170898438,903.1088256835938,953.2383422851562,100507,0.0,0.0
2016-10-11 00:00:00-04:00,949.4818725585938,967.74609375,890.4144897460938,907.1243286132812,129858,0.0,0.0
2016-10-12 00:00:00-04:00,904.792724609375,924.6113891601562,846.7616577148438,849.09326171875,129202,0.0,0.0
2016-10-13 00:00:00-04:00,832.9015502929688,865.8031005859375,819.4300537109375,845.0776977539062,121883,0.0,0.0
2016-10-14 00:00:00-04:00,809.8445434570312,827.3316040039062,732.25390625,732.7720336914062,319925,0.0,0.0
2016-10-17 00:00:00-04:00,737.046630859375,748.7046508789062,702.72021484375,718.9119262695312,117483,0.0,0.0
2016-10-18 00:00:00-04:00,733.16064453125,741.580322265625,705.9585571289062,711.139892578125,92378,0.0,0.0
2016-10-19 00:00:00-04:00,707.25390625,711.139892578125,679.4041748046875,683.2901611328125,89290,0.0,0.0
2016-10-20 00:00:00-04:00,676.1658325195312,709.1968994140625,673.5751342773438,707.9015502929688,82743,0.0,0.0
2016-10-21 00:00:00-04:00,704.6632080078125,716.3212280273438,690.5440673828125,694.300537109375,52481,0.0,0.0
2016-10-24 00:00:00-04:00,697.5388793945312,704.0155639648438,665.8031005859375,675.5181274414062,66986,0.0,0.0
2016-10-25 00:00:00-04:00,677.4611206054688,690.673583984375,669.6891479492188,678.1088256835938,54032,0.0,0.0
2016-10-26 00:00:00-04:00,680.0518188476562,689.766845703125,654.1450805664062,666.4508056640625,67365,0.0,0.0
2016-10-27 00:00:00-04:00,673.5751342773438,678.7564697265625,631.4766845703125,636.0103759765625,103772,0.0,0.0
2016-10-28 00:00:00-04:00,626.9429931640625,656.0880737304688,606.2175903320312,644.4300537109375,87313,0.0,0.0
2016-10-31 00:00:00-04:00,643.7824096679688,646.373046875,617.2279663085938,618.5233154296875,61745,0.0,0.0
2016-11-01 00:00:00-04:00,621.114013671875,639.2487182617188,608.16064453125,626.9429931640625,55175,0.0,0.0
2016-11-02 00:00:00-04:00,623.0570068359375,630.8290405273438,600.3886108398438,601.0362548828125,67867,0.0,0.0
2016-11-03 00:00:00-04:00,583.5491943359375,596.5025634765625,479.9222717285156,534.97412109375,540948,0.0,0.0
2016-11-04 00:00:00-04:00,536.9171142578125,554.4041748046875,534.326416015625,551.1658325195312,83839,0.0,0.0
2016-11-07 00:00:00-05:00,568.65283203125,593.2642211914062,557.6425170898438,581.606201171875,90432,0.0,0.0
2016-11-08 00:00:00-05:00,572.5388793945312,612.046630859375,570.8549194335938,597.1502685546875,83662,0.0,0.0
2016-11-09 00:00:00-05:00,628.2383422851562,696.8911743164062,624.3523559570312,681.34716796875,168242,0.0,0.0
2016-11-10 00:00:00-05:00,699.4818725585938,735.7512817382812,667.74609375,709.1968994140625,128546,0.0,0.0
2016-11-11 00:00:00-05:00,694.300537109375,738.9896240234375,693.0051879882812,736.3989868164062,84248,0.0,0.0
2016-11-14 00:00:00-05:00,740.2849731445312,812.8238525390625,720.8549194335938,811.5285034179688,117691,0.0,0.0
2016-11-15 00:00:00-05:00,805.699462890625,829.0155639648438,779.792724609375,823.8341674804688,73000,0.0,0.0
2016-11-16 00:00:00-05:00,819.300537109375,840.02587890625,772.020751953125,772.4093017578125,79346,0.0,0.0
2016-11-17 00:00:00-05:00,772.6683959960938,825.7772216796875,757.9015502929688,798.5751342773438,80836,0.0,0.0
2016-11-18 00:00:00-05:00,805.0518188476562,818.2642211914062,791.4508056640625,803.1088256835938,71603,0.0,0.0
2016-11-21 00:00:00-05:00,804.4041748046875,823.1865234375,795.9844360351562,809.5855102539062,66786,0.0,0.0
2016-11-22 00:00:00-05:00,815.4144897460938,834.1968994140625,781.0880737304688,789.5077514648438,94979,0.0,0.0
2016-11-23 00:00:00-05:00,751.2953491210938,810.233154296875,735.7512817382812,809.5855102539062,76652,0.0,0.0
2016-11-25 00:00:00-05:00,813.4714965820312,830.3108520507812,790.1554565429688,828.3678588867188,39025,0.0,0.0
2016-11-28 00:00:00-05:00,819.9481811523438,825.1295166015625,779.6632080078125,785.6217651367188,77100,0.0,0.0
2016-11-29 00:00:00-05:00,788.2124633789062,871.7616577148438,786.2694091796875,834.1968994140625,177359,0.0,0.0
2016-11-30 00:00:00-05:00,835.4922485351562,868.5233154296875,781.0880737304688,781.7357788085938,158036,0.0,0.0
2016-12-01 00:00:00-05:00,965.02587890625,994.1709594726562,860.1036376953125,889.2487182617188,521741,0.0,0.0
2016-12-02 00:00:00-05:00,886.0103759765625,928.7564697265625,874.3523559570312,903.4974365234375,112311,0.0,0.0
2016-12-05 00:00:00-05:00,915.8031005859375,944.9481811523438,907.3834228515625,934.5855102539062,103124,0.0,0.0
2016-12-06 00:00:00-05:00,932.6425170898438,1032.3834228515625,923.7046508789062,1022.6683959960938,175159,0.0,0.0
2016-12-07 00:00:00-05:00,975.3886108398438,977.3316040039062,906.7357788085938,913.2124633789062,361404,0.0,0.0
2016-12-08 00:00:00-05:00,915.1554565429688,934.5855102539062,875.0,930.0518188476562,138265,0.0,0.0
2016-12-09 00:00:00-05:00,938.4714965820312,955.9585571289062,898.9637451171875,900.2590942382812,87197,0.0,0.0
2016-12-12 00:00:00-05:00,893.7824096679688,915.1554565429688,875.6476440429688,906.7357788085938,64856,0.0,0.0
2016-12-13 00:00:00-05:00,915.1554565429688,920.9844360351562,885.3626708984375,887.953369140625,65203,0.0,0.0
2016-12-14 00:00:00-05:00,888.6010131835938,914.5077514648438,876.2953491210938,893.7824096679688,75532,0.0,0.0
2016-12-15 00:00:00-05:00,897.020751953125,923.5751342773438,893.7824096679688,922.927490234375,78636,0.0,0.0
2016-12-16 00:00:00-05:00,922.927490234375,955.9585571289062,921.6321411132812,922.27978515625,155720,0.0,0.0
2016-12-19 00:00:00-05:00,920.3367919921875,937.1761474609375,856.2175903320312,868.5233154296875,109879,0.0,0.0
2016-12-20 00:00:00-05:00,871.114013671875,891.83935546875,853.626953125,869.1709594726562,59151,0.0,0.0
2016-12-21 00:00:00-05:00,869.1709594726562,869.1709594726562,826.4248657226562,832.25390625,58062,0.0,0.0
2016-12-22 00:00:00-05:00,831.606201171875,843.2642211914062,805.699462890625,809.5855102539062,41657,0.0,0.0
2016-12-23 00:00:00-05:00,811.5285034179688,846.114013671875,811.5285034179688,837.4352416992188,44745,0.0,0.0
2016-12-27 00:00:00-05:00,838.0828857421875,862.6942749023438,836.139892578125,840.02587890625,39912,0.0,0.0
2016-12-28 00:00:00-05:00,840.02587890625,845.8549194335938,806.9948120117188,812.1761474609375,40654,0.0,0.0
2016-12-29 00:00:00-05:00,816.0621948242188,822.5388793945312,795.3367919921875,804.4041748046875,39156,0.0,0.0
2016-12-30 00:00:00-05:00,805.699462890625,816.0621948242188,794.0414428710938,799.2227783203125,47910,0.0,0.0
2017-01-03 00:00:00-05:00,808.9378051757812,834.1968994140625,789.5077514648438,801.1658325195312,65852,0.0,0.0
2017-01-04 00:00:00-05:00,805.0518188476562,882.1243286132812,805.0518188476562,876.2953491210938,81299,0.0,0.0
2017-01-05 00:00:00-05:00,868.5233154296875,887.3057250976562,861.3989868164062,874.3523559570312,47887,0.0,0.0
2017-01-06 00:00:00-05:00,876.9429931640625,905.4404296875,876.9429931640625,883.419677734375,50767,0.0,0.0
2017-01-09 00:00:00-05:00,896.373046875,900.2590942382812,863.9896240234375,891.1917114257812,49902,0.0,0.0
2017-01-10 00:00:00-05:00,897.020751953125,899.6113891601562,858.16064453125,884.0673828125,50828,0.0,0.0
2017-01-11 00:00:00-05:00,884.0673828125,889.6373291015625,830.9585571289062,842.6165771484375,70669,0.0,0.0
2017-01-12 00:00:00-05:00,833.5491943359375,873.0570068359375,817.3574829101562,857.512939453125,42313,0.0,0.0
2017-01-13 00:00:00-05:00,858.16064453125,887.3057250976562,854.2745971679688,864.6373291015625,55885,0.0,0.0
2017-01-17 00:00:00-05:00,851.0362548828125,861.3989868164062,827.72021484375,841.9689331054688,47378,0.0,0.0
2017-01-18 00:00:00-05:00,846.5025634765625,878.2383422851562,837.4352416992188,875.6476440429688,33011,0.0,0.0
2017-01-19 00:00:00-05:00,871.114013671875,876.2953491210938,849.7409057617188,860.7512817382812,37612,0.0,0.0
2017-01-20 00:00:00-05:00,860.7512817382812,867.8756713867188,836.7875366210938,847.1502685546875,44274,0.0,0.0
2017-01-23 00:00:00-05:00,841.9689331054688,856.8652954101562,830.9585571289062,846.5025634765625,44081,0.0,0.0
2017-01-24 00:00:00-05:00,847.7979125976562,880.1813354492188,837.4352416992188,875.6476440429688,43232,0.0,0.0
2017-01-25 00:00:00-05:00,882.1243286132812,890.5440673828125,863.3419799804688,878.2383422851562,34578,0.0,0.0
2017-01-26 00:00:00-05:00,879.53369140625,899.6113891601562,872.4093017578125,886.6580200195312,27800,0.0,0.0
2017-01-27 00:00:00-05:00,887.953369140625,920.9844360351562,885.3626708984375,920.9844360351562,38237,0.0,0.0
2017-01-30 00:00:00-05:00,911.9171142578125,915.1554565429688,873.0570068359375,888.6010131835938,42777,0.0,0.0
2017-01-31 00:00:00-05:00,880.1813354492188,974.7409057617188,869.1709594726562,965.02587890625,85468,0.0,0.0
2017-02-01 00:00:00-05:00,966.9689331054688,988.3419799804688,947.5388793945312,979.2745971679688,60540,0.0,0.0
2017-02-02 00:00:00-05:00,966.9689331054688,996.7616577148438,959.8445434570312,993.5233154296875,45926,0.0,0.0
2017-02-03 00:00:00-05:00,997.4093017578125,1020.7254028320312,973.4456176757812,1018.7824096679688,38384,0.0,0.0
2017-02-06 00:00:00-05:00,990.9326171875,1017.487060546875,976.6839599609375,1009.0673828125,63250,0.0,0.0
2017-02-07 00:00:00-05:00,1005.1813354492188,1011.6580200195312,943.0051879882812,954.6632080078125,76544,0.0,0.0
2017-02-08 00:00:00-05:00,950.1295166015625,966.3212280273438,922.927490234375,953.3678588867188,45108,0.0,0.0
2017-02-09 00:00:00-05:00,952.072509765625,981.2175903320312,952.072509765625,981.2175903320312,41866,0.0,0.0
2017-02-10 00:00:00-05:00,980.5699462890625,1008.419677734375,976.6839599609375,980.5699462890625,43278,0.0,0.0
2017-02-13 00:00:00-05:00,986.3989868164062,996.7616577148438,965.02587890625,990.2849731445312,31444,0.0,0.0
2017-02-14 00:00:00-05:00,986.3989868164062,1038.860107421875,981.8652954101562,1027.2020263671875,63451,0.0,0.0
2017-02-15 00:00:00-05:00,1036.9171142578125,1052.461181640625,1011.0103759765625,1026.554443359375,47694,0.0,0.0
2017-02-16 00:00:00-05:00,1029.14501953125,1042.74609375,974.09326171875,991.580322265625,83793,0.0,0.0
2017-02-17 00:00:00-05:00,989.6373291015625,1004.53369140625,972.7979125976562,998.7046508789062,51639,0.0,0.0
2017-02-21 00:00:00-05:00,1005.8290405273438,1019.4300537109375,970.8549194335938,987.6942749023438,51454,0.0,0.0
2017-02-22 00:00:00-05:00,985.1036376953125,995.46630859375,957.9015502929688,958.5491943359375,41750,0.0,0.0
2017-02-23 00:00:00-05:00,970.207275390625,1032.3834228515625,963.7305908203125,1014.2487182617188,91505,0.0,0.0
2017-02-24 00:00:00-05:00,1001.9429931640625,1071.8912353515625,993.5233154296875,1062.1761474609375,60147,0.0,0.0
2017-02-27 00:00:00-05:00,1063.4715576171875,1149.6114501953125,1063.4715576171875,1137.953369140625,127218,0.0,0.0
2017-02-28 00:00:00-05:00,1140.5440673828125,1163.21240234375,1115.9326171875,1135.3626708984375,82218,0.0,0.0
2017-03-01 00:00:00-05:00,1154.792724609375,1204.0155029296875,1147.020751953125,1202.072509765625,83422,0.0,0.0
2017-03-02 00:00:00-05:00,1216.9688720703125,1227.3316650390625,1117.22802734375,1126.9429931640625,90177,0.0,0.0
2017-03-03 00:00:00-05:00,1131.4766845703125,1148.9637451171875,1090.673583984375,1100.3885498046875,62571,0.0,0.0
2017-03-06 00:00:00-05:00,1098.445556640625,1108.808349609375,1066.0621337890625,1081.606201171875,58510,0.0,0.0
2017-03-07 00:00:00-05:00,1073.834228515625,1097.1502685546875,1049.2227783203125,1066.0621337890625,59830,0.0,0.0
2017-03-08 00:00:00-05:00,1071.8912353515625,1141.191650390625,1068.65283203125,1094.5595703125,70607,0.0,0.0
2017-03-09 00:00:00-05:00,1097.7979736328125,1142.487060546875,1097.1502685546875,1124.352294921875,52365,0.0,0.0
2017-03-10 00:00:00-05:00,1131.4766845703125,1152.2020263671875,1111.78759765625,1147.020751953125,45193,0.0,0.0
2017-03-13 00:00:00-04:00,1147.020751953125,1177.5906982421875,1137.046630859375,1172.27978515625,45841,0.0,0.0
2017-03-14 00:00:00-04:00,1163.860107421875,1201.165771484375,1146.373046875,1191.7098388671875,51871,0.0,0.0
2017-03-15 00:00:00-04:00,1200.1295166015625,1279.14501953125,1197.020751953125,1267.487060546875,97627,0.0,0.0
2017-03-16 00:00:00-04:00,1269.4300537109375,1300.5181884765625,1197.538818359375,1201.4249267578125,94269,0.0,0.0
2017-03-17 00:00:00-04:00,1193.65283203125,1246.76171875,1180.699462890625,1196.8912353515625,82666,0.0,0.0
2017-03-20 00:00:00-04:00,1196.8912353515625,1207.25390625,1157.3834228515625,1185.233154296875,50520,0.0,0.0
2017-03-21 00:00:00-04:00,1194.300537109375,1211.139892578125,1088.0828857421875,1088.7305908203125,74081,0.0,0.0
2017-03-22 00:00:00-04:00,1088.7305908203125,1149.6114501953125,1076.554443359375,1117.8756103515625,54580,0.0,0.0
2017-03-23 00:00:00-04:00,1121.114013671875,1181.994873046875,1120.46630859375,1126.2952880859375,66539,0.0,0.0
2017-03-24 00:00:00-04:00,1133.419677734375,1160.6217041015625,1120.46630859375,1141.191650390625,40020,0.0,0.0
2017-03-27 00:00:00-04:00,1117.8756103515625,1222.1502685546875,1103.626953125,1218.2642822265625,70283,0.0,0.0
2017-03-28 00:00:00-04:00,1217.6165771484375,1229.274658203125,1165.8031005859375,1181.34716796875,45054,0.0,0.0
2017-03-29 00:00:00-04:00,1187.1761474609375,1230.5699462890625,1179.4041748046875,1180.0517578125,44691,0.0,0.0
2017-03-30 00:00:00-04:00,1177.461181640625,1193.005126953125,1163.21240234375,1187.8238525390625,38870,0.0,0.0
2017-03-31 00:00:00-04:00,1187.8238525390625,1200.1295166015625,1173.5750732421875,1177.461181640625,31189,0.0,0.0
2017-04-03 00:00:00-04:00,1179.4041748046875,1185.880859375,1143.7823486328125,1147.020751953125,46065,0.0,0.0
2017-04-04 00:00:00-04:00,1143.7823486328125,1159.97412109375,1123.0570068359375,1137.3056640625,30077,0.0,0.0
2017-04-05 00:00:00-04:00,1142.487060546875,1157.3834228515625,1078.367919921875,1091.9688720703125,48937,0.0,0.0
2017-04-06 00:00:00-04:00,1095.207275390625,1112.046630859375,1079.0155029296875,1099.740966796875,44313,0.0,0.0
2017-04-07 00:00:00-04:00,1095.207275390625,1133.419677734375,1087.4351806640625,1132.1243896484375,42831,0.0,0.0
2017-04-10 00:00:00-04:00,1134.0673828125,1168.393798828125,1116.580322265625,1119.1710205078125,36987,0.0,0.0
2017-04-11 00:00:00-04:00,1121.114013671875,1133.419677734375,1085.4921875,1102.979248046875,38646,0.0,0.0
2017-04-12 00:00:00-04:00,1101.6839599609375,1119.1710205078125,1089.3782958984375,1090.02587890625,31073,0.0,0.0
2017-04-13 00:00:00-04:00,1088.7305908203125,1129.53369140625,1082.901611328125,1116.580322265625,45015,0.0,0.0
2017-04-17 00:00:00-04:00,1117.8756103515625,1154.14501953125,1106.2176513671875,1143.134765625,31945,0.0,0.0
2017-04-18 00:00:00-04:00,1139.8963623046875,1149.6114501953125,1080.95849609375,1082.901611328125,77949,0.0,0.0
2017-04-19 00:00:00-04:00,1100.3885498046875,1128.23828125,1084.1968994140625,1087.4351806640625,50095,0.0,0.0
2017-04-20 00:00:00-04:00,1092.6165771484375,1099.740966796875,1027.8497314453125,1075.1295166015625,76312,0.0,0.0
2017-04-21 00:00:00-04:00,1073.1865234375,1080.3109130859375,1058.2901611328125,1067.3575439453125,35033,0.0,0.0
2017-04-24 00:00:00-04:00,1086.78759765625,1111.39892578125,1086.78759765625,1109.4559326171875,45255,0.0,0.0
2017-04-25 00:00:00-04:00,1121.76171875,1154.792724609375,1119.818603515625,1136.6580810546875,38754,0.0,0.0
2017-04-26 00:00:00-04:00,1136.6580810546875,1159.97412109375,1118.5233154296875,1148.3160400390625,30849,0.0,0.0
2017-04-27 00:00:00-04:00,1160.6217041015625,1187.8238525390625,1148.3160400390625,1153.4974365234375,38909,0.0,0.0
2017-04-28 00:00:00-04:00,1163.21240234375,1167.74609375,1137.6943359375,1152.2020263671875,21191,0.0,0.0
2017-05-01 00:00:00-04:00,1154.14501953125,1174.2227783203125,1127.5906982421875,1173.5750732421875,21624,0.0,0.0
2017-05-02 00:00:00-04:00,1178.1087646484375,1184.58544921875,1130.8289794921875,1141.83935546875,35195,0.0,0.0
2017-05-03 00:00:00-04:00,1141.191650390625,1148.3160400390625,1124.352294921875,1130.181396484375,22041,0.0,0.0
2017-05-04 00:00:00-04:00,1143.134765625,1217.6165771484375,1143.134765625,1207.25390625,71510,0.0,0.0
2017-05-05 00:00:00-04:00,1205.95849609375,1211.139892578125,1143.134765625,1169.6890869140625,42483,0.0,0.0
2017-05-08 00:00:00-04:00,1161.9171142578125,1189.119140625,1122.7979736328125,1150.259033203125,42923,0.0,0.0
2017-05-09 00:00:00-04:00,1154.14501953125,1172.27978515625,1141.191650390625,1152.2020263671875,47038,0.0,0.0
2017-05-10 00:00:00-04:00,1152.2020263671875,1183.9378662109375,1137.953369140625,1171.632080078125,30116,0.0,0.0
2017-05-11 00:00:00-04:00,1165.1553955078125,1165.1553955078125,1124.352294921875,1128.885986328125,44158,0.0,0.0
2017-05-12 00:00:00-04:00,1128.23828125,1137.953369140625,1120.46630859375,1133.419677734375,68005,0.0,0.0
2017-05-15 00:00:00-04:00,1140.5440673828125,1161.2694091796875,1128.885986328125,1147.020751953125,48265,0.0,0.0
2017-05-16 00:00:00-04:00,1147.6683349609375,1162.953369140625,1137.953369140625,1147.6683349609375,42630,0.0,0.0
2017-05-17 00:00:00-04:00,1128.23828125,1139.8963623046875,1108.16064453125,1115.2850341796875,44884,0.0,0.0
2017-05-18 00:00:00-04:00,1114.6373291015625,1180.699462890625,1111.39892578125,1145.725341796875,60949,0.0,0.0
2017-05-19 00:00:00-04:00,1143.134765625,1151.554443359375,1051.165771484375,1068.005126953125,88386,0.0,0.0
2017-05-22 00:00:00-04:00,1069.9482421875,1080.3109130859375,1001.2953491210938,1022.6683959960938,79516,0.0,0.0
2017-05-23 00:00:00-04:00,1022.020751953125,1043.393798828125,980.4404296875,1040.8031005859375,67905,0.0,0.0
2017-05-24 00:00:00-04:00,1040.8031005859375,1040.8031005859375,1001.9429931640625,1033.0311279296875,36215,0.0,0.0
2017-05-25 00:00:00-04:00,1036.2694091796875,1044.6890869140625,1018.1347045898438,1033.6787109375,39496,0.0,0.0
2017-05-26 00:00:00-04:00,1033.0311279296875,1055.699462890625,1012.953369140625,1019.4300537109375,45023,0.0,0.0
2017-05-30 00:00:00-04:00,1017.487060546875,1027.8497314453125,1005.1813354492188,1011.0103759765625,43332,0.0,0.0
2017-05-31 00:00:00-04:00,1020.0776977539062,1020.0776977539062,966.7098388671875,976.0362548828125,66153,0.0,0.0
2017-06-01 00:00:00-04:00,984.4559326171875,1045.9844970703125,964.3782348632812,1025.90673828125,73888,0.0,0.0
2017-06-02 00:00:00-04:00,1070.5958251953125,1090.02587890625,1038.860107421875,1090.02587890625,70136,0.0,0.0
2017-06-05 00:00:00-04:00,1165.8031005859375,1210.880859375,1134.7149658203125,1182.6424560546875,178463,0.0,0.0
2017-06-06 00:00:00-04:00,1210.4921875,1358.808349609375,1210.4921875,1272.020751953125,280475,0.0,0.0
2017-06-07 00:00:00-04:00,1295.9844970703125,1417.74609375,1275.90673828125,1413.860107421875,205584,0.0,0.0
2017-06-08 00:00:00-04:00,1431.34716796875,1438.4715576171875,1354.9222412109375,1437.8238525390625,131371,0.0,0.0
2017-06-09 00:00:00-04:00,1424.8704833984375,1514.2486572265625,1389.8963623046875,1449.4818115234375,164706,0.0,0.0
2017-06-12 00:00:00-04:00,1446.8912353515625,1449.4818115234375,1330.3109130859375,1422.27978515625,124277,0.0,0.0
2017-06-13 00:00:00-04:00,1424.8704833984375,1460.4921875,1382.901611328125,1458.5491943359375,71410,0.0,0.0
2017-06-14 00:00:00-04:00,1458.5491943359375,1484.8446044921875,1434.97412109375,1451.4249267578125,54364,0.0,0.0
2017-06-15 00:00:00-04:00,1426.8134765625,1456.606201171875,1395.46630859375,1430.0517578125,65319,0.0,0.0
2017-06-16 00:00:00-04:00,1426.165771484375,1440.41455078125,1389.8963623046875,1408.6787109375,120123,0.0,0.0
2017-06-19 00:00:00-04:00,1424.2227783203125,1466.9688720703125,1409.326416015625,1459.1968994140625,60895,0.0,0.0
2017-06-20 00:00:00-04:00,1477.3316650390625,1566.7098388671875,1459.1968994140625,1463.7305908203125,138126,0.0,0.0
2017-06-21 00:00:00-04:00,1488.3419189453125,1558.9378662109375,1475.3885498046875,1558.2901611328125,85159,0.0,0.0
2017-06-22 00:00:00-04:00,1578.367919921875,1602.979248046875,1525.259033203125,1534.97412109375,92601,0.0,0.0
2017-06-23 00:00:00-04:00,1429.4041748046875,1467.6165771484375,1358.808349609375,1450.7772216796875,237290,0.0,0.0
2017-06-26 00:00:00-04:00,1435.880859375,1474.09326171875,1419.6890869140625,1439.119140625,65975,0.0,0.0
2017-06-27 00:00:00-04:00,1405.4404296875,1446.2435302734375,1382.77197265625,1384.7149658203125,100244,0.0,0.0
2017-06-28 00:00:00-04:00,1362.046630859375,1430.0517578125,1327.72021484375,1413.21240234375,224737,0.0,0.0
2017-06-29 00:00:00-04:00,1415.1553955078125,1437.1761474609375,1373.0570068359375,1402.2020263671875,80991,0.0,0.0
2017-06-30 00:00:00-04:00,1380.8289794921875,1398.9637451171875,1358.808349609375,1360.7513427734375,90116,0.0,0.0
2017-07-03 00:00:00-04:00,1367.22802734375,1397.020751953125,1359.4559326171875,1363.9896240234375,55044,0.0,0.0
2017-07-05 00:00:00-04:00,1363.9896240234375,1395.725341796875,1347.7979736328125,1362.046630859375,85746,0.0,0.0
2017-07-06 00:00:00-04:00,1349.09326171875,1360.1036376953125,1292.098388671875,1305.699462890625,104745,0.0,0.0
2017-07-07 00:00:00-04:00,1314.119140625,1318.005126953125,1279.792724609375,1292.74609375,71757,0.0,0.0
2017-07-10 00:00:00-04:00,1288.860107421875,1305.699462890625,1205.95849609375,1217.6165771484375,138242,0.0,0.0
2017-07-11 00:00:00-04:00,1219.5595703125,1243.5233154296875,1211.78759765625,1228.626953125,70252,0.0,0.0
2017-07-12 00:00:00-04:00,1235.1036376953125,1250.0,1215.41455078125,1239.6373291015625,59961,0.0,0.0
2017-07-13 00:00:00-04:00,1251.9429931640625,1259.8446044921875,1212.4351806640625,1243.5233154296875,59220,0.0,0.0
2017-07-14 00:00:00-04:00,1242.22802734375,1275.90673828125,1236.39892578125,1240.9326171875,58008,0.0,0.0
2017-07-17 00:00:00-04:00,1240.9326171875,1264.8963623046875,1220.207275390625,1229.274658203125,52704,0.0,0.0
2017-07-18 00:00:00-04:00,1222.1502685546875,1235.7513427734375,1206.606201171875,1215.673583984375,43711,0.0,0.0
2017-07-19 00:00:00-04:00,1223.445556640625,1260.3626708984375,1216.3212890625,1260.3626708984375,46552,0.0,0.0
2017-07-20 00:00:00-04:00,1262.3056640625,1272.6683349609375,1237.6943359375,1240.9326171875,40298,0.0,0.0
2017-07-21 00:00:00-04:00,1248.7047119140625,1249.6114501953125,1220.85498046875,1244.1710205078125,32879,0.0,0.0
2017-07-24 00:00:00-04:00,1245.46630859375,1301.165771484375,1237.046630859375,1293.393798828125,65095,0.0,0.0
2017-07-25 00:00:00-04:00,1305.0517578125,1332.901611328125,1273.9637451171875,1279.792724609375,67318,0.0,0.0
2017-07-26 00:00:00-04:00,1292.098388671875,1310.880859375,1275.90673828125,1288.860107421875,34794,0.0,0.0
2017-07-27 00:00:00-04:00,1303.7564697265625,1305.699462890625,1233.808349609375,1241.580322265625,56881,0.0,0.0
2017-07-28 00:00:00-04:00,1236.39892578125,1265.5440673828125,1227.979248046875,1252.5906982421875,37226,0.0,0.0
2017-07-31 00:00:00-04:00,1253.885986328125,1261.6580810546875,1215.673583984375,1220.85498046875,32725,0.0,0.0
2017-08-01 00:00:00-04:00,1230.5699462890625,1230.5699462890625,1138.9896240234375,1154.792724609375,73711,0.0,0.0
2017-08-02 00:00:00-04:00,1152.8497314453125,1191.7098388671875,1132.25390625,1176.8134765625,54920,0.0,0.0
2017-08-03 00:00:00-04:00,1168.393798828125,1210.4921875,1109.4559326171875,1209.8446044921875,72830,0.0,0.0
2017-08-04 00:00:00-04:00,1215.673583984375,1250.647705078125,1203.367919921875,1231.2176513671875,46305,0.0,0.0
2017-08-07 00:00:00-04:00,1233.16064453125,1283.0311279296875,1222.7979736328125,1277.8497314453125,51701,0.0,0.0
2017-08-08 00:00:00-04:00,1277.8497314453125,1284.7149658203125,1247.4093017578125,1261.0103759765625,34408,0.0,0.0
2017-08-09 00:00:00-04:00,1248.0570068359375,1279.792724609375,1220.85498046875,1256.4766845703125,36516,0.0,0.0
2017-08-10 00:00:00-04:00,1240.9326171875,1255.8289794921875,1164.5078125,1166.4508056640625,51739,0.0,0.0
2017-08-11 00:00:00-04:00,1174.8704833984375,1219.5595703125,1171.632080078125,1216.9688720703125,42722,0.0,0.0
2017-08-14 00:00:00-04:00,1230.5699462890625,1265.5440673828125,1230.5699462890625,1251.2952880859375,33003,0.0,0.0
2017-08-15 00:00:00-04:00,1251.2952880859375,1276.554443359375,1239.6373291015625,1257.1243896484375,24187,0.0,0.0
2017-08-16 00:00:00-04:00,1260.3626708984375,1266.83935546875,1238.9896240234375,1257.77197265625,26032,0.0,0.0
2017-08-17 00:00:00-04:00,1246.114013671875,1261.6580810546875,1205.3109130859375,1207.901611328125,34979,0.0,0.0
2017-08-18 00:00:00-04:00,1202.072509765625,1218.911865234375,1175.5181884765625,1197.538818359375,38345,0.0,0.0
2017-08-21 00:00:00-04:00,1199.4818115234375,1211.139892578125,1180.699462890625,1200.1295166015625,36353,0.0,0.0
2017-08-22 00:00:00-04:00,1207.25390625,1245.46630859375,1202.72021484375,1236.39892578125,28093,0.0,0.0
2017-08-23 00:00:00-04:00,1220.85498046875,1268.134765625,1211.139892578125,1241.580322265625,25901,0.0,0.0
2017-08-24 00:00:00-04:00,1248.0570068359375,1281.7357177734375,1221.5025634765625,1277.2020263671875,29189,0.0,0.0
2017-08-25 00:00:00-04:00,1280.4404296875,1284.97412109375,1255.181396484375,1267.487060546875,31112,0.0,0.0
2017-08-28 00:00:00-04:00,1386.0103759765625,1415.8031005859375,1354.9222412109375,1376.9429931640625,108559,0.0,0.0
2017-08-29 00:00:00-04:00,1355.5699462890625,1369.1710205078125,1325.1295166015625,1326.4249267578125,83307,0.0,0.0
2017-08-30 00:00:00-04:00,1331.606201171875,1498.7047119140625,1331.606201171875,1457.25390625,145537,0.0,0.0
2017-08-31 00:00:00-04:00,1485.1036376953125,1626.9429931640625,1483.808349609375,1617.22802734375,215041,0.0,0.0
2017-09-01 00:00:00-04:00,1639.8963623046875,1724.09326171875,1626.9429931640625,1694.9482421875,187056,0.0,0.0
2017-09-05 00:00:00-04:00,1656.088134765625,1682.6424560546875,1556.994873046875,1625.0,158530,0.0,0.0
2017-09-06 00:00:00-04:00,1638.60107421875,1683.2901611328125,1597.7979736328125,1638.60107421875,87290,0.0,0.0
2017-09-07 00:00:00-04:00,1656.7357177734375,1682.6424560546875,1616.7098388671875,1673.5750732421875,69117,0.0,0.0
2017-09-08 00:00:00-04:00,1660.6217041015625,1660.7513427734375,1608.16064453125,1616.580322265625,50612,0.0,0.0
2017-09-11 00:00:00-04:00,1626.2952880859375,1661.9171142578125,1616.580322265625,1643.7823486328125,56263,0.0,0.0
2017-09-12 00:00:00-04:00,1643.134765625,1678.1087646484375,1615.9326171875,1656.7357177734375,58263,0.0,0.0
2017-09-13 00:00:00-04:00,1656.7357177734375,1685.880859375,1629.53369140625,1636.0103759765625,54959,0.0,0.0
2017-09-14 00:00:00-04:00,1637.953369140625,1772.6683349609375,1634.7149658203125,1707.901611328125,112774,0.0,0.0
2017-09-15 00:00:00-04:00,1711.139892578125,1713.7305908203125,1658.0311279296875,1704.6632080078125,87051,0.0,0.0
2017-09-18 00:00:00-04:00,1703.367919921875,1728.7564697265625,1689.119140625,1723.445556640625,66346,0.0,0.0
2017-09-19 00:00:00-04:00,1705.3109130859375,1717.6165771484375,1664.5078125,1687.8238525390625,42792,0.0,0.0
2017-09-20 00:00:00-04:00,1687.8238525390625,1722.7979736328125,1656.865234375,1694.300537109375,57954,0.0,0.0
2017-09-21 00:00:00-04:00,1691.7098388671875,1698.834228515625,1651.554443359375,1656.088134765625,44043,0.0,0.0
2017-09-22 00:00:00-04:00,1652.2020263671875,1690.41455078125,1645.0777587890625,1667.74609375,37118,0.0,0.0
2017-09-25 00:00:00-04:00,1661.2694091796875,1717.6165771484375,1651.2952880859375,1690.41455078125,46544,0.0,0.0
2017-09-26 00:00:00-04:00,1690.41455078125,1703.367919921875,1629.0155029296875,1640.5440673828125,46058,0.0,0.0
2017-09-27 00:00:00-04:00,1656.7357177734375,1693.005126953125,1637.953369140625,1665.8031005859375,47138,0.0,0.0
2017-09-28 00:00:00-04:00,1666.4508056640625,1844.5595703125,1666.4508056640625,1828.367919921875,118124,0.0,0.0
2017-09-29 00:00:00-04:00,1853.626953125,1858.808349609375,1727.3316650390625,1779.14501953125,93790,0.0,0.0
2017-10-02 00:00:00-04:00,1709.8446044921875,1712.4351806640625,1553.1087646484375,1625.0,159873,0.0,0.0
2017-10-03 00:00:00-04:00,1606.865234375,1682.6424560546875,1560.880859375,1652.2020263671875,85893,0.0,0.0
2017-10-04 00:00:00-04:00,1660.6217041015625,1705.95849609375,1621.76171875,1676.165771484375,51315,0.0,0.0
2017-10-05 00:00:00-04:00,1670.9844970703125,1679.9222412109375,1612.4351806640625,1632.1243896484375,53515,0.0,0.0
2017-10-06 00:00:00-04:00,1658.0311279296875,1667.74609375,1628.626953125,1654.792724609375,39889,0.0,0.0
2017-10-09 00:00:00-04:00,1683.9378662109375,1711.78759765625,1651.554443359375,1703.367919921875,45988,0.0,0.0
2017-10-10 00:00:00-04:00,1707.25390625,1711.139892578125,1651.554443359375,1705.3109130859375,47694,0.0,0.0
2017-10-11 00:00:00-04:00,1677.461181640625,1704.0155029296875,1623.0570068359375,1625.0,80828,0.0,0.0
2017-10-12 00:00:00-04:00,1634.0673828125,1707.512939453125,1626.9429931640625,1686.5284423828125,66431,0.0,0.0
2017-10-13 00:00:00-04:00,1699.4818115234375,1726.6839599609375,1686.5284423828125,1705.95849609375,35705,0.0,0.0
2017-10-16 00:00:00-04:00,1737.046630859375,1857.512939453125,1715.673583984375,1856.2176513671875,87823,0.0,0.0
2017-10-17 00:00:00-04:00,1865.2850341796875,1883.419677734375,1797.27978515625,1816.0621337890625,51701,0.0,0.0
2017-10-18 00:00:00-04:00,1829.0155029296875,1836.78759765625,1771.373046875,1801.8134765625,38430,0.0,0.0
2017-10-19 00:00:00-04:00,1783.0311279296875,1813.4715576171875,1765.5440673828125,1806.34716796875,39449,0.0,0.0
2017-10-20 00:00:00-04:00,1818.65283203125,1880.8289794921875,1795.3367919921875,1846.5025634765625,68114,0.0,0.0
2017-10-23 00:00:00-04:00,1865.2850341796875,1887.3056640625,1816.7098388671875,1818.005126953125,55430,0.0,0.0
2017-10-24 00:00:00-04:00,1805.0517578125,1858.808349609375,1784.97412109375,1829.6632080078125,51863,0.0,0.0
2017-10-25 00:00:00-04:00,1839.3782958984375,1840.02587890625,1788.4715576171875,1806.34716796875,45340,0.0,0.0
2017-10-26 00:00:00-04:00,1774.6114501953125,1832.901611328125,1725.3885498046875,1769.4300537109375,56750,0.0,0.0
2017-10-27 00:00:00-04:00,1774.6114501953125,1823.834228515625,1762.953369140625,1823.834228515625,69380,0.0,0.0
2017-10-30 00:00:00-04:00,1823.834228515625,1871.76171875,1806.994873046875,1834.1968994140625,35473,0.0,0.0
2017-10-31 00:00:00-04:00,1841.9688720703125,1849.09326171875,1788.3419189453125,1801.8134765625,46343,0.0,0.0
2017-11-01 00:00:00-04:00,1865.2850341796875,2096.114013671875,1847.7979736328125,1851.6839599609375,190306,0.0,0.0
2017-11-02 00:00:00-04:00,1905.4404296875,2047.927490234375,1878.23828125,1995.46630859375,107895,0.0,0.0
2017-11-03 00:00:00-04:00,2049.870361328125,2134.715087890625,2016.83935546875,2023.9637451171875,99171,0.0,0.0
2017-11-06 00:00:00-05:00,1981.865234375,2012.953369140625,1859.4559326171875,1875.0,105162,0.0,0.0
2017-11-07 00:00:00-05:00,1883.419677734375,1917.098388671875,1862.6943359375,1900.259033203125,50597,0.0,0.0
2017-11-08 00:00:00-05:00,1891.191650390625,1916.4508056640625,1869.1710205078125,1900.259033203125,35543,0.0,0.0
2017-11-09 00:00:00-05:00,1894.4300537109375,1987.6943359375,1878.23828125,1947.538818359375,48412,0.0,0.0
2017-11-10 00:00:00-05:00,1931.34716796875,1972.1502685546875,1907.3834228515625,1965.673583984375,37241,0.0,0.0
2017-11-13 00:00:00-05:00,1962.4351806640625,2019.4300537109375,1936.2694091796875,2001.9429931640625,42699,0.0,0.0
2017-11-14 00:00:00-05:00,1991.580322265625,2061.528564453125,1961.139892578125,2051.165771484375,57259,0.0,0.0
2017-11-15 00:00:00-05:00,2032.3834228515625,2055.0517578125,1983.808349609375,2032.3834228515625,66268,0.0,0.0
2017-11-16 00:00:00-05:00,2054.404052734375,2125.647705078125,2046.632080078125,2074.48193359375,62447,0.0,0.0
2017-11-17 00:00:00-05:00,2060.880859375,2130.8291015625,2048.445556640625,2113.98974609375,37288,0.0,0.0
2017-11-20 00:00:00-05:00,2120.46630859375,2144.1708984375,2092.61669921875,2142.487060546875,31034,0.0,0.0
2017-11-21 00:00:00-05:00,2154.14501953125,2196.89111328125,2145.725341796875,2166.45068359375,38129,0.0,0.0
2017-11-22 00:00:00-05:00,2171.632080078125,2190.41455078125,2140.5439453125,2165.80322265625,28078,0.0,0.0
2017-11-24 00:00:00-05:00,2187.82373046875,2204.663330078125,2163.860107421875,2173.5751953125,18474,0.0,0.0
2017-11-27 00:00:00-05:00,2183.2900390625,2205.95849609375,2152.849853515625,2172.927490234375,31698,0.0,0.0
2017-11-28 00:00:00-05:00,2175.51806640625,2185.233154296875,2110.751220703125,2156.088134765625,34022,0.0,0.0
2017-11-29 00:00:00-05:00,2175.51806640625,2257.124267578125,2141.83935546875,2167.098388671875,55746,0.0,0.0
2017-11-30 00:00:00-05:00,2197.538818359375,2261.01025390625,2189.119140625,2238.342041015625,42506,0.0,0.0
2017-12-01 00:00:00-05:00,2229.92236328125,2262.3056640625,2102.33154296875,2216.3212890625,48883,0.0,0.0
2017-12-04 00:00:00-05:00,2229.92236328125,2261.657958984375,2091.3212890625,2102.33154296875,55808,0.0,0.0
2017-12-05 00:00:00-05:00,2122.409423828125,2165.155517578125,2090.673583984375,2106.865234375,43518,0.0,0.0
2017-12-06 00:00:00-05:00,2099.740966796875,2134.0673828125,2002.5906982421875,2064.766845703125,75386,0.0,0.0
2017-12-07 00:00:00-05:00,2072.538818359375,2221.502685546875,2072.538818359375,2174.870361328125,59467,0.0,0.0
2017-12-08 00:00:00-05:00,2186.528564453125,2263.98974609375,2186.528564453125,2216.968994140625,56148,0.0,0.0
2017-12-11 00:00:00-05:00,2869.818603515625,2876.036376953125,2520.725341796875,2613.98974609375,395982,0.0,0.0
2017-12-12 00:00:00-05:00,2570.595947265625,2637.3056640625,2468.911865234375,2473.445556640625,179143,0.0,0.0
2017-12-13 00:00:00-05:00,2397.66845703125,2446.89111328125,2344.5595703125,2395.07763671875,312753,0.0,0.0
2017-12-14 00:00:00-05:00,2419.04150390625,2435.36279296875,2357.512939453125,2387.953369140625,132738,0.0,0.0
2017-12-15 00:00:00-05:00,2387.953369140625,2397.150146484375,2293.393798828125,2369.818603515625,145267,0.0,0.0
2017-12-18 00:00:00-05:00,2392.487060546875,2422.27978515625,2356.217529296875,2387.953369140625,61745,0.0,0.0
2017-12-19 00:00:00-05:00,2387.953369140625,2405.4404296875,2339.378173828125,2358.808349609375,42460,0.0,0.0
2017-12-20 00:00:00-05:00,2369.818603515625,2431.4765625,2363.98974609375,2399.611328125,30687,0.0,0.0
2017-12-21 00:00:00-05:00,2402.849853515625,2425.51806640625,2386.657958984375,2400.90673828125,32162,0.0,0.0
2017-12-22 00:00:00-05:00,2389.248779296875,2389.248779296875,2234.4560546875,2325.777099609375,125674,0.0,0.0
2017-12-26 00:00:00-05:00,2330.95849609375,2357.512939453125,2315.5439453125,2345.85498046875,29321,0.0,0.0
2017-12-27 00:00:00-05:00,2350.388671875,2369.818603515625,2304.404052734375,2330.310791015625,34725,0.0,0.0
2017-12-28 00:00:00-05:00,2343.26416015625,2343.911865234375,2294.04150390625,2327.72021484375,34732,0.0,0.0
2017-12-29 00:00:00-05:00,2327.72021484375,2360.103515625,2292.74609375,2306.994873046875,38940,0.0,0.0
2018-01-02 00:00:00-05:00,2329.663330078125,2380.8291015625,2255.181396484375,2356.217529296875,38160,0.0,0.0
2018-01-03 00:00:00-05:00,2362.6943359375,2367.22802734375,2300.51806640625,2328.367919921875,39650,0.0,0.0
2018-01-04 00:00:00-05:00,2355.570068359375,2355.570068359375,2262.953369140625,2294.04150390625,46235,0.0,0.0
2018-01-05 00:00:00-05:00,2281.73583984375,2316.062255859375,2237.046630859375,2266.83935546875,52465,0.0,0.0
2018-01-08 00:00:00-05:00,2261.657958984375,2279.14501953125,2178.756591796875,2203.367919921875,52064,0.0,0.0
2018-01-09 00:00:00-05:00,2213.73046875,2275.0,2192.357421875,2195.595947265625,74444,0.0,0.0
2018-01-10 00:00:00-05:00,2190.41455078125,2235.103515625,2143.782470703125,2227.33154296875,49269,0.0,0.0
2018-01-11 00:00:00-05:00,2239.63720703125,2256.4765625,2202.72021484375,2223.445556640625,32771,0.0,0.0
2018-01-12 00:00:00-05:00,2219.5595703125,2259.0673828125,2208.54931640625,2211.139892578125,48736,0.0,0.0
2018-01-16 00:00:00-05:00,2217.61669921875,2224.09326171875,2087.435302734375,2115.9326171875,140998,0.0,0.0
2018-01-17 00:00:00-05:00,2240.9326171875,2338.0830078125,2157.38330078125,2270.07763671875,139431,0.0,0.0
2018-01-18 00:00:00-05:00,2254.53369140625,2363.342041015625,2235.751220703125,2358.808349609375,80249,0.0,0.0
2018-01-19 00:00:00-05:00,2349.09326171875,2358.808349609375,2273.316162109375,2279.14501953125,57097,0.0,0.0
2018-01-22 00:00:00-05:00,2375.0,2590.673583984375,2308.2900390625,2521.373046875,195594,0.0,0.0
2018-01-23 00:00:00-05:00,2521.373046875,2601.036376953125,2442.357421875,2593.26416015625,122671,0.0,0.0
2018-01-24 00:00:00-05:00,2623.056884765625,2730.570068359375,2593.26416015625,2687.17626953125,107802,0.0,0.0
2018-01-25 00:00:00-05:00,2650.259033203125,2716.968994140625,2569.9482421875,2641.191650390625,92794,0.0,0.0
2018-01-26 00:00:00-05:00,2655.4404296875,2670.984375,2574.48193359375,2593.911865234375,61636,0.0,0.0
2018-01-29 00:00:00-05:00,2615.284912109375,2653.10888671875,2581.73583984375,2621.114013671875,48018,0.0,0.0
2018-01-30 00:00:00-05:00,2580.310791015625,2659.326416015625,2487.046630859375,2639.896484375,71371,0.0,0.0
2018-01-31 00:00:00-05:00,2634.715087890625,2716.968994140625,2615.41455078125,2654.14501953125,56503,0.0,0.0
2018-02-01 00:00:00-05:00,2634.715087890625,2781.088134765625,2618.5234375,2658.6787109375,58170,0.0,0.0
2018-02-02 00:00:00-05:00,2610.751220703125,2640.5439453125,2560.233154296875,2576.4248046875,60679,0.0,0.0
2018-02-05 00:00:00-05:00,2558.937744140625,2607.512939453125,2490.284912109375,2490.9326171875,80319,0.0,0.0
2018-02-06 00:00:00-05:00,2446.243408203125,2575.129638671875,2347.7978515625,2563.471435546875,59081,0.0,0.0
2018-02-07 00:00:00-05:00,2562.82373046875,2784.97412109375,2534.97412109375,2628.23828125,103348,0.0,0.0
2018-02-08 00:00:00-05:00,2652.2021484375,2680.0517578125,2471.502685546875,2471.502685546875,68785,0.0,0.0
2018-02-09 00:00:00-05:00,2498.70458984375,2551.165771484375,2319.300537109375,2484.4560546875,76413,0.0,0.0
2018-02-12 00:00:00-05:00,2503.885986328125,2589.378173828125,2472.150146484375,2558.2900390625,43263,0.0,0.0
2018-02-13 00:00:00-05:00,2536.9169921875,2626.943115234375,2522.020751953125,2585.4921875,35767,0.0,0.0
2018-02-14 00:00:00-05:00,2572.538818359375,2715.02587890625,2572.538818359375,2684.58544921875,48389,0.0,0.0
2018-02-15 00:00:00-05:00,2702.72021484375,2707.124267578125,2598.445556640625,2702.72021484375,34007,0.0,0.0
2018-02-16 00:00:00-05:00,2669.04150390625,2768.134765625,2660.233154296875,2763.60107421875,49230,0.0,0.0
2018-02-20 00:00:00-05:00,2757.77197265625,2781.088134765625,2646.373046875,2661.26953125,45818,0.0,0.0
2018-02-21 00:00:00-05:00,2678.10888671875,2761.657958984375,2678.10888671875,2686.528564453125,23422,0.0,0.0
2018-02-22 00:00:00-05:00,2655.4404296875,2676.8134765625,2526.554443359375,2606.217529296875,83762,0.0,0.0
2018-02-23 00:00:00-05:00,2637.953369140625,2672.927490234375,2586.139892578125,2669.04150390625,32795,0.0,0.0
2018-02-26 00:00:00-05:00,2680.0517578125,2699.222900390625,2587.435302734375,2605.570068359375,41935,0.0,0.0
2018-02-27 00:00:00-05:00,2595.85498046875,2647.020751953125,2582.901611328125,2631.4765625,31637,0.0,0.0
2018-02-28 00:00:00-05:00,2625.0,2673.5751953125,2603.626953125,2603.626953125,33335,0.0,0.0
2018-03-01 00:00:00-05:00,2610.103515625,2665.80322265625,2560.233154296875,2631.4765625,48211,0.0,0.0
2018-03-02 00:00:00-05:00,2597.7978515625,2699.48193359375,2571.373046875,2669.689208984375,37457,0.0,0.0
2018-03-05 00:00:00-05:00,2674.870361328125,2823.1865234375,2670.336669921875,2791.45068359375,50273,0.0,0.0
2018-03-06 00:00:00-05:00,2790.155517578125,2843.911865234375,2734.4560546875,2841.3212890625,113739,0.0,0.0
2018-03-07 00:00:00-05:00,2817.357421875,2944.9482421875,2799.870361328125,2919.689208984375,52874,0.0,0.0
2018-03-08 00:00:00-05:00,2917.098388671875,3000.0,2864.63720703125,2926.8134765625,45687,0.0,0.0
2018-03-09 00:00:00-05:00,2941.7099609375,3034.326416015625,2901.554443359375,3004.53369140625,48953,0.0,0.0
2018-03-12 00:00:00-04:00,3020.07763671875,3042.74609375,2966.3212890625,3018.782470703125,29660,0.0,0.0
2018-03-13 00:00:00-04:00,3030.4404296875,3059.19677734375,2883.16064453125,2893.134765625,48157,0.0,0.0
2018-03-14 00:00:00-04:00,2909.97412109375,2933.937744140625,2800.51806640625,2852.33154296875,45880,0.0,0.0
2018-03-15 00:00:00-04:00,2852.33154296875,2852.33154296875,2721.502685546875,2780.4404296875,54750,0.0,0.0
2018-03-16 00:00:00-04:00,2724.09326171875,2743.5234375,2568.005126953125,2588.0830078125,160738,0.0,0.0
2018-03-19 00:00:00-04:00,2565.41455078125,2598.5751953125,2449.48193359375,2525.259033203125,73734,0.0,0.0
2018-03-20 00:00:00-04:00,2520.07763671875,2525.90673828125,2301.8134765625,2452.072509765625,162768,0.0,0.0
2018-03-21 00:00:00-04:00,2477.979248046875,2492.875732421875,2371.76171875,2391.191650390625,82156,0.0,0.0
2018-03-22 00:00:00-04:00,2347.150146484375,2437.82373046875,2344.5595703125,2348.445556640625,54241,0.0,0.0
2018-03-23 00:00:00-04:00,2343.26416015625,2535.621826171875,2332.901611328125,2448.1865234375,94825,0.0,0.0
2018-03-26 00:00:00-04:00,2488.98974609375,2514.248779296875,2358.16064453125,2447.538818359375,62470,0.0,0.0
2018-03-27 00:00:00-04:00,2455.310791015625,2462.82373046875,2254.53369140625,2269.429931640625,96809,0.0,0.0
2018-03-28 00:00:00-04:00,2325.777099609375,2325.777099609375,2187.17626953125,2229.92236328125,75386,0.0,0.0
2018-03-29 00:00:00-04:00,2248.70458984375,2268.134765625,2202.72021484375,2211.78759765625,71835,0.0,0.0
2018-04-02 00:00:00-04:00,2208.54931640625,2233.808349609375,2064.766845703125,2091.968994140625,81168,0.0,0.0
2018-04-03 00:00:00-04:00,2106.865234375,2139.378173828125,2053.10888671875,2078.367919921875,60996,0.0,0.0
2018-04-04 00:00:00-04:00,2026.554443359375,2257.77197265625,2000.647705078125,2242.22802734375,68152,0.0,0.0
2018-04-05 00:00:00-04:00,2253.885986328125,2273.316162109375,2184.58544921875,2204.015625,70237,0.0,0.0
2018-04-06 00:00:00-04:00,2171.632080078125,2184.19677734375,2040.8031005859375,2107.512939453125,84071,0.0,0.0
2018-04-09 00:00:00-04:00,2182.642578125,2273.963623046875,2168.393798828125,2244.1708984375,89274,0.0,0.0
2018-04-10 00:00:00-04:00,2268.782470703125,2288.860107421875,2179.404052734375,2263.60107421875,72398,0.0,0.0
2018-04-11 00:00:00-04:00,2251.943115234375,2319.689208984375,2228.756591796875,2258.419677734375,36508,0.0,0.0
2018-04-12 00:00:00-04:00,2285.621826171875,2361.39892578125,2268.134765625,2301.8134765625,42352,0.0,0.0
2018-04-13 00:00:00-04:00,2301.8134765625,2321.243408203125,2219.5595703125,2241.580322265625,28417,0.0,0.0
2018-04-16 00:00:00-04:00,2301.8134765625,2301.8134765625,2190.41455078125,2204.663330078125,34308,0.0,0.0
2018-04-17 00:00:00-04:00,2211.139892578125,2224.09326171875,2138.60107421875,2215.673583984375,57298,0.0,0.0
2018-04-18 00:00:00-04:00,2227.33154296875,2291.45068359375,2213.0830078125,2263.60107421875,35242,0.0,0.0
2018-04-19 00:00:00-04:00,2260.36279296875,2330.95849609375,2201.4248046875,2208.54931640625,44050,0.0,0.0
2018-04-20 00:00:00-04:00,2208.54931640625,2238.98974609375,2178.756591796875,2208.54931640625,36222,0.0,0.0
2018-04-23 00:00:00-04:00,2216.968994140625,2240.9326171875,2145.07763671875,2179.404052734375,32771,0.0,0.0
2018-04-24 00:00:00-04:00,2184.58544921875,2221.502685546875,2093.26416015625,2111.39892578125,41781,0.0,0.0
2018-04-25 00:00:00-04:00,2121.114013671875,2147.66845703125,2060.880859375,2106.217529296875,29490,0.0,0.0
2018-04-26 00:00:00-04:00,2126.943115234375,2213.0830078125,2112.046630859375,2207.901611328125,26997,0.0,0.0
2018-04-27 00:00:00-04:00,2207.901611328125,2262.3056640625,2182.642578125,2250.647705078125,28927,0.0,0.0
2018-04-30 00:00:00-04:00,2251.943115234375,2301.165771484375,2204.015625,2204.015625,34084,0.0,0.0
2018-05-01 00:00:00-04:00,2202.072509765625,2287.564697265625,2194.9482421875,2285.621826171875,29691,0.0,0.0
2018-05-02 00:00:00-04:00,2240.284912109375,2338.73046875,2228.756591796875,2234.4560546875,56827,0.0,0.0
2018-05-03 00:00:00-04:00,2216.3212890625,2245.46630859375,2150.259033203125,2196.89111328125,55576,0.0,0.0
2018-05-04 00:00:00-04:00,2186.528564453125,2278.497314453125,2186.528564453125,2255.181396484375,36392,0.0,0.0
2018-05-07 00:00:00-04:00,2270.07763671875,2298.5751953125,2252.590576171875,2259.0673828125,21655,0.0,0.0
2018-05-08 00:00:00-04:00,2244.818603515625,2283.6787109375,2223.70458984375,2233.808349609375,26958,0.0,0.0
2018-05-09 00:00:00-04:00,2237.046630859375,2297.27978515625,2211.78759765625,2275.90673828125,29212,0.0,0.0
2018-05-10 00:00:00-04:00,2298.5751953125,2348.445556640625,2270.07763671875,2308.2900390625,30818,0.0,0.0
2018-05-11 00:00:00-04:00,2295.336669921875,2444.9482421875,2272.150146484375,2414.5078125,42421,0.0,0.0
2018-05-14 00:00:00-04:00,2420.336669921875,2474.09326171875,2306.994873046875,2343.26416015625,59398,0.0,0.0
2018-05-15 00:00:00-04:00,2331.606201171875,2331.606201171875,2256.4765625,2261.657958984375,47671,0.0,0.0
2018-05-16 00:00:00-04:00,2261.01025390625,2316.7099609375,2251.29541015625,2310.880859375,48713,0.0,0.0
2018-05-17 00:00:00-04:00,2343.911865234375,2467.61669921875,2324.611328125,2452.072509765625,68986,0.0,0.0
2018-05-18 00:00:00-04:00,2455.95849609375,2491.580322265625,2345.85498046875,2379.53369140625,51407,0.0,0.0
2018-05-21 00:00:00-04:00,2385.36279296875,2438.471435546875,2314.766845703125,2347.7978515625,98384,0.0,0.0
2018-05-22 00:00:00-04:00,2362.6943359375,2441.7099609375,2322.538818359375,2404.792724609375,43826,0.0,0.0
2018-05-23 00:00:00-04:00,2424.222900390625,2501.943115234375,2424.222900390625,2453.367919921875,43309,0.0,0.0
2018-05-24 00:00:00-04:00,2442.357421875,2486.39892578125,2409.97412109375,2422.27978515625,38531,0.0,0.0
2018-05-25 00:00:00-04:00,2429.404052734375,2448.1865234375,2345.85498046875,2437.17626953125,45579,0.0,0.0
2018-05-29 00:00:00-04:00,2417.098388671875,2437.82373046875,2355.570068359375,2411.9169921875,49825,0.0,0.0
2018-05-30 00:00:00-04:00,2428.756591796875,2470.207275390625,2351.036376953125,2367.875732421875,51338,0.0,0.0
2018-05-31 00:00:00-04:00,2382.77197265625,2406.73583984375,2316.45068359375,2319.300537109375,53978,0.0,0.0
2018-06-01 00:00:00-04:00,2327.072509765625,2430.0517578125,2294.04150390625,2362.6943359375,61559,0.0,0.0
2018-06-04 00:00:00-04:00,2408.6787109375,2586.78759765625,2358.16064453125,2477.979248046875,175105,0.0,0.0
2018-06-05 00:00:00-04:00,2445.595947265625,2496.114013671875,2395.725341796875,2456.606201171875,63675,0.0,0.0
2018-06-06 00:00:00-04:00,2468.26416015625,2484.4560546875,2401.554443359375,2420.336669921875,38368,0.0,0.0
2018-06-07 00:00:00-04:00,2409.97412109375,2433.937744140625,2347.150146484375,2365.9326171875,42452,0.0,0.0
2018-06-08 00:00:00-04:00,2352.979248046875,2382.77197265625,2330.310791015625,2359.4560546875,36477,0.0,0.0
2018-06-11 00:00:00-04:00,2354.92236328125,2358.16064453125,2307.642578125,2330.310791015625,38862,0.0,0.0
2018-06-12 00:00:00-04:00,2330.310791015625,2394.429931640625,2311.528564453125,2393.134765625,42367,0.0,0.0
2018-06-13 00:00:00-04:00,2402.849853515625,2447.538818359375,2378.23828125,2436.528564453125,45903,0.0,0.0
2018-06-14 00:00:00-04:00,2448.834228515625,2555.0517578125,2448.834228515625,2551.8134765625,77980,0.0,0.0
2018-06-15 00:00:00-04:00,2541.45068359375,2541.45068359375,2342.61669921875,2371.76171875,147097,0.0,0.0
2018-06-18 00:00:00-04:00,2348.445556640625,2351.036376953125,2256.4765625,2288.21240234375,87390,0.0,0.0
2018-06-19 00:00:00-04:00,2323.834228515625,2327.072509765625,2224.09326171875,2303.10888671875,80180,0.0,0.0
2018-06-20 00:00:00-04:00,2318.65283203125,2384.0673828125,2279.14501953125,2371.76171875,80026,0.0,0.0
2018-06-21 00:00:00-04:00,2362.046630859375,2452.2021484375,2340.02587890625,2426.8134765625,67905,0.0,0.0
2018-06-22 00:00:00-04:00,2420.984375,2434.58544921875,2155.8291015625,2187.82373046875,526875,0.0,0.0
2018-06-25 00:00:00-04:00,2200.777099609375,2249.352294921875,2069.300537109375,2075.129638671875,95087,0.0,0.0
2018-06-26 00:00:00-04:00,2093.26416015625,2102.33154296875,1964.3782958984375,2092.61669921875,113090,0.0,0.0
2018-06-27 00:00:00-04:00,2123.70458984375,2176.165771484375,1983.9378662109375,1992.8756103515625,73842,0.0,0.0
2018-06-28 00:00:00-04:00,1985.7513427734375,2025.90673828125,1926.9429931640625,2009.0673828125,69920,0.0,0.0
2018-06-29 00:00:00-04:00,2023.9637451171875,2122.409423828125,2023.9637451171875,2033.0311279296875,84920,0.0,0.0
2018-07-02 00:00:00-04:00,1995.46630859375,2017.487060546875,1954.0155029296875,1994.818603515625,70082,0.0,0.0
2018-07-03 00:00:00-04:00,2000.647705078125,2066.062255859375,1980.5699462890625,2039.5078125,33613,0.0,0.0
2018-07-05 00:00:00-04:00,2046.632080078125,2102.979248046875,2018.7823486328125,2101.036376953125,43232,0.0,0.0
2018-07-06 00:00:00-04:00,2113.98974609375,2205.310791015625,2063.471435546875,2201.4248046875,88479,0.0,0.0
2018-07-09 00:00:00-04:00,2205.310791015625,2252.590576171875,2176.165771484375,2240.9326171875,50659,0.0,0.0
2018-07-10 00:00:00-04:00,2250.647705078125,2301.165771484375,2233.16064453125,2299.222900390625,48319,0.0,0.0
2018-07-11 00:00:00-04:00,2272.020751953125,2343.26416015625,2255.181396484375,2310.233154296875,71124,0.0,0.0
2018-07-12 00:00:00-04:00,2320.595947265625,2378.23828125,2303.10888671875,2335.4921875,60208,0.0,0.0
2018-07-13 00:00:00-04:00,2343.911865234375,2370.46630859375,2313.471435546875,2339.378173828125,37952,0.0,0.0
2018-07-16 00:00:00-04:00,2331.606201171875,2354.92236328125,2280.4404296875,2296.632080078125,37357,0.0,0.0
2018-07-17 00:00:00-04:00,2286.26953125,2354.53369140625,2270.725341796875,2349.740966796875,47424,0.0,0.0
2018-07-18 00:00:00-04:00,2351.683837890625,2351.683837890625,2297.927490234375,2325.777099609375,35273,0.0,0.0
2018-07-19 00:00:00-04:00,2322.538818359375,2347.150146484375,2310.880859375,2318.005126953125,38909,0.0,0.0
2018-07-20 00:00:00-04:00,2318.65283203125,2350.388671875,2318.65283203125,2336.139892578125,35798,0.0,0.0
2018-07-23 00:00:00-04:00,2314.766845703125,2334.19677734375,2293.393798828125,2295.984375,39009,0.0,0.0
2018-07-24 00:00:00-04:00,2235.103515625,2243.5234375,2066.062255859375,2119.818603515625,112257,0.0,0.0
2018-07-25 00:00:00-04:00,2137.3056640625,2234.4560546875,2120.46630859375,2234.4560546875,159240,0.0,0.0
2018-07-26 00:00:00-04:00,2210.4921875,2253.23828125,2150.259033203125,2191.7099609375,66454,0.0,0.0
2018-07-27 00:00:00-04:00,2194.300537109375,2194.300537109375,2069.9482421875,2104.92236328125,84256,0.0,0.0
2018-07-30 00:00:00-04:00,2101.683837890625,2123.056884765625,1983.16064453125,2011.0103759765625,77609,0.0,0.0
2018-07-31 00:00:00-04:00,2011.0103759765625,2062.3056640625,1952.072509765625,2006.4766845703125,53770,0.0,0.0
2018-08-01 00:00:00-04:00,1994.818603515625,2065.02587890625,1981.865234375,2014.2486572265625,43749,0.0,0.0
2018-08-02 00:00:00-04:00,1962.4351806640625,2038.21240234375,1914.5078125,2028.4974365234375,68353,0.0,0.0
2018-08-03 00:00:00-04:00,2019.4300537109375,2034.326416015625,1939.766845703125,1943.005126953125,64856,0.0,0.0
2018-08-06 00:00:00-04:00,2037.5648193359375,2053.10888671875,1965.673583984375,2009.7149658203125,76335,0.0,0.0
2018-08-07 00:00:00-04:00,2023.9637451171875,2071.89111328125,2022.6683349609375,2067.357421875,35404,0.0,0.0
2018-08-08 00:00:00-04:00,2055.699462890625,2096.502685546875,2028.885986328125,2036.2694091796875,31853,0.0,0.0
2018-08-09 00:00:00-04:00,2033.6787109375,2080.310791015625,2021.373046875,2031.7357177734375,28410,0.0,0.0
2018-08-10 00:00:00-04:00,2009.7149658203125,2075.129638671875,2009.7149658203125,2049.222900390625,25360,0.0,0.0
2018-08-13 00:00:00-04:00,2049.222900390625,2060.880859375,2001.2952880859375,2020.725341796875,39758,0.0,0.0
2018-08-14 00:00:00-04:00,2038.21240234375,2058.2900390625,2001.2952880859375,2025.90673828125,30695,0.0,0.0
2018-08-15 00:00:00-04:00,2014.8963623046875,2025.90673828125,1973.7047119140625,1998.7047119140625,26356,0.0,0.0
2018-08-16 00:00:00-04:00,2007.1243896484375,2030.4404296875,1982.77197265625,2023.3160400390625,77038,0.0,0.0
2018-08-17 00:00:00-04:00,2028.4974365234375,2059.58544921875,2001.2952880859375,2046.632080078125,27167,0.0,0.0
2018-08-20 00:00:00-04:00,2049.222900390625,2068.65283203125,2009.0673828125,2055.699462890625,28070,0.0,0.0
2018-08-21 00:00:00-04:00,2054.404052734375,2082.901611328125,2039.2486572265625,2056.994873046875,27622,0.0,0.0
2018-08-22 00:00:00-04:00,2048.5751953125,2125.647705078125,2039.5078125,2093.26416015625,20998,0.0,0.0
2018-08-23 00:00:00-04:00,2091.968994140625,2130.181396484375,2052.72021484375,2079.663330078125,23091,0.0,0.0
2018-08-24 00:00:00-04:00,2082.901611328125,2103.626953125,2036.9171142578125,2049.222900390625,20080,0.0,0.0
2018-08-27 00:00:00-04:00,2062.17626953125,2143.782470703125,2055.699462890625,2130.8291015625,35126,0.0,0.0
2018-08-28 00:00:00-04:00,2130.8291015625,2185.233154296875,2124.352294921875,2179.404052734375,41611,0.0,0.0
2018-08-29 00:00:00-04:00,2181.34716796875,2231.217529296875,2149.09326171875,2213.73046875,30687,0.0,0.0
2018-08-30 00:00:00-04:00,2208.54931640625,2283.031005859375,2208.54931640625,2279.792724609375,42622,0.0,0.0
2018-08-31 00:00:00-04:00,2256.4765625,2286.9169921875,2154.792724609375,2180.0517578125,44722,0.0,0.0
2018-09-04 00:00:00-04:00,2169.04150390625,2187.17626953125,2106.34716796875,2136.657958984375,50249,0.0,0.0
2018-09-05 00:00:00-04:00,2143.782470703125,2148.834228515625,2080.95849609375,2090.673583984375,36987,0.0,0.0
2018-09-06 00:00:00-04:00,2092.61669921875,2104.663330078125,1966.3212890625,1972.7979736328125,54704,0.0,0.0
2018-09-07 00:00:00-04:00,1969.5595703125,1985.7513427734375,1931.994873046875,1963.0828857421875,32602,0.0,0.0
2018-09-10 00:00:00-04:00,1970.85498046875,1970.85498046875,1799.8704833984375,1917.098388671875,144781,0.0,0.0
2018-09-11 00:00:00-04:00,1916.4508056640625,1987.046630859375,1891.9688720703125,1981.865234375,66570,0.0,0.0
2018-09-12 00:00:00-04:00,1965.02587890625,1979.9222412109375,1897.6683349609375,1911.2694091796875,43240,0.0,0.0
2018-09-13 00:00:00-04:00,1923.5750732421875,1967.6165771484375,1909.7149658203125,1922.927490234375,29220,0.0,0.0
2018-09-14 00:00:00-04:00,1930.0517578125,1932.3834228515625,1881.4766845703125,1892.487060546875,26711,0.0,0.0
2018-09-17 00:00:00-04:00,1888.60107421875,1898.0570068359375,1759.0673828125,1777.2020263671875,56302,0.0,0.0
2018-09-18 00:00:00-04:00,1772.6683349609375,1819.300537109375,1742.22802734375,1813.4715576171875,56310,0.0,0.0
2018-09-19 00:00:00-04:00,1813.4715576171875,1847.7979736328125,1801.8134765625,1830.3109130859375,29197,0.0,0.0
2018-09-20 00:00:00-04:00,1838.0828857421875,1855.5699462890625,1808.2901611328125,1838.0828857421875,29398,0.0,0.0
2018-09-21 00:00:00-04:00,1832.25390625,1844.5595703125,1797.27978515625,1818.005126953125,44676,0.0,0.0
2018-09-24 00:00:00-04:00,1810.880859375,1840.673583984375,1784.97412109375,1806.34716796875,38175,0.0,0.0
2018-09-25 00:00:00-04:00,1824.4818115234375,1885.3626708984375,1817.3575439453125,1838.0828857421875,50358,0.0,0.0
2018-09-26 00:00:00-04:00,1834.8446044921875,1845.207275390625,1794.6890869140625,1804.4041748046875,31428,0.0,0.0
2018-09-27 00:00:00-04:00,1808.9378662109375,1880.8289794921875,1800.5181884765625,1877.5906982421875,37998,0.0,0.0
2018-09-28 00:00:00-04:00,1869.1710205078125,1922.927490234375,1855.5699462890625,1891.191650390625,39704,0.0,0.0
2018-10-01 00:00:00-04:00,1891.191650390625,1910.1036376953125,1803.7564697265625,1823.7047119140625,65018,0.0,0.0
2018-10-02 00:00:00-04:00,1817.22802734375,1869.4300537109375,1797.927490234375,1860.880859375,42012,0.0,0.0
2018-10-03 00:00:00-04:00,1860.233154296875,1886.78759765625,1809.0673828125,1865.2850341796875,52897,0.0,0.0
2018-10-04 00:00:00-04:00,1853.367919921875,1866.4508056640625,1796.114013671875,1822.27978515625,81778,0.0,0.0
2018-10-05 00:00:00-04:00,1823.834228515625,1891.580322265625,1788.4715576171875,1856.34716796875,70283,0.0,0.0
2018-10-08 00:00:00-04:00,1841.7098388671875,1857.512939453125,1700.647705078125,1727.461181640625,101001,0.0,0.0
2018-10-09 00:00:00-04:00,1729.6632080078125,1786.6580810546875,1686.0103759765625,1765.1553955078125,62447,0.0,0.0
2018-10-10 00:00:00-04:00,1761.5284423828125,1779.792724609375,1634.97412109375,1654.53369140625,101456,0.0,0.0
2018-10-11 00:00:00-04:00,1625.90673828125,1676.2952880859375,1597.6683349609375,1640.41455078125,84781,0.0,0.0
2018-10-12 00:00:00-04:00,1690.673583984375,1705.8289794921875,1622.7979736328125,1633.2901611328125,58348,0.0,0.0
2018-10-15 00:00:00-04:00,1629.0155029296875,1645.0777587890625,1554.6632080078125,1616.3212890625,51214,0.0,0.0
2018-10-16 00:00:00-04:00,1634.8446044921875,1704.14501953125,1618.2642822265625,1690.5440673828125,52149,0.0,0.0
2018-10-17 00:00:00-04:00,1686.9171142578125,1687.8238525390625,1621.8912353515625,1642.098388671875,42105,0.0,0.0
2018-10-18 00:00:00-04:00,1645.3367919921875,1645.3367919921875,1560.880859375,1582.1243896484375,67766,0.0,0.0
2018-10-19 00:00:00-04:00,1598.445556640625,1635.880859375,1546.76171875,1563.4715576171875,61328,0.0,0.0
2018-10-22 00:00:00-04:00,1565.02587890625,1567.3575439453125,1482.3834228515625,1520.0777587890625,62030,0.0,0.0
2018-10-23 00:00:00-04:00,1489.766845703125,1569.818603515625,1458.0311279296875,1531.606201171875,86464,0.0,0.0
2018-10-24 00:00:00-04:00,1533.2901611328125,1554.4041748046875,1442.487060546875,1445.207275390625,79701,0.0,0.0
2018-10-25 00:00:00-04:00,1443.005126953125,1526.6839599609375,1425.647705078125,1501.554443359375,98430,0.0,0.0
2018-10-26 00:00:00-04:00,1488.7305908203125,1488.7305908203125,1411.139892578125,1447.1502685546875,77794,0.0,0.0
2018-10-29 00:00:00-04:00,1466.3212890625,1494.1710205078125,1323.9637451171875,1355.5699462890625,97658,0.0,0.0
2018-10-30 00:00:00-04:00,1345.0777587890625,1447.27978515625,1340.1553955078125,1436.139892578125,56827,0.0,0.0
2018-10-31 00:00:00-04:00,1462.4351806640625,1498.9637451171875,1402.2020263671875,1485.7513427734375,57352,0.0,0.0
2018-11-01 00:00:00-04:00,1499.4818115234375,1690.5440673828125,1465.5440673828125,1685.880859375,100043,0.0,0.0
2018-11-02 00:00:00-04:00,1749.09326171875,1761.6580810546875,1576.4249267578125,1718.7823486328125,87437,0.0,0.0
2018-11-05 00:00:00-05:00,1776.6839599609375,1810.1036376953125,1700.7772216796875,1762.953369140625,61405,0.0,0.0
2018-11-06 00:00:00-05:00,1747.020751953125,1801.554443359375,1735.3626708984375,1747.538818359375,53191,0.0,0.0
2018-11-07 00:00:00-05:00,1768.65283203125,1790.1553955078125,1707.77197265625,1731.4766845703125,50381,0.0,0.0
2018-11-08 00:00:00-05:00,1699.6114501953125,1754.6632080078125,1699.4818115234375,1715.2850341796875,39287,0.0,0.0
2018-11-09 00:00:00-05:00,1704.274658203125,1708.5491943359375,1610.1036376953125,1636.39892578125,48837,0.0,0.0
2018-11-12 00:00:00-05:00,1631.34716796875,1646.2435302734375,1530.95849609375,1549.2227783203125,50497,0.0,0.0
2018-11-13 00:00:00-05:00,1568.2642822265625,1620.85498046875,1551.554443359375,1558.0311279296875,40646,0.0,0.0
2018-11-14 00:00:00-05:00,1603.626953125,1603.626953125,1475.1295166015625,1508.9378662109375,77324,0.0,0.0
2018-11-15 00:00:00-05:00,1495.3367919921875,1608.419677734375,1482.25390625,1590.41455078125,39063,0.0,0.0
2018-11-16 00:00:00-05:00,1573.7047119140625,1636.0103759765625,1557.6424560546875,1623.5750732421875,38754,0.0,0.0
2018-11-19 00:00:00-05:00,1626.2952880859375,1630.8289794921875,1519.5595703125,1546.632080078125,47517,0.0,0.0
2018-11-20 00:00:00-05:00,1502.461181640625,1541.191650390625,1455.5699462890625,1507.25390625,52457,0.0,0.0
2018-11-21 00:00:00-05:00,1526.4249267578125,1547.927490234375,1499.09326171875,1513.7305908203125,34439,0.0,0.0
2018-11-23 00:00:00-05:00,1506.994873046875,1611.2694091796875,1506.994873046875,1582.1243896484375,23646,0.0,0.0
2018-11-26 00:00:00-05:00,1604.9222412109375,1669.04150390625,1572.538818359375,1661.139892578125,59915,0.0,0.0
2018-11-27 00:00:00-05:00,1641.83935546875,1663.0828857421875,1560.6217041015625,1588.7305908203125,50280,0.0,0.0
2018-11-28 00:00:00-05:00,1596.5025634765625,1626.2952880859375,1518.65283203125,1576.9429931640625,63952,0.0,0.0
2018-11-29 00:00:00-05:00,1582.25390625,1657.901611328125,1568.393798828125,1620.9844970703125,47084,0.0,0.0
2018-11-30 00:00:00-05:00,1627.72021484375,1632.3834228515625,1580.3109130859375,1591.83935546875,51099,0.0,0.0
2018-12-03 00:00:00-05:00,1477.2020263671875,1523.9637451171875,1425.5181884765625,1509.0673828125,154323,0.0,0.0
2018-12-04 00:00:00-05:00,1513.7305908203125,1623.834228515625,1472.020751953125,1472.1502685546875,91775,0.0,0.0
2018-12-06 00:00:00-05:00,1394.04150390625,1480.699462890625,1308.16064453125,1409.97412109375,94817,0.0,0.0
2018-12-07 00:00:00-05:00,1400.5181884765625,1418.5233154296875,1318.005126953125,1324.2227783203125,79107,0.0,0.0
2018-12-10 00:00:00-05:00,1324.2227783203125,1358.808349609375,1284.326416015625,1323.1865234375,50095,0.0,0.0
2018-12-11 00:00:00-05:00,1328.4974365234375,1369.5595703125,1308.16064453125,1357.77197265625,65381,0.0,0.0
2018-12-12 00:00:00-05:00,1386.9171142578125,1439.6373291015625,1367.6165771484375,1395.46630859375,52674,0.0,0.0
2018-12-13 00:00:00-05:00,1395.725341796875,1399.740966796875,1301.554443359375,1320.0777587890625,52573,0.0,0.0
2018-12-14 00:00:00-05:00,1305.5699462890625,1340.41455078125,1301.8134765625,1339.2486572265625,57298,0.0,0.0
2018-12-17 00:00:00-05:00,1328.1087646484375,1393.393798828125,1313.7305908203125,1354.53369140625,88610,0.0,0.0
2018-12-18 00:00:00-05:00,1368.134765625,1368.134765625,1308.2901611328125,1339.766845703125,114341,0.0,0.0
2018-12-19 00:00:00-05:00,1334.8446044921875,1372.927490234375,1284.8446044921875,1309.97412109375,96801,0.0,0.0
2018-12-20 00:00:00-05:00,1321.2435302734375,1330.0517578125,1227.979248046875,1233.2901611328125,101232,0.0,0.0
2018-12-21 00:00:00-05:00,1236.139892578125,1241.580322265625,1143.134765625,1192.8756103515625,128283,0.0,0.0
2018-12-24 00:00:00-05:00,1173.9637451171875,1223.834228515625,1133.2901611328125,1181.994873046875,30270,0.0,0.0
2018-12-26 00:00:00-05:00,1197.27978515625,1283.2901611328125,1193.911865234375,1281.2176513671875,51407,0.0,0.0
2018-12-27 00:00:00-05:00,1262.953369140625,1278.885986328125,1219.6890869140625,1262.5648193359375,32208,0.0,0.0
2018-12-28 00:00:00-05:00,1270.85498046875,1285.233154296875,1234.97412109375,1258.2901611328125,32401,0.0,0.0
2018-12-31 00:00:00-05:00,1267.6165771484375,1301.554443359375,1254.274658203125,1284.97412109375,30208,0.0,0.0
2019-01-02 00:00:00-05:00,1264.8963623046875,1300.3885498046875,1239.2486572265625,1288.860107421875,25870,0.0,0.0
2019-01-03 00:00:00-05:00,1299.4818115234375,1314.766845703125,1261.139892578125,1293.7823486328125,48181,0.0,0.0
2019-01-04 00:00:00-05:00,1319.300537109375,1393.65283203125,1314.8963623046875,1379.9222412109375,54750,0.0,0.0
2019-01-07 00:00:00-05:00,1418.134765625,1489.2486572265625,1379.53369140625,1472.020751953125,61660,0.0,0.0
2019-01-08 00:00:00-05:00,1483.808349609375,1512.3056640625,1413.21240234375,1472.4093017578125,39156,0.0,0.0
2019-01-09 00:00:00-05:00,1470.5958251953125,1484.7149658203125,1419.300537109375,1427.979248046875,41788,0.0,0.0
2019-01-10 00:00:00-05:00,1419.6890869140625,1518.393798828125,1393.134765625,1514.119140625,52041,0.0,0.0
2019-01-11 00:00:00-05:00,1500.5181884765625,1545.207275390625,1481.2176513671875,1493.2642822265625,31320,0.0,0.0
2019-01-14 00:00:00-05:00,1473.5750732421875,1535.1036376953125,1455.181396484375,1499.09326171875,46884,0.0,0.0
2019-01-15 00:00:00-05:00,1501.0362548828125,1563.7305908203125,1476.6839599609375,1563.21240234375,42252,0.0,0.0
2019-01-16 00:00:00-05:00,1570.5958251953125,1678.885986328125,1570.5958251953125,1580.5699462890625,91521,0.0,0.0
2019-01-17 00:00:00-05:00,1578.23828125,1652.979248046875,1567.098388671875,1638.60107421875,46382,0.0,0.0
2019-01-18 00:00:00-05:00,1648.0570068359375,1693.911865234375,1629.6632080078125,1683.419677734375,51902,0.0,0.0
2019-01-22 00:00:00-05:00,1672.6683349609375,1720.85498046875,1606.4766845703125,1620.3367919921875,53006,0.0,0.0
2019-01-23 00:00:00-05:00,1631.994873046875,1635.7513427734375,1511.9171142578125,1550.90673828125,77239,0.0,0.0
2019-01-24 00:00:00-05:00,1554.4041748046875,1595.5958251953125,1543.134765625,1590.5440673828125,35033,0.0,0.0
2019-01-25 00:00:00-05:00,1606.088134765625,1683.9378662109375,1599.09326171875,1681.34716796875,61829,0.0,0.0
2019-01-28 00:00:00-05:00,1640.41455078125,1648.834228515625,1588.21240234375,1635.6217041015625,49771,0.0,0.0
2019-01-29 00:00:00-05:00,1627.8497314453125,1650.5181884765625,1567.487060546875,1599.352294921875,40337,0.0,0.0
2019-01-30 00:00:00-05:00,1617.22802734375,1688.9896240234375,1608.808349609375,1686.0103759765625,35543,0.0,0.0
2019-01-31 00:00:00-05:00,1677.461181640625,1731.34716796875,1652.5906982421875,1728.367919921875,38098,0.0,0.0
2019-02-01 00:00:00-05:00,1731.34716796875,1768.134765625,1692.74609375,1743.911865234375,24303,0.0,0.0
2019-02-04 00:00:00-05:00,1750.7772216796875,1779.0155029296875,1717.8756103515625,1763.60107421875,22041,0.0,0.0
2019-02-05 00:00:00-05:00,1765.5440673828125,1813.3419189453125,1742.74609375,1748.1865234375,30594,0.0,0.0
2019-02-06 00:00:00-05:00,1746.2435302734375,1775.90673828125,1717.487060546875,1761.2694091796875,28765,0.0,0.0
2019-02-07 00:00:00-05:00,1748.5750732421875,1769.04150390625,1675.5181884765625,1710.233154296875,26927,0.0,0.0
2019-02-08 00:00:00-05:00,1697.020751953125,1719.1710205078125,1673.1865234375,1693.65283203125,30679,0.0,0.0
2019-02-11 00:00:00-05:00,1709.4559326171875,1742.098388671875,1683.5491943359375,1735.7513427734375,26333,0.0,0.0
2019-02-12 00:00:00-05:00,1742.3575439453125,1769.300537109375,1736.39892578125,1752.072509765625,28440,0.0,0.0
2019-02-13 00:00:00-05:00,1760.7513427734375,1775.259033203125,1748.7047119140625,1756.7357177734375,23708,0.0,0.0
2019-02-14 00:00:00-05:00,1747.27978515625,1769.9482421875,1729.9222412109375,1739.5078125,33953,0.0,0.0
2019-02-15 00:00:00-05:00,1756.4766845703125,1777.461181640625,1734.4559326171875,1775.0,35049,0.0,0.0
2019-02-19 00:00:00-05:00,1775.90673828125,1796.76171875,1746.373046875,1756.606201171875,27946,0.0,0.0
2019-02-20 00:00:00-05:00,1753.885986328125,1774.740966796875,1694.04150390625,1728.4974365234375,23754,0.0,0.0
2019-02-21 00:00:00-05:00,1729.0155029296875,1740.02587890625,1646.5025634765625,1648.1865234375,33721,0.0,0.0
2019-02-22 00:00:00-05:00,1665.2850341796875,1711.2694091796875,1648.5750732421875,1701.0362548828125,38168,0.0,0.0
2019-02-25 00:00:00-05:00,1797.1502685546875,1994.818603515625,1781.088134765625,1941.83935546875,125859,0.0,0.0
2019-02-26 00:00:00-05:00,1923.9637451171875,2048.316162109375,1922.1502685546875,1976.9429931640625,91235,0.0,0.0
2019-02-27 00:00:00-05:00,1983.5491943359375,2082.124267578125,1983.5491943359375,2082.124267578125,46968,0.0,0.0
2019-02-28 00:00:00-05:00,2076.8134765625,2081.4765625,1960.1036376953125,2010.6217041015625,58070,0.0,0.0
2019-03-01 00:00:00-05:00,2039.119140625,2049.611328125,1998.3160400390625,2029.274658203125,53569,0.0,0.0
2019-03-04 00:00:00-05:00,2043.2642822265625,2046.632080078125,1924.740966796875,1979.6632080078125,43147,0.0,0.0
2019-03-05 00:00:00-05:00,1933.16064453125,1987.6943359375,1891.191650390625,1953.626953125,42398,0.0,0.0
2019-03-06 00:00:00-05:00,1945.725341796875,1954.0155029296875,1868.7823486328125,1871.76171875,40005,0.0,0.0
2019-03-07 00:00:00-05:00,1855.0517578125,1863.21240234375,1800.647705078125,1812.1761474609375,38376,0.0,0.0
2019-03-08 00:00:00-05:00,1794.04150390625,1819.5595703125,1768.911865234375,1798.3160400390625,34061,0.0,0.0
2019-03-11 00:00:00-04:00,1809.0673828125,1907.1243896484375,1802.72021484375,1904.274658203125,51848,0.0,0.0
2019-03-12 00:00:00-04:00,1921.5025634765625,1927.8497314453125,1883.6787109375,1893.7823486328125,34122,0.0,0.0
2019-03-13 00:00:00-04:00,1906.7357177734375,1980.3109130859375,1881.994873046875,1973.1865234375,51871,0.0,0.0
2019-03-14 00:00:00-04:00,1975.647705078125,1986.78759765625,1917.22802734375,1963.3419189453125,37681,0.0,0.0
2019-03-15 00:00:00-04:00,1964.766845703125,2048.056884765625,1964.766845703125,2047.1502685546875,46142,0.0,0.0
2019-03-18 00:00:00-04:00,2051.554443359375,2082.25390625,2009.4559326171875,2022.927490234375,29969,0.0,0.0
2019-03-19 00:00:00-04:00,2023.9637451171875,2049.09326171875,1997.27978515625,2022.020751953125,25360,0.0,0.0
2019-03-20 00:00:00-04:00,2010.1036376953125,2035.6217041015625,1961.5284423828125,1989.3782958984375,22782,0.0,0.0
2019-03-21 00:00:00-04:00,1957.25390625,2029.0155029296875,1957.25390625,2023.0570068359375,30216,0.0,0.0
2019-03-22 00:00:00-04:00,2011.2694091796875,2032.901611328125,1893.005126953125,1899.4818115234375,41773,0.0,0.0
2019-03-25 00:00:00-04:00,1897.020751953125,1936.39892578125,1859.8446044921875,1894.04150390625,39171,0.0,0.0
2019-03-26 00:00:00-04:00,1918.005126953125,1983.16064453125,1899.352294921875,1979.4041748046875,28749,0.0,0.0
2019-03-27 00:00:00-04:00,1984.1968994140625,1984.1968994140625,1895.85498046875,1911.2694091796875,29475,0.0,0.0
2019-03-28 00:00:00-04:00,1943.005126953125,1985.7513427734375,1913.860107421875,1982.1243896484375,19972,0.0,0.0
2019-03-29 00:00:00-04:00,2011.2694091796875,2053.10888671875,2002.2020263671875,2037.953369140625,32084,0.0,0.0
2019-04-01 00:00:00-04:00,2072.538818359375,2098.316162109375,2034.8446044921875,2048.963623046875,28294,0.0,0.0
2019-04-02 00:00:00-04:00,2041.7098388671875,2093.393798828125,2019.1710205078125,2072.538818359375,27213,0.0,0.0
2019-04-03 00:00:00-04:00,2089.766845703125,2116.968994140625,2067.357421875,2104.274658203125,66477,0.0,0.0
2019-04-04 00:00:00-04:00,2092.098388671875,2101.29541015625,2014.3782958984375,2037.6943359375,34941,0.0,0.0
2019-04-05 00:00:00-04:00,2028.7564697265625,2101.165771484375,2020.725341796875,2094.689208984375,25723,0.0,0.0
2019-04-08 00:00:00-04:00,2084.19677734375,2105.181396484375,2042.74609375,2074.48193359375,29182,0.0,0.0
2019-04-09 00:00:00-04:00,2070.207275390625,2087.435302734375,2016.9688720703125,2019.4300537109375,27584,0.0,0.0
2019-04-10 00:00:00-04:00,2028.7564697265625,2054.92236328125,2021.8912353515625,2032.3834228515625,23801,0.0,0.0
2019-04-11 00:00:00-04:00,2047.538818359375,2050.777099609375,1973.1865234375,1994.5595703125,31698,0.0,0.0
2019-04-12 00:00:00-04:00,2017.487060546875,2033.6787109375,1992.6165771484375,2007.6424560546875,28788,0.0,0.0
2019-04-15 00:00:00-04:00,2008.16064453125,2023.7047119140625,1954.792724609375,1986.0103759765625,37913,0.0,0.0
2019-04-16 00:00:00-04:00,1998.834228515625,2034.1968994140625,1983.419677734375,1995.0777587890625,27738,0.0,0.0
2019-04-17 00:00:00-04:00,1999.740966796875,2001.2952880859375,1790.02587890625,1805.5699462890625,58433,0.0,0.0
2019-04-18 00:00:00-04:00,1826.4249267578125,1844.1710205078125,1724.4818115234375,1775.3885498046875,62663,0.0,0.0
2019-04-22 00:00:00-04:00,1772.1502685546875,1783.0311279296875,1730.5699462890625,1755.4404296875,57977,0.0,0.0
2019-04-23 00:00:00-04:00,1759.4559326171875,1811.2694091796875,1730.699462890625,1801.6839599609375,46389,0.0,0.0
2019-04-24 00:00:00-04:00,1813.60107421875,1813.60107421875,1743.5233154296875,1763.21240234375,45841,0.0,0.0
2019-04-25 00:00:00-04:00,1750.3885498046875,1810.1036376953125,1736.0103759765625,1799.2227783203125,28657,0.0,0.0
2019-04-26 00:00:00-04:00,1800.5181884765625,1854.274658203125,1767.74609375,1852.3316650390625,31420,0.0,0.0
2019-04-29 00:00:00-04:00,1855.4404296875,1861.139892578125,1820.207275390625,1826.4249267578125,44421,0.0,0.0
2019-04-30 00:00:00-04:00,1837.4351806640625,1847.927490234375,1807.6424560546875,1837.1761474609375,35111,0.0,0.0
2019-05-01 00:00:00-04:00,1836.139892578125,1858.6787109375,1794.1710205078125,1808.5491943359375,31444,0.0,0.0
2019-05-02 00:00:00-04:00,1794.04150390625,1842.74609375,1774.8704833984375,1839.119140625,28054,0.0,0.0
2019-05-03 00:00:00-04:00,1812.046630859375,1871.76171875,1809.1968994140625,1856.4766845703125,49416,0.0,0.0
2019-05-06 00:00:00-04:00,1800.90673828125,1910.3626708984375,1775.1295166015625,1908.16064453125,40839,0.0,0.0
2019-05-07 00:00:00-04:00,1885.4921875,1902.979248046875,1761.6580810546875,1774.8704833984375,40916,0.0,0.0
2019-05-08 00:00:00-04:00,1760.7513427734375,1779.14501953125,1693.005126953125,1716.191650390625,58633,0.0,0.0
2019-05-09 00:00:00-04:00,1699.4818115234375,1742.22802734375,1647.538818359375,1729.53369140625,38299,0.0,0.0
2019-05-10 00:00:00-04:00,1715.673583984375,1734.1968994140625,1664.5078125,1725.5181884765625,29267,0.0,0.0
2019-05-13 00:00:00-04:00,1666.83935546875,1687.3056640625,1599.2227783203125,1612.4351806640625,43618,0.0,0.0
2019-05-14 00:00:00-04:00,1623.3160400390625,1668.65283203125,1580.3109130859375,1640.9326171875,58510,0.0,0.0
2019-05-15 00:00:00-04:00,1599.740966796875,1654.9222412109375,1562.3056640625,1616.9688720703125,37079,0.0,0.0
2019-05-16 00:00:00-04:00,1627.8497314453125,1700.1295166015625,1627.8497314453125,1694.300537109375,32694,0.0,0.0
2019-05-17 00:00:00-04:00,1667.487060546875,1696.8912353515625,1646.5025634765625,1662.4351806640625,26009,0.0,0.0
2019-05-20 00:00:00-04:00,1643.393798828125,1656.2176513671875,1568.005126953125,1573.5750732421875,36809,0.0,0.0
2019-05-21 00:00:00-04:00,1599.740966796875,1625.259033203125,1561.9171142578125,1622.538818359375,35358,0.0,0.0
2019-05-22 00:00:00-04:00,1605.699462890625,1633.6787109375,1581.7357177734375,1619.300537109375,21824,0.0,0.0
2019-05-23 00:00:00-04:00,1605.4404296875,1605.4404296875,1556.4766845703125,1572.927490234375,20713,0.0,0.0
2019-05-24 00:00:00-04:00,1589.6373291015625,1611.5284423828125,1572.1502685546875,1591.4508056640625,22743,0.0,0.0
2019-05-28 00:00:00-04:00,1600.5181884765625,1651.4249267578125,1586.9171142578125,1601.0362548828125,47146,0.0,0.0
2019-05-29 00:00:00-04:00,1588.860107421875,1593.2642822265625,1552.2020263671875,1583.5491943359375,24997,0.0,0.0
2019-05-30 00:00:00-04:00,1585.6217041015625,1597.927490234375,1547.6683349609375,1561.2694091796875,19686,0.0,0.0
2019-05-31 00:00:00-04:00,1545.46630859375,1573.3160400390625,1525.647705078125,1553.367919921875,33327,0.0,0.0
2019-06-03 00:00:00-04:00,1551.554443359375,1621.8912353515625,1551.554443359375,1585.7513427734375,33976,0.0,0.0
2019-06-04 00:00:00-04:00,1619.4300537109375,1683.5491943359375,1605.5699462890625,1676.6839599609375,33543,0.0,0.0
2019-06-05 00:00:00-04:00,1697.538818359375,1697.538818359375,1595.725341796875,1616.191650390625,23808,0.0,0.0
2019-06-06 00:00:00-04:00,1610.4921875,1626.6839599609375,1545.5958251953125,1580.4404296875,27792,0.0,0.0
2019-06-07 00:00:00-04:00,1592.8756103515625,1641.3212890625,1560.6217041015625,1637.6943359375,26356,0.0,0.0
2019-06-10 00:00:00-04:00,1644.5595703125,1644.5595703125,1529.14501953125,1532.512939453125,50350,0.0,0.0
2019-06-11 00:00:00-04:00,1553.4974365234375,1556.7357177734375,1509.0673828125,1534.4559326171875,35427,0.0,0.0
2019-06-12 00:00:00-04:00,1533.6787109375,1541.4508056640625,1469.818603515625,1521.5025634765625,46467,0.0,0.0
2019-06-13 00:00:00-04:00,1528.626953125,1608.6787109375,1502.461181640625,1605.4404296875,45031,0.0,0.0
2019-06-14 00:00:00-04:00,1601.165771484375,1601.165771484375,1501.2952880859375,1524.09326171875,60756,0.0,0.0
2019-06-17 00:00:00-04:00,1529.14501953125,1593.2642822265625,1519.9482421875,1589.3782958984375,51655,0.0,0.0
2019-06-18 00:00:00-04:00,1633.6787109375,1633.6787109375,1529.53369140625,1532.6424560546875,73386,0.0,0.0
2019-06-19 00:00:00-04:00,1544.04150390625,1564.3782958984375,1520.0777587890625,1550.259033203125,53808,0.0,0.0
2019-06-20 00:00:00-04:00,1565.41455078125,1599.09326171875,1505.699462890625,1516.83935546875,59282,0.0,0.0
2019-06-21 00:00:00-04:00,1510.233154296875,1559.58544921875,1474.09326171875,1552.72021484375,92254,0.0,0.0
2019-06-24 00:00:00-04:00,1543.134765625,1554.4041748046875,1519.5595703125,1528.367919921875,80103,0.0,0.0
2019-06-25 00:00:00-04:00,1539.3782958984375,1607.77197265625,1522.927490234375,1553.367919921875,64578,0.0,0.0
2019-06-26 00:00:00-04:00,1558.419677734375,1579.14501953125,1535.233154296875,1550.0,35458,0.0,0.0
2019-06-27 00:00:00-04:00,1562.8238525390625,1616.3212890625,1562.8238525390625,1604.9222412109375,51994,0.0,0.0
2019-06-28 00:00:00-04:00,1613.860107421875,1653.7564697265625,1606.34716796875,1647.6683349609375,99804,0.0,0.0
2019-07-01 00:00:00-04:00,1670.207275390625,1687.046630859375,1631.994873046875,1661.9171142578125,54411,0.0,0.0
2019-07-02 00:00:00-04:00,1658.6787109375,1678.4974365234375,1649.8704833984375,1655.4404296875,55337,0.0,0.0
2019-07-03 00:00:00-04:00,1653.7564697265625,1684.97412109375,1619.300537109375,1684.326416015625,41024,0.0,0.0
2019-07-05 00:00:00-04:00,1674.8704833984375,1715.41455078125,1640.673583984375,1655.8289794921875,42993,0.0,0.0
2019-07-08 00:00:00-04:00,1642.8756103515625,1676.9429931640625,1625.259033203125,1656.865234375,38399,0.0,0.0
2019-07-09 00:00:00-04:00,1642.487060546875,1713.9896240234375,1638.7305908203125,1705.5699462890625,29992,0.0,0.0
2019-07-10 00:00:00-04:00,1707.77197265625,1738.860107421875,1680.5699462890625,1725.3885498046875,37318,0.0,0.0
2019-07-11 00:00:00-04:00,1734.4559326171875,1745.3367919921875,1704.53369140625,1735.4921875,34431,0.0,0.0
2019-07-12 00:00:00-04:00,1734.7149658203125,1754.14501953125,1713.0828857421875,1718.2642822265625,34292,0.0,0.0
2019-07-15 00:00:00-04:00,1726.2952880859375,1781.7357177734375,1710.233154296875,1758.419677734375,43085,0.0,0.0
2019-07-16 00:00:00-04:00,1768.134765625,1772.6683349609375,1725.3885498046875,1731.34716796875,29583,0.0,0.0
2019-07-17 00:00:00-04:00,1731.34716796875,1829.274658203125,1731.34716796875,1806.34716796875,50304,0.0,0.0
2019-07-18 00:00:00-04:00,1800.3885498046875,1840.1553955078125,1755.699462890625,1829.6632080078125,35087,0.0,0.0
2019-07-19 00:00:00-04:00,1828.23828125,1835.7513427734375,1788.7305908203125,1789.119140625,35975,0.0,0.0
2019-07-22 00:00:00-04:00,1796.8912353515625,1836.78759765625,1794.1710205078125,1811.6580810546875,41233,0.0,0.0
2019-07-23 00:00:00-04:00,1825.5181884765625,1825.5181884765625,1788.3419189453125,1817.8756103515625,56510,0.0,0.0
2019-07-24 00:00:00-04:00,1811.39892578125,1865.02587890625,1796.632080078125,1861.9171142578125,38762,0.0,0.0
2019-07-25 00:00:00-04:00,1859.4559326171875,1859.4559326171875,1808.0311279296875,1813.860107421875,50635,0.0,0.0
2019-07-26 00:00:00-04:00,1826.2952880859375,1841.3212890625,1791.7098388671875,1810.1036376953125,25159,0.0,0.0
2019-07-29 00:00:00-04:00,1820.3367919921875,1826.4249267578125,1750.7772216796875,1772.27978515625,31660,0.0,0.0
2019-07-30 00:00:00-04:00,1745.725341796875,1758.2901611328125,1718.65283203125,1723.3160400390625,48204,0.0,0.0
2019-07-31 00:00:00-04:00,1724.4818115234375,1761.6580810546875,1698.3160400390625,1699.8704833984375,35149,0.0,0.0
2019-08-01 00:00:00-04:00,1708.419677734375,1708.9378662109375,1625.1295166015625,1659.97412109375,47640,0.0,0.0
2019-08-02 00:00:00-04:00,1639.8963623046875,1645.0777587890625,1520.46630859375,1558.0311279296875,84565,0.0,0.0
2019-08-05 00:00:00-04:00,1531.088134765625,1552.72021484375,1471.5025634765625,1517.098388671875,67295,0.0,0.0
2019-08-06 00:00:00-04:00,1530.8289794921875,1570.207275390625,1489.6373291015625,1568.005126953125,44822,0.0,0.0
2019-08-07 00:00:00-04:00,1556.34716796875,1592.22802734375,1537.1761474609375,1564.5078125,31042,0.0,0.0
2019-08-08 00:00:00-04:00,1577.5906982421875,1617.74609375,1577.5906982421875,1610.7513427734375,30973,0.0,0.0
2019-08-09 00:00:00-04:00,1597.020751953125,1637.1761474609375,1592.487060546875,1622.1502685546875,36415,0.0,0.0
2019-08-12 00:00:00-04:00,1554.53369140625,1587.046630859375,1523.3160400390625,1536.9171142578125,68052,0.0,0.0
2019-08-13 00:00:00-04:00,1522.6683349609375,1582.25390625,1517.487060546875,1539.119140625,38229,0.0,0.0
2019-08-14 00:00:00-04:00,1515.5440673828125,1531.2176513671875,1488.0828857421875,1499.09326171875,34771,0.0,0.0
2019-08-15 00:00:00-04:00,1502.5906982421875,1525.3885498046875,1484.8446044921875,1515.41455078125,29830,0.0,0.0
2019-08-16 00:00:00-04:00,1529.6632080078125,1558.808349609375,1527.979248046875,1554.6632080078125,21794,0.0,0.0
2019-08-19 00:00:00-04:00,1575.5181884765625,1586.2694091796875,1552.8497314453125,1580.95849609375,18242,0.0,0.0
2019-08-20 00:00:00-04:00,1579.274658203125,1608.2901611328125,1566.580322265625,1574.4818115234375,15811,0.0,0.0
2019-08-21 00:00:00-04:00,1585.4921875,1598.834228515625,1526.0362548828125,1532.512939453125,38168,0.0,0.0
2019-08-22 00:00:00-04:00,1535.6217041015625,1538.0828857421875,1412.6943359375,1420.85498046875,89730,0.0,0.0
2019-08-23 00:00:00-04:00,1409.326416015625,1443.134765625,1368.005126953125,1382.25390625,78945,0.0,0.0
2019-08-26 00:00:00-04:00,1399.09326171875,1402.5906982421875,1336.9171142578125,1347.6683349609375,34508,0.0,0.0
2019-08-27 00:00:00-04:00,1351.2952880859375,1354.6632080078125,1260.233154296875,1266.0621337890625,69673,0.0,0.0
2019-08-28 00:00:00-04:00,1260.1036376953125,1308.419677734375,1245.0777587890625,1303.4974365234375,36570,0.0,0.0
2019-08-29 00:00:00-04:00,1316.191650390625,1350.0,1309.8446044921875,1340.2850341796875,41549,0.0,0.0
2019-08-30 00:00:00-04:00,1345.46630859375,1359.1968994140625,1325.90673828125,1338.21240234375,29112,0.0,0.0
2019-09-03 00:00:00-04:00,1331.7357177734375,1340.673583984375,1284.4559326171875,1305.95849609375,37681,0.0,0.0
2019-09-04 00:00:00-04:00,1314.119140625,1329.0155029296875,1245.5958251953125,1295.9844970703125,42630,0.0,0.0
2019-09-05 00:00:00-04:00,1311.5284423828125,1342.74609375,1289.3782958984375,1330.699462890625,45818,0.0,0.0
2019-09-06 00:00:00-04:00,1329.4041748046875,1348.7047119140625,1285.880859375,1287.953369140625,49447,0.0,0.0
2019-09-09 00:00:00-04:00,1289.3782958984375,1300.0,1235.233154296875,1290.8031005859375,30741,0.0,0.0
2019-09-10 00:00:00-04:00,1283.2901611328125,1318.911865234375,1247.7979736328125,1318.5233154296875,44158,0.0,0.0
2019-09-11 00:00:00-04:00,1314.3782958984375,1326.0362548828125,1288.860107421875,1309.326416015625,43541,0.0,0.0
2019-09-12 00:00:00-04:00,1322.927490234375,1338.60107421875,1262.6943359375,1335.6217041015625,56611,0.0,0.0
2019-09-13 00:00:00-04:00,1329.53369140625,1390.673583984375,1323.7047119140625,1358.16064453125,63196,0.0,0.0
2019-09-16 00:00:00-04:00,1352.072509765625,1386.78759765625,1345.85498046875,1384.1968994140625,29297,0.0,0.0
2019-09-17 00:00:00-04:00,1386.0103759765625,1397.27978515625,1358.0311279296875,1382.3834228515625,24773,0.0,0.0
2019-09-18 00:00:00-04:00,1382.901611328125,1395.9844970703125,1347.1502685546875,1391.7098388671875,39086,0.0,0.0
2019-09-19 00:00:00-04:00,1402.979248046875,1407.77197265625,1350.7772216796875,1374.09326171875,28973,0.0,0.0
2019-09-20 00:00:00-04:00,1389.3782958984375,1419.4300537109375,1349.09326171875,1383.5491943359375,84264,0.0,0.0
2019-09-23 00:00:00-04:00,1362.1761474609375,1395.5958251953125,1362.1761474609375,1365.5440673828125,39905,0.0,0.0
2019-09-24 00:00:00-04:00,1370.0777587890625,1372.7979736328125,1329.14501953125,1368.5233154296875,57406,0.0,0.0
2019-09-25 00:00:00-04:00,1370.85498046875,1400.90673828125,1345.46630859375,1361.6580810546875,82226,0.0,0.0
2019-09-26 00:00:00-04:00,1363.3419189453125,1372.4093017578125,1234.326416015625,1241.3212890625,60980,0.0,0.0
2019-09-27 00:00:00-04:00,1241.3212890625,1267.6165771484375,1190.41455078125,1202.2020263671875,112380,0.0,0.0
2019-09-30 00:00:00-04:00,1224.740966796875,1224.740966796875,1172.27978515625,1189.3782958984375,51693,0.0,0.0
2019-10-01 00:00:00-04:00,1185.880859375,1190.9326171875,1124.09326171875,1127.2020263671875,63605,0.0,0.0
2019-10-02 00:00:00-04:00,1116.191650390625,1145.3367919921875,1097.538818359375,1119.818603515625,65311,0.0,0.0
2019-10-03 00:00:00-04:00,1115.1553955078125,1117.487060546875,1088.21240234375,1107.3834228515625,86811,0.0,0.0
2019-10-04 00:00:00-04:00,1115.02587890625,1152.979248046875,1097.7979736328125,1151.2952880859375,88000,0.0,0.0
2019-10-07 00:00:00-04:00,1140.2850341796875,1169.6890869140625,1130.8289794921875,1149.2227783203125,154616,0.0,0.0
2019-10-08 00:00:00-04:00,1148.0570068359375,1165.5440673828125,1110.233154296875,1149.09326171875,39681,0.0,0.0
2019-10-09 00:00:00-04:00,1151.0362548828125,1178.626953125,1135.880859375,1167.487060546875,75494,0.0,0.0
2019-10-10 00:00:00-04:00,1169.300537109375,1185.3626708984375,1141.580322265625,1156.865234375,34508,0.0,0.0
2019-10-11 00:00:00-04:00,1165.02587890625,1175.5181884765625,1138.860107421875,1141.7098388671875,37689,0.0,0.0
2019-10-14 00:00:00-04:00,1146.114013671875,1163.3419189453125,1125.7772216796875,1150.0,34377,0.0,0.0
2019-10-15 00:00:00-04:00,1157.512939453125,1168.5233154296875,1145.725341796875,1159.97412109375,47161,0.0,0.0
2019-10-16 00:00:00-04:00,1162.4351806640625,1195.9844970703125,1159.8446044921875,1186.78759765625,45803,0.0,0.0
2019-10-17 00:00:00-04:00,1192.74609375,1204.0155029296875,1179.14501953125,1183.0311279296875,28850,0.0,0.0
2019-10-18 00:00:00-04:00,1172.020751953125,1178.4974365234375,1126.6839599609375,1159.7149658203125,69048,0.0,0.0
2019-10-21 00:00:00-04:00,1170.207275390625,1190.2850341796875,1161.5284423828125,1184.97412109375,36477,0.0,0.0
2019-10-22 00:00:00-04:00,1189.6373291015625,1191.3212890625,1132.25390625,1136.2694091796875,50659,0.0,0.0
2019-10-23 00:00:00-04:00,1138.860107421875,1149.4818115234375,1108.16064453125,1115.9326171875,63335,0.0,0.0
2019-10-24 00:00:00-04:00,1112.5648193359375,1120.3367919921875,1042.098388671875,1047.27978515625,88031,0.0,0.0
2019-10-25 00:00:00-04:00,1049.2227783203125,1065.9326171875,1035.1036376953125,1064.5078125,69881,0.0,0.0
2019-10-28 00:00:00-04:00,1073.7047119140625,1125.5181884765625,1069.5595703125,1108.808349609375,39434,0.0,0.0
2019-10-29 00:00:00-04:00,1112.953369140625,1113.21240234375,1078.4974365234375,1084.58544921875,41503,0.0,0.0
2019-10-30 00:00:00-04:00,1090.673583984375,1107.3834228515625,1074.6114501953125,1077.5906982421875,31251,0.0,0.0
2019-10-31 00:00:00-04:00,1072.4093017578125,1091.3212890625,1037.1761474609375,1049.2227783203125,40885,0.0,0.0
2019-11-01 00:00:00-04:00,1049.8704833984375,1134.97412109375,1036.9171142578125,1073.3160400390625,106961,0.0,0.0
2019-11-04 00:00:00-05:00,1108.9378662109375,1120.9844970703125,1072.27978515625,1072.7979736328125,86595,0.0,0.0
2019-11-05 00:00:00-05:00,1072.4093017578125,1075.1295166015625,1043.2642822265625,1046.114013671875,65720,0.0,0.0
2019-11-06 00:00:00-05:00,1030.3109130859375,1035.3626708984375,1000.7772216796875,1016.83935546875,68631,0.0,0.0
2019-11-07 00:00:00-05:00,1028.23828125,1028.885986328125,981.34716796875,983.8082885742188,71796,0.0,0.0
2019-11-08 00:00:00-05:00,982.9015502929688,1022.1502685546875,971.7616577148438,1009.97412109375,132383,0.0,0.0
2019-11-11 00:00:00-05:00,1007.1243286132812,1009.97412109375,932.9015502929688,945.0776977539062,122293,0.0,0.0
2019-11-12 00:00:00-05:00,946.2435302734375,990.5440673828125,945.5958251953125,987.6942749023438,111376,0.0,0.0
2019-11-13 00:00:00-05:00,981.8652954101562,1015.9326171875,968.2642211914062,994.8186645507812,57506,0.0,0.0
2019-11-14 00:00:00-05:00,991.0621948242188,1001.9429931640625,953.3678588867188,955.4404296875,48898,0.0,0.0
2019-11-15 00:00:00-05:00,959.326416015625,990.9326171875,952.8497314453125,971.373046875,165640,0.0,0.0
2019-11-18 00:00:00-05:00,981.0880737304688,994.4300537109375,966.3212280273438,971.5025634765625,91714,0.0,0.0
2019-11-19 00:00:00-05:00,955.5699462890625,979.4041748046875,950.7772216796875,958.5491943359375,134969,0.0,0.0
2019-11-20 00:00:00-05:00,952.72021484375,978.3678588867188,949.3523559570312,958.5491943359375,142403,0.0,0.0
2019-11-21 00:00:00-05:00,984.0673828125,997.4093017578125,947.1502685546875,954.4041748046875,115067,0.0,0.0
2019-11-22 00:00:00-05:00,957.512939453125,963.0828857421875,925.1295166015625,939.119140625,174696,0.0,0.0
2019-11-25 00:00:00-05:00,947.927490234375,970.8549194335938,938.3419799804688,969.4300537109375,84573,0.0,0.0
2019-11-26 00:00:00-05:00,1009.97412109375,1020.7254028320312,960.880859375,971.373046875,103494,0.0,0.0
2019-11-27 00:00:00-05:00,971.5025634765625,1043.65283203125,964.766845703125,1039.5078125,112094,0.0,0.0
2019-11-29 00:00:00-05:00,1054.4041748046875,1092.6165771484375,1044.04150390625,1048.445556640625,69495,0.0,0.0
2019-12-02 00:00:00-05:00,1050.5181884765625,1057.77197265625,1025.5181884765625,1039.3782958984375,102962,0.0,0.0
2019-12-03 00:00:00-05:00,1042.8756103515625,1103.367919921875,1037.953369140625,1099.352294921875,111832,0.0,0.0
2019-12-04 00:00:00-05:00,1102.2020263671875,1105.4404296875,1036.0103759765625,1050.647705078125,115321,0.0,0.0
2019-12-05 00:00:00-05:00,1043.65283203125,1063.3419189453125,1034.97412109375,1044.6890869140625,68299,0.0,0.0
2019-12-06 00:00:00-05:00,1052.072509765625,1058.419677734375,1022.927490234375,1028.7564697265625,78011,0.0,0.0
2019-12-09 00:00:00-05:00,1073.445556640625,1087.046630859375,958.5491943359375,992.2279663085938,290033,0.0,0.0
2019-12-10 00:00:00-05:00,984.0673828125,1115.1553955078125,981.34716796875,1109.97412109375,194065,0.0,0.0
2019-12-11 00:00:00-05:00,1125.0,1192.3575439453125,1115.1553955078125,1126.554443359375,254135,0.0,0.0
2019-12-12 00:00:00-05:00,1128.23828125,1159.1968994140625,1085.233154296875,1088.7305908203125,143106,0.0,0.0
2019-12-13 00:00:00-05:00,1123.7047119140625,1175.3885498046875,1102.8497314453125,1162.5648193359375,180046,0.0,0.0
2019-12-16 00:00:00-05:00,1166.9688720703125,1201.165771484375,1140.8031005859375,1186.139892578125,139354,0.0,0.0
2019-12-17 00:00:00-05:00,1188.60107421875,1240.8031005859375,1188.60107421875,1232.6424560546875,140697,0.0,0.0
2019-12-18 00:00:00-05:00,1230.5699462890625,1235.3626708984375,1177.3316650390625,1215.9326171875,144542,0.0,0.0
2019-12-19 00:00:00-05:00,1212.4351806640625,1218.65283203125,1186.6580810546875,1196.76171875,76690,0.0,0.0
2019-12-20 00:00:00-05:00,1196.76171875,1200.1295166015625,1143.134765625,1163.860107421875,148710,0.0,0.0
2019-12-23 00:00:00-05:00,1170.0777587890625,1179.4041748046875,1144.5595703125,1162.953369140625,63520,0.0,0.0
2019-12-24 00:00:00-05:00,1161.0103759765625,1233.6787109375,1155.181396484375,1233.419677734375,57375,0.0,0.0
2019-12-26 00:00:00-05:00,1230.5699462890625,1230.5699462890625,1156.088134765625,1172.7979736328125,89660,0.0,0.0
2019-12-27 00:00:00-05:00,1170.9844970703125,1175.259033203125,1142.6165771484375,1145.0777587890625,53677,0.0,0.0
2019-12-30 00:00:00-05:00,1144.9482421875,1147.4093017578125,1101.2952880859375,1134.0673828125,68160,0.0,0.0
2019-12-31 00:00:00-05:00,1133.6787109375,1163.60107421875,1115.5440673828125,1136.6580810546875,60378,0.0,0.0
2020-01-02 00:00:00-05:00,1142.22802734375,1148.445556640625,1109.7149658203125,1118.7823486328125,65442,0.0,0.0
2020-01-03 00:00:00-05:00,1101.4249267578125,1145.3367919921875,1091.4508056640625,1126.2952880859375,55383,0.0,0.0
2020-01-06 00:00:00-05:00,1122.538818359375,1166.9688720703125,1104.792724609375,1165.02587890625,64076,0.0,0.0
2020-01-07 00:00:00-05:00,1161.5284423828125,1180.699462890625,1148.9637451171875,1168.2642822265625,56873,0.0,0.0
2020-01-08 00:00:00-05:00,1160.4921875,1194.818603515625,1150.1295166015625,1188.7305908203125,58919,0.0,0.0
2020-01-09 00:00:00-05:00,1201.9429931640625,1201.9429931640625,1168.911865234375,1178.4974365234375,64833,0.0,0.0
2020-01-10 00:00:00-05:00,1181.088134765625,1225.259033203125,1169.1710205078125,1173.5750732421875,68708,0.0,0.0
2020-01-13 00:00:00-05:00,1191.7098388671875,1191.7098388671875,1117.6165771484375,1122.1502685546875,82442,0.0,0.0
2020-01-14 00:00:00-05:00,1122.020751953125,1201.6839599609375,1106.4766845703125,1192.74609375,83337,0.0,0.0
2020-01-15 00:00:00-05:00,1188.4715576171875,1233.16064453125,1173.1865234375,1213.9896240234375,73301,0.0,0.0
2020-01-16 00:00:00-05:00,1218.393798828125,1280.95849609375,1216.191650390625,1262.5648193359375,149258,0.0,0.0
2020-01-17 00:00:00-05:00,1263.860107421875,1287.046630859375,1255.0517578125,1269.9482421875,135401,0.0,0.0
2020-01-21 00:00:00-05:00,1267.3575439453125,1272.6683349609375,1211.78759765625,1241.191650390625,113909,0.0,0.0
2020-01-22 00:00:00-05:00,1244.818603515625,1251.6839599609375,1206.994873046875,1215.02587890625,64578,0.0,0.0
2020-01-23 00:00:00-05:00,1216.4508056640625,1226.6839599609375,1159.326416015625,1162.1761474609375,68785,0.0,0.0
2020-01-24 00:00:00-05:00,1184.1968994140625,1184.1968994140625,1123.7047119140625,1130.3109130859375,57869,0.0,0.0
2020-01-27 00:00:00-05:00,1107.6424560546875,1112.3056640625,1075.5181884765625,1076.6839599609375,109030,0.0,0.0
2020-01-28 00:00:00-05:00,1087.6943359375,1110.6217041015625,1080.699462890625,1087.5648193359375,55831,0.0,0.0
2020-01-29 00:00:00-05:00,1089.8963623046875,1101.0362548828125,1070.0777587890625,1072.7979736328125,42668,0.0,0.0
2020-01-30 00:00:00-05:00,1062.1761474609375,1070.5958251953125,1033.5491943359375,1065.2850341796875,57861,0.0,0.0
2020-01-31 00:00:00-05:00,1059.58544921875,1064.6373291015625,1024.8704833984375,1032.25390625,45826,0.0,0.0
2020-02-03 00:00:00-05:00,1078.626953125,1134.0673828125,1063.7305908203125,1131.088134765625,79894,0.0,0.0
2020-02-04 00:00:00-05:00,1146.5025634765625,1183.9378662109375,1146.373046875,1161.5284423828125,75077,0.0,0.0
2020-02-05 00:00:00-05:00,1184.7149658203125,1224.09326171875,1182.512939453125,1190.2850341796875,70221,0.0,0.0
2020-02-06 00:00:00-05:00,1195.0777587890625,1202.979248046875,1164.2486572265625,1165.673583984375,40862,0.0,0.0
2020-02-07 00:00:00-05:00,1172.27978515625,1183.0311279296875,1145.9844970703125,1148.3160400390625,38577,0.0,0.0
2020-02-10 00:00:00-05:00,1141.191650390625,1176.9429931640625,1134.8446044921875,1174.352294921875,37318,0.0,0.0
2020-02-11 00:00:00-05:00,1188.21240234375,1195.207275390625,1160.3626708984375,1166.580322265625,29583,0.0,0.0
2020-02-12 00:00:00-05:00,1170.0777587890625,1191.7098388671875,1155.3109130859375,1186.139892578125,37180,0.0,0.0
2020-02-13 00:00:00-05:00,1173.5750732421875,1183.9378662109375,1149.2227783203125,1159.326416015625,36245,0.0,0.0
2020-02-14 00:00:00-05:00,1161.2694091796875,1173.9637451171875,1141.0621337890625,1156.865234375,32270,0.0,0.0
2020-02-18 00:00:00-05:00,1153.885986328125,1156.865234375,1117.098388671875,1142.74609375,40877,0.0,0.0
2020-02-19 00:00:00-05:00,1107.512939453125,1113.9896240234375,1018.9119262695312,1042.098388671875,185844,0.0,0.0
2020-02-20 00:00:00-05:00,1044.1710205078125,1081.34716796875,1042.74609375,1067.74609375,89444,0.0,0.0
2020-02-21 00:00:00-05:00,1069.818603515625,1087.8238525390625,1036.0103759765625,1038.860107421875,89212,0.0,0.0
2020-02-24 00:00:00-05:00,997.927490234375,1006.2175903320312,981.606201171875,987.6942749023438,66477,0.0,0.0
2020-02-25 00:00:00-05:00,999.3523559570312,1001.6839599609375,940.1554565429688,941.83935546875,73850,0.0,0.0
2020-02-26 00:00:00-05:00,946.6321411132812,972.7979125976562,932.7720336914062,941.7098388671875,73672,0.0,0.0
2020-02-27 00:00:00-05:00,928.7564697265625,940.2849731445312,865.02587890625,865.02587890625,92130,0.0,0.0
2020-02-28 00:00:00-05:00,836.3989868164062,938.860107421875,828.3678588867188,936.9171142578125,112658,0.0,0.0
2020-03-02 00:00:00-05:00,945.207275390625,959.326416015625,901.9429931640625,956.4766845703125,71865,0.0,0.0
2020-03-03 00:00:00-05:00,960.3626708984375,984.4559326171875,896.6321411132812,922.5388793945312,70306,0.0,0.0
2020-03-04 00:00:00-05:00,945.5958251953125,955.4404296875,918.65283203125,945.7254028320312,44220,0.0,0.0
2020-03-05 00:00:00-05:00,919.6891479492188,951.9429931640625,913.2124633789062,932.6425170898438,37504,0.0,0.0
2020-03-06 00:00:00-05:00,892.0984497070312,923.8341674804688,865.8031005859375,882.9015502929688,51994,0.0,0.0
2020-03-09 00:00:00-04:00,821.7616577148438,851.1658325195312,798.1865234375,817.8756713867188,74475,0.0,0.0
2020-03-10 00:00:00-04:00,845.5958251953125,858.9378051757812,792.2279663085938,857.1243286132812,56317,0.0,0.0
2020-03-11 00:00:00-04:00,833.0310668945312,853.3678588867188,793.1347045898438,796.7616577148438,56503,0.0,0.0
2020-03-12 00:00:00-04:00,725.5181274414062,736.3989868164062,631.0880737304688,639.8963623046875,130314,0.0,0.0
2020-03-13 00:00:00-04:00,685.3626708984375,695.8549194335938,556.2175903320312,653.7564697265625,126832,0.0,0.0
2020-03-16 00:00:00-04:00,551.6839599609375,597.27978515625,519.300537109375,523.1865234375,85599,0.0,0.0
2020-03-17 00:00:00-04:00,534.326416015625,595.46630859375,504.53369140625,564.119140625,141261,0.0,0.0
2020-03-18 00:00:00-04:00,526.2953491210938,597.927490234375,508.6787414550781,543.65283203125,75015,0.0,0.0
2020-03-19 00:00:00-04:00,548.7046508789062,607.1243286132812,534.97412109375,601.4248657226562,73193,0.0,0.0
2020-03-20 00:00:00-04:00,615.1554565429688,678.7564697265625,592.8756713867188,629.53369140625,96585,0.0,0.0
2020-03-23 00:00:00-04:00,633.0310668945312,690.02587890625,613.0828857421875,614.5077514648438,99750,0.0,0.0
2020-03-24 00:00:00-04:00,643.2642211914062,657.6425170898438,616.4508056640625,632.3834228515625,78543,0.0,0.0
2020-03-25 00:00:00-04:00,634.97412109375,654.0155639648438,606.606201171875,612.953369140625,93543,0.0,0.0
2020-03-26 00:00:00-04:00,569.4300537109375,642.487060546875,566.9689331054688,603.2383422851562,91482,0.0,0.0
2020-03-27 00:00:00-04:00,601.0362548828125,632.512939453125,566.1917114257812,618.7824096679688,82890,0.0,0.0
2020-03-30 00:00:00-04:00,621.7616577148438,627.5906982421875,583.9378051757812,608.2901611328125,64068,0.0,0.0
2020-03-31 00:00:00-04:00,605.1813354492188,619.9481811523438,589.119140625,595.3367919921875,63559,0.0,0.0
2020-04-01 00:00:00-04:00,580.9585571289062,605.1813354492188,547.7979125976562,550.6476440429688,71781,0.0,0.0
2020-04-02 00:00:00-04:00,545.207275390625,571.373046875,537.4352416992188,551.9429931640625,44938,0.0,0.0
2020-04-03 00:00:00-04:00,554.0155639648438,569.5595703125,535.880859375,542.487060546875,41989,0.0,0.0
2020-04-06 00:00:00-04:00,569.9481811523438,587.046630859375,550.2590942382812,561.5285034179688,102769,0.0,0.0
2020-04-07 00:00:00-04:00,576.8134765625,597.1502685546875,540.1554565429688,545.7254028320312,134853,0.0,0.0
2020-04-08 00:00:00-04:00,555.1813354492188,566.3212280273438,541.4508056640625,557.512939453125,162066,0.0,0.0
2020-04-09 00:00:00-04:00,566.1917114257812,615.673583984375,565.5440673828125,602.3316040039062,142280,0.0,0.0
2020-04-13 00:00:00-04:00,605.699462890625,608.8082885742188,576.4248657226562,594.6891479492188,86503,0.0,0.0
2020-04-14 00:00:00-04:00,612.6942749023438,638.7305908203125,604.1450805664062,630.4404296875,113345,0.0,0.0
2020-04-15 00:00:00-04:00,607.25390625,629.6632080078125,589.766845703125,613.6010131835938,72969,0.0,0.0
2020-04-16 00:00:00-04:00,615.9326171875,682.25390625,615.9326171875,680.8290405273438,144804,0.0,0.0
2020-04-17 00:00:00-04:00,720.3367919921875,735.7512817382812,694.8186645507812,721.6321411132812,299806,0.0,0.0
2020-04-20 00:00:00-04:00,712.4352416992188,794.8186645507812,710.233154296875,758.16064453125,160815,0.0,0.0
2020-04-21 00:00:00-04:00,737.6942749023438,750.5181274414062,697.6683959960938,709.8445434570312,81593,0.0,0.0
2020-04-22 00:00:00-04:00,726.4248657226562,731.9948120117188,699.4818725585938,719.9481811523438,95906,0.0,0.0
2020-04-23 00:00:00-04:00,724.6113891601562,748.1865234375,696.373046875,698.3160400390625,94639,0.0,0.0
2020-04-24 00:00:00-04:00,701.9429931640625,766.0621948242188,689.119140625,758.8082885742188,143785,0.0,0.0
2020-04-27 00:00:00-04:00,770.7254028320312,804.6632080078125,741.4508056640625,796.8911743164062,129233,0.0,0.0
2020-04-28 00:00:00-04:00,808.8082885742188,814.3782348632812,739.5077514648438,742.8756713867188,164405,0.0,0.0
2020-04-29 00:00:00-04:00,764.2487182617188,764.2487182617188,728.885986328125,731.9948120117188,88039,0.0,0.0
2020-04-30 00:00:00-04:00,733.6787719726562,734.1968994140625,696.2435302734375,697.927490234375,85553,0.0,0.0
2020-05-01 00:00:00-04:00,686.3989868164062,691.7098388671875,646.114013671875,657.6425170898438,100314,0.0,0.0
2020-05-04 00:00:00-04:00,651.0362548828125,721.7616577148438,636.139892578125,721.5025634765625,80805,0.0,0.0
2020-05-05 00:00:00-04:00,729.2745971679688,745.46630859375,717.2279663085938,728.2383422851562,72939,0.0,0.0
2020-05-06 00:00:00-04:00,725.3886108398438,746.5025634765625,706.9948120117188,710.4922485351562,110095,0.0,0.0
2020-05-07 00:00:00-04:00,718.5233154296875,779.2745971679688,718.5233154296875,768.7824096679688,87082,0.0,0.0
2020-05-08 00:00:00-04:00,787.046630859375,787.046630859375,755.3108520507812,767.8756713867188,103772,0.0,0.0
2020-05-11 00:00:00-04:00,817.487060546875,819.8186645507812,729.1450805664062,780.1813354492188,224907,0.0,0.0
2020-05-12 00:00:00-04:00,791.9689331054688,823.1865234375,731.4766845703125,736.5285034179688,174001,0.0,0.0
2020-05-13 00:00:00-04:00,741.0621948242188,785.880859375,685.233154296875,723.0570068359375,219827,0.0,0.0
2020-05-14 00:00:00-04:00,699.8704833984375,707.25390625,681.7357788085938,700.2590942382812,91752,0.0,0.0
2020-05-15 00:00:00-04:00,691.0621948242188,742.0984497070312,686.5285034179688,733.9378051757812,90309,0.0,0.0
2020-05-18 00:00:00-04:00,724.3523559570312,749.2227783203125,705.9585571289062,740.1554565429688,171461,0.0,0.0
2020-05-19 00:00:00-04:00,738.4714965820312,791.4508056640625,725.3886108398438,750.0,425303,0.0,0.0
2020-05-20 00:00:00-04:00,775.5181274414062,848.4456176757812,768.2642211914062,844.1709594726562,243975,0.0,0.0
2020-05-21 00:00:00-04:00,841.580322265625,878.2383422851562,834.4559326171875,857.512939453125,155473,0.0,0.0
2020-05-22 00:00:00-04:00,854.9223022460938,882.6425170898438,851.6839599609375,865.02587890625,110110,0.0,0.0
2020-05-26 00:00:00-04:00,892.2279663085938,901.5543823242188,822.1502685546875,827.8497314453125,137702,0.0,0.0
2020-05-27 00:00:00-04:00,838.4714965820312,842.74609375,764.5077514648438,798.8341674804688,98623,0.0,0.0
2020-05-28 00:00:00-04:00,803.1088256835938,827.072509765625,783.2901611328125,787.6942749023438,85291,0.0,0.0
2020-05-29 00:00:00-04:00,790.1554565429688,825.3886108398438,779.792724609375,824.2227783203125,81145,0.0,0.0
2020-06-01 00:00:00-04:00,822.7979125976562,838.3419799804688,803.7564697265625,833.9378051757812,74320,0.0,0.0
2020-06-02 00:00:00-04:00,832.9015502929688,852.8497314453125,808.2901611328125,843.65283203125,66114,0.0,0.0
2020-06-03 00:00:00-04:00,841.9689331054688,863.0828857421875,834.97412109375,843.2642211914062,73996,0.0,0.0
2020-06-04 00:00:00-04:00,841.83935546875,883.0310668945312,816.9689331054688,866.580322265625,77432,0.0,0.0
2020-06-05 00:00:00-04:00,879.2745971679688,939.2487182617188,878.7564697265625,919.4300537109375,125203,0.0,0.0
2020-06-08 00:00:00-04:00,935.880859375,936.5285034179688,890.8031005859375,895.5958251953125,82064,0.0,0.0
2020-06-09 00:00:00-04:00,887.1761474609375,887.3057250976562,861.7875366210938,864.8963623046875,60795,0.0,0.0
2020-06-10 00:00:00-04:00,874.7409057617188,911.7875366210938,866.83935546875,884.97412109375,76575,0.0,0.0
2020-06-11 00:00:00-04:00,858.2901611328125,876.2953491210938,815.5440673828125,817.6165771484375,86333,0.0,0.0
2020-06-12 00:00:00-04:00,878.7564697265625,880.8290405273438,804.53369140625,828.1088256835938,159078,0.0,0.0
2020-06-15 00:00:00-04:00,815.5440673828125,834.4559326171875,799.4818725585938,823.0570068359375,63157,0.0,0.0
2020-06-16 00:00:00-04:00,847.6683959960938,862.3057250976562,804.6632080078125,817.3574829101562,109099,0.0,0.0
2020-06-17 00:00:00-04:00,817.6165771484375,845.7254028320312,805.5699462890625,834.97412109375,80628,0.0,0.0
2020-06-18 00:00:00-04:00,829.0155639648438,854.9223022460938,816.9689331054688,830.1813354492188,73618,0.0,0.0
2020-06-19 00:00:00-04:00,820.46630859375,840.4144897460938,810.7512817382812,832.7720336914062,144982,0.0,0.0
2020-06-22 00:00:00-04:00,838.2124633789062,861.139892578125,805.5699462890625,848.1865234375,89320,0.0,0.0
2020-06-23 00:00:00-04:00,858.0310668945312,866.1917114257812,836.5285034179688,840.673583984375,84688,0.0,0.0
2020-06-24 00:00:00-04:00,833.9378051757812,851.6839599609375,807.512939453125,824.09326171875,91165,0.0,0.0
2020-06-25 00:00:00-04:00,820.8549194335938,830.4404296875,802.2020874023438,807.6425170898438,102545,0.0,0.0
2020-06-26 00:00:00-04:00,803.626953125,804.2745971679688,764.6373291015625,788.860107421875,126322,0.0,0.0
2020-06-29 00:00:00-04:00,790.2849731445312,797.4093017578125,769.1709594726562,778.3678588867188,66075,0.0,0.0
2020-06-30 00:00:00-04:00,781.7357788085938,797.6683959960938,769.5595703125,790.673583984375,53044,0.0,0.0
2020-07-01 00:00:00-04:00,791.3212280273438,808.2901611328125,780.699462890625,790.4144897460938,80697,0.0,0.0
2020-07-02 00:00:00-04:00,796.7616577148438,809.326416015625,768.7824096679688,770.7254028320312,92092,0.0,0.0
2020-07-06 00:00:00-04:00,777.72021484375,782.6425170898438,749.09326171875,752.3316040039062,90471,0.0,0.0
2020-07-07 00:00:00-04:00,752.3316040039062,851.6839599609375,751.0362548828125,832.512939453125,174348,0.0,0.0
2020-07-08 00:00:00-04:00,834.4559326171875,863.2124633789062,821.8911743164062,859.326416015625,87275,0.0,0.0
2020-07-09 00:00:00-04:00,859.326416015625,871.114013671875,835.1036376953125,856.9948120117188,58711,0.0,0.0
2020-07-10 00:00:00-04:00,856.4766845703125,858.16064453125,823.1865234375,828.885986328125,42506,0.0,0.0
2020-07-13 00:00:00-04:00,831.0880737304688,835.7512817382812,786.3989868164062,786.3989868164062,52758,0.0,0.0
2020-07-14 00:00:00-04:00,783.6787719726562,813.860107421875,769.0414428710938,813.860107421875,47046,0.0,0.0
2020-07-15 00:00:00-04:00,825.1295166015625,864.8963623046875,819.9481811523438,853.7564697265625,74861,0.0,0.0
2020-07-16 00:00:00-04:00,844.1709594726562,864.5077514648438,823.8341674804688,863.0828857421875,54457,0.0,0.0
2020-07-17 00:00:00-04:00,863.0828857421875,876.0362548828125,852.5906982421875,858.0310668945312,62154,0.0,0.0
2020-07-20 00:00:00-04:00,859.8445434570312,883.2901611328125,855.1813354492188,875.0,66176,0.0,0.0
2020-07-21 00:00:00-04:00,877.4611206054688,882.7720336914062,846.6321411132812,854.1450805664062,47316,0.0,0.0
2020-07-22 00:00:00-04:00,855.9585571289062,860.6217651367188,836.9171142578125,846.2435302734375,26101,0.0,0.0
2020-07-23 00:00:00-04:00,845.8549194335938,873.3160400390625,840.8031005859375,845.3367919921875,54858,0.0,0.0
2020-07-24 00:00:00-04:00,837.5647583007812,838.860107421875,817.6165771484375,832.1243286132812,34694,0.0,0.0
2020-07-27 00:00:00-04:00,840.02587890625,854.53369140625,826.1658325195312,854.53369140625,43124,0.0,0.0
2020-07-28 00:00:00-04:00,853.7564697265625,860.6217651367188,845.207275390625,851.8134765625,55476,0.0,0.0
2020-07-29 00:00:00-04:00,847.020751953125,856.0880737304688,796.7616577148438,807.512939453125,92478,0.0,0.0
2020-07-30 00:00:00-04:00,804.792724609375,819.1709594726562,783.6787719726562,793.9119262695312,64462,0.0,0.0
2020-07-31 00:00:00-04:00,796.373046875,802.979248046875,770.3367919921875,786.2694091796875,61814,0.0,0.0
2020-08-03 00:00:00-04:00,790.1554565429688,818.2642211914062,774.6113891601562,813.2124633789062,51060,0.0,0.0
2020-08-04 00:00:00-04:00,817.0984497070312,822.6683959960938,794.300537109375,808.8082885742188,42591,0.0,0.0
2020-08-05 00:00:00-04:00,815.4144897460938,826.4248657226562,801.8134765625,803.885986328125,36716,0.0,0.0
2020-08-06 00:00:00-04:00,818.65283203125,885.880859375,814.3782348632812,826.9429931640625,119320,0.0,0.0
2020-08-07 00:00:00-04:00,826.9429931640625,837.3057250976562,811.0103759765625,822.27978515625,41225,0.0,0.0
2020-08-10 00:00:00-04:00,824.09326171875,856.4766845703125,809.4559326171875,851.9429931640625,52612,0.0,0.0
2020-08-11 00:00:00-04:00,855.699462890625,855.699462890625,807.1243286132812,809.4559326171875,46389,0.0,0.0
2020-08-12 00:00:00-04:00,818.65283203125,819.5595703125,788.2124633789062,800.2590942382812,68446,0.0,0.0
2020-08-13 00:00:00-04:00,797.7979125976562,818.5233154296875,788.7305908203125,788.860107421875,76057,0.0,0.0
2020-08-14 00:00:00-04:00,785.7512817382812,794.5595703125,768.1347045898438,772.927490234375,56927,0.0,0.0
2020-08-17 00:00:00-04:00,777.8497314453125,812.6942749023438,768.9119262695312,806.4766845703125,44652,0.0,0.0
2020-08-18 00:00:00-04:00,803.3678588867188,813.3419799804688,795.3367919921875,801.1658325195312,31953,0.0,0.0
2020-08-19 00:00:00-04:00,796.6321411132812,814.766845703125,788.7305908203125,789.5077514648438,46830,0.0,0.0
2020-08-20 00:00:00-04:00,784.8445434570312,786.7875366210938,751.9429931640625,765.9326171875,64863,0.0,0.0
2020-08-21 00:00:00-04:00,767.3574829101562,777.72021484375,760.6217651367188,763.2124633789062,34833,0.0,0.0
2020-08-24 00:00:00-04:00,766.83935546875,775.0,755.5699462890625,766.3212280273438,36160,0.0,0.0
2020-08-25 00:00:00-04:00,763.6010131835938,778.626953125,757.25390625,766.9689331054688,31528,0.0,0.0
2020-08-26 00:00:00-04:00,764.2487182617188,767.2279663085938,730.1813354492188,730.699462890625,47787,0.0,0.0
2020-08-27 00:00:00-04:00,735.233154296875,745.3367919921875,728.3678588867188,730.3108520507812,37419,0.0,0.0
2020-08-28 00:00:00-04:00,729.792724609375,739.3782348632812,719.8186645507812,735.1036376953125,40183,0.0,0.0
2020-08-31 00:00:00-04:00,741.1917114257812,773.4456176757812,737.3057250976562,768.1347045898438,59174,0.0,0.0
2020-09-01 00:00:00-04:00,767.74609375,772.7979125976562,735.6217651367188,741.580322265625,54179,0.0,0.0
2020-09-02 00:00:00-04:00,745.8549194335938,773.8341674804688,741.580322265625,769.4300537109375,57228,0.0,0.0
2020-09-03 00:00:00-04:00,768.2642211914062,793.65283203125,753.4974365234375,762.1761474609375,48157,0.0,0.0
2020-09-04 00:00:00-04:00,761.9171142578125,762.1761474609375,686.5285034179688,729.2745971679688,98237,0.0,0.0
2020-09-08 00:00:00-04:00,715.02587890625,764.6373291015625,708.8082885742188,730.3108520507812,52859,0.0,0.0
2020-09-09 00:00:00-04:00,734.7150268554688,746.8911743164062,725.0,742.74609375,28139,0.0,0.0
2020-09-10 00:00:00-04:00,746.2435302734375,750.0,708.6787719726562,710.3626708984375,39102,0.0,0.0
2020-09-11 00:00:00-04:00,713.9896240234375,725.1295166015625,684.1968994140625,688.860107421875,45726,0.0,0.0
2020-09-14 00:00:00-04:00,699.4818725585938,711.7875366210938,689.5077514648438,700.5181274414062,58664,0.0,0.0
2020-09-15 00:00:00-04:00,703.626953125,711.5285034179688,687.5647583007812,689.2487182617188,45455,0.0,0.0
2020-09-16 00:00:00-04:00,693.0051879882812,717.8756713867188,691.0621948242188,707.9015502929688,57221,0.0,0.0
2020-09-17 00:00:00-04:00,699.8704833984375,726.2953491210938,689.2487182617188,724.3523559570312,46235,0.0,0.0
2020-09-18 00:00:00-04:00,725.5181274414062,734.7150268554688,701.6839599609375,733.9378051757812,63852,0.0,0.0
2020-09-21 00:00:00-04:00,724.09326171875,736.5285034179688,699.7409057617188,705.9585571289062,62679,0.0,0.0
2020-09-22 00:00:00-04:00,709.5855102539062,725.2590942382812,696.2435302734375,719.9481811523438,73780,0.0,0.0
2020-09-23 00:00:00-04:00,721.6321411132812,757.512939453125,718.9119262695312,724.7409057617188,63451,0.0,0.0
2020-09-24 00:00:00-04:00,716.7098388671875,727.8497314453125,691.1917114257812,721.114013671875,52411,0.0,0.0
2020-09-25 00:00:00-04:00,717.3574829101562,742.0984497070312,716.0621948242188,738.860107421875,49454,0.0,0.0
2020-09-28 00:00:00-04:00,743.7824096679688,745.0776977539062,713.7305908203125,724.09326171875,42614,0.0,0.0
2020-09-29 00:00:00-04:00,722.020751953125,737.046630859375,711.2694091796875,712.4352416992188,36099,0.0,0.0
2020-09-30 00:00:00-04:00,714.119140625,726.0362548828125,697.27978515625,698.8341674804688,52650,0.0,0.0
2020-10-01 00:00:00-04:00,703.626953125,713.6010131835938,686.9171142578125,697.5388793945312,86016,0.0,0.0
2020-10-02 00:00:00-04:00,691.7098388671875,700.2590942382812,666.4508056640625,669.0414428710938,63219,0.0,0.0
2020-10-05 00:00:00-04:00,674.3523559570312,730.5699462890625,674.3523559570312,726.8134765625,68754,0.0,0.0
2020-10-06 00:00:00-04:00,730.5699462890625,738.3419799804688,717.6165771484375,726.2953491210938,38013,0.0,0.0
2020-10-07 00:00:00-04:00,729.9223022460938,755.699462890625,729.2745971679688,747.7979125976562,54326,0.0,0.0
2020-10-08 00:00:00-04:00,757.1243286132812,757.1243286132812,723.4456176757812,747.7979125976562,51292,0.0,0.0
2020-10-09 00:00:00-04:00,746.7616577148438,762.046630859375,741.0621948242188,746.114013671875,32486,0.0,0.0
2020-10-12 00:00:00-04:00,751.6839599609375,765.02587890625,746.2435302734375,756.34716796875,39658,0.0,0.0
2020-10-13 00:00:00-04:00,751.2953491210938,755.699462890625,730.1813354492188,735.1036376953125,43085,0.0,0.0
2020-10-14 00:00:00-04:00,736.0103759765625,740.5440673828125,719.8186645507812,722.6683959960938,42529,0.0,0.0
2020-10-15 00:00:00-04:00,713.7305908203125,729.53369140625,712.046630859375,716.0621948242188,49740,0.0,0.0
2020-10-16 00:00:00-04:00,715.5440673828125,743.1347045898438,712.5647583007812,726.6839599609375,49586,0.0,0.0
2020-10-19 00:00:00-04:00,733.0310668945312,734.8445434570312,704.6632080078125,706.606201171875,42900,0.0,0.0
2020-10-20 00:00:00-04:00,727.8497314453125,728.3678588867188,698.8341674804688,712.4352416992188,59305,0.0,0.0
2020-10-21 00:00:00-04:00,712.4352416992188,725.3886108398438,702.2020874023438,703.885986328125,54125,0.0,0.0
2020-10-22 00:00:00-04:00,701.8134765625,719.4300537109375,701.8134765625,719.0414428710938,35520,0.0,0.0
2020-10-23 00:00:00-04:00,725.3886108398438,725.3886108398438,709.7150268554688,719.300537109375,25715,0.0,0.0
2020-10-26 00:00:00-04:00,717.3574829101562,719.4300537109375,679.1450805664062,693.2642211914062,38029,0.0,0.0
2020-10-27 00:00:00-04:00,704.0155639648438,704.0155639648438,683.2901611328125,695.9844360351562,35327,0.0,0.0
2020-10-28 00:00:00-04:00,687.6942749023438,692.8756713867188,669.9481811523438,679.9223022460938,38754,0.0,0.0
2020-10-29 00:00:00-04:00,681.2175903320312,694.1709594726562,665.2849731445312,685.1036376953125,56981,0.0,0.0
2020-10-30 00:00:00-04:00,684.326416015625,696.7616577148438,666.580322265625,669.8186645507812,48096,0.0,0.0
2020-11-02 00:00:00-05:00,679.6632080078125,715.5440673828125,675.5181274414062,687.6942749023438,89799,0.0,0.0
2020-11-03 00:00:00-05:00,688.6010131835938,716.3212280273438,688.6010131835938,706.606201171875,61606,0.0,0.0
2020-11-04 00:00:00-05:00,721.114013671875,768.393798828125,716.9689331054688,758.419677734375,89946,0.0,0.0
2020-11-05 00:00:00-05:00,626.2953491210938,658.2901611328125,580.699462890625,632.512939453125,581108,0.0,0.0
2020-11-06 00:00:00-05:00,625.7772216796875,629.9223022460938,586.139892578125,594.4300537109375,194498,0.0,0.0
2020-11-09 00:00:00-05:00,613.3419799804688,621.7616577148438,598.0570068359375,601.8134765625,94253,0.0,0.0
2020-11-10 00:00:00-05:00,605.9585571289062,611.5285034179688,583.8082885742188,603.7564697265625,89691,0.0,0.0
2020-11-11 00:00:00-05:00,612.5647583007812,612.5647583007812,580.9585571289062,589.119140625,71958,0.0,0.0
2020-11-12 00:00:00-05:00,587.6942749023438,607.25390625,580.3108520507812,588.2124633789062,53963,0.0,0.0
2020-11-13 00:00:00-05:00,590.8031005859375,599.7409057617188,586.9171142578125,595.9844360351562,40252,0.0,0.0
2020-11-16 00:00:00-05:00,602.72021484375,607.1243286132812,590.673583984375,601.0362548828125,48350,0.0,0.0
2020-11-17 00:00:00-05:00,598.1865234375,602.5906982421875,590.673583984375,600.5181274414062,44174,0.0,0.0
2020-11-18 00:00:00-05:00,602.3316040039062,604.53369140625,574.8704833984375,575.5181274414062,84773,0.0,0.0
2020-11-19 00:00:00-05:00,580.3108520507812,586.5285034179688,566.9689331054688,572.020751953125,81276,0.0,0.0
2020-11-20 00:00:00-05:00,570.0776977539062,571.114013671875,552.4611206054688,557.9015502929688,118710,0.0,0.0
2020-11-23 00:00:00-05:00,558.9378051757812,564.6373291015625,552.2020874023438,553.4974365234375,90123,0.0,0.0
2020-11-24 00:00:00-05:00,556.9948120117188,559.5855102539062,546.5025634765625,552.3316040039062,107941,0.0,0.0
2020-11-25 00:00:00-05:00,555.9585571289062,563.4714965820312,546.6321411132812,559.97412109375,48505,0.0,0.0
2020-11-27 00:00:00-05:00,564.2487182617188,580.0518188476562,563.6010131835938,570.7254028320312,40901,0.0,0.0
2020-11-30 00:00:00-05:00,574.6113891601562,576.9429931640625,561.3989868164062,571.114013671875,70970,0.0,0.0
2020-12-01 00:00:00-05:00,577.072509765625,597.7979125976562,571.2435302734375,594.1709594726562,59537,0.0,0.0
2020-12-02 00:00:00-05:00,593.2642211914062,604.9223022460938,586.7875366210938,598.3160400390625,99897,0.0,0.0
2020-12-03 00:00:00-05:00,596.8911743164062,615.1554565429688,594.5595703125,608.5491943359375,58510,0.0,0.0
2020-12-04 00:00:00-05:00,606.8652954101562,621.6321411132812,603.7564697265625,607.7720336914062,50682,0.0,0.0
2020-12-07 00:00:00-05:00,608.8082885742188,618.2642211914062,582.25390625,588.0828857421875,96909,0.0,0.0
2020-12-08 00:00:00-05:00,588.4714965820312,589.3782348632812,559.5855102539062,575.1295166015625,156168,0.0,0.0
2020-12-09 00:00:00-05:00,572.27978515625,581.34716796875,550.6476440429688,551.9429931640625,123574,0.0,0.0
2020-12-10 00:00:00-05:00,555.5699462890625,567.0984497070312,548.9637451171875,551.9429931640625,107416,0.0,0.0
2020-12-11 00:00:00-05:00,552.2020874023438,559.97412109375,537.5647583007812,550.0,84634,0.0,0.0
2020-12-14 00:00:00-05:00,562.953369140625,600.7772216796875,560.7512817382812,577.072509765625,165571,0.0,0.0
2020-12-15 00:00:00-05:00,579.9223022460938,596.373046875,568.65283203125,574.6113891601562,80852,0.0,0.0
2020-12-16 00:00:00-05:00,578.885986328125,580.0518188476562,561.5285034179688,575.7772216796875,68114,0.0,0.0
2020-12-17 00:00:00-05:00,576.9429931640625,581.606201171875,568.0051879882812,579.792724609375,69048,0.0,0.0
2020-12-18 00:00:00-05:00,581.7357788085938,590.673583984375,574.2227783203125,579.2745971679688,139084,0.0,0.0
2020-12-21 00:00:00-05:00,574.2227783203125,600.7772216796875,558.2901611328125,598.3160400390625,76976,0.0,0.0
2020-12-22 00:00:00-05:00,600.7772216796875,611.5285034179688,585.880859375,591.1917114257812,67550,0.0,0.0
2020-12-23 00:00:00-05:00,594.1709594726562,602.4611206054688,581.34716796875,595.9844360351562,43911,0.0,0.0
2020-12-24 00:00:00-05:00,596.6321411132812,600.3886108398438,582.1243286132812,589.8963623046875,22898,0.0,0.0
2020-12-28 00:00:00-05:00,596.7616577148438,621.114013671875,586.7875366210938,592.6165771484375,131973,0.0,0.0
2020-12-29 00:00:00-05:00,592.0984497070312,598.3160400390625,565.8031005859375,571.2435302734375,93999,0.0,0.0
2020-12-30 00:00:00-05:00,575.5181274414062,586.139892578125,561.139892578125,571.373046875,67349,0.0,0.0
2020-12-31 00:00:00-05:00,570.207275390625,574.09326171875,555.699462890625,560.4922485351562,77702,0.0,0.0
2021-01-04 00:00:00-05:00,562.6942749023438,582.25390625,555.0518188476562,578.4974365234375,83013,0.0,0.0
2021-01-05 00:00:00-05:00,578.4974365234375,587.1761474609375,568.393798828125,581.9948120117188,79763,0.0,0.0
2021-01-06 00:00:00-05:00,578.626953125,593.65283203125,572.927490234375,581.606201171875,61451,0.0,0.0
2021-01-07 00:00:00-05:00,592.8756713867188,630.0518188476562,589.3782348632812,626.4248657226562,77802,0.0,0.0
2021-01-08 00:00:00-05:00,628.3678588867188,641.7098388671875,612.4352416992188,628.7564697265625,69434,0.0,0.0
2021-01-11 00:00:00-05:00,642.6165771484375,656.34716796875,603.3678588867188,652.8497314453125,138335,0.0,0.0
2021-01-12 00:00:00-05:00,656.0880737304688,695.3367919921875,656.0880737304688,677.8497314453125,208841,0.0,0.0
2021-01-13 00:00:00-05:00,680.699462890625,686.139892578125,638.3419799804688,641.0621948242188,83214,0.0,0.0
2021-01-14 00:00:00-05:00,650.3886108398438,677.2020874023438,644.6891479492188,671.6321411132812,66469,0.0,0.0
2021-01-15 00:00:00-05:00,670.9844360351562,683.9378051757812,653.3678588867188,654.53369140625,84156,0.0,0.0
2021-01-19 00:00:00-05:00,667.8756713867188,670.9844360351562,640.1554565429688,641.3212280273438,102769,0.0,0.0
2021-01-20 00:00:00-05:00,647.27978515625,650.5181274414062,613.3419799804688,620.207275390625,113129,0.0,0.0
2021-01-21 00:00:00-05:00,620.46630859375,623.1865234375,605.8290405273438,606.7357788085938,73595,0.0,0.0
2021-01-22 00:00:00-05:00,595.9844360351562,607.6425170898438,595.9844360351562,604.1450805664062,97766,0.0,0.0
2021-01-25 00:00:00-05:00,623.3160400390625,624.3523559570312,598.0570068359375,623.0570068359375,120749,0.0,0.0
2021-01-26 00:00:00-05:00,625.0,626.9429931640625,590.673583984375,596.7616577148438,87205,0.0,0.0
2021-01-27 00:00:00-05:00,585.7512817382812,608.5491943359375,578.4974365234375,605.8290405273438,174333,0.0,0.0
2021-01-28 00:00:00-05:00,611.9171142578125,615.2849731445312,580.4404296875,582.9015502929688,94740,0.0,0.0
2021-01-29 00:00:00-05:00,579.53369140625,599.6113891601562,568.5233154296875,577.072509765625,94408,0.0,0.0
2021-02-01 00:00:00-05:00,588.2124633789062,595.207275390625,572.5388793945312,592.487060546875,70947,0.0,0.0
2021-02-02 00:00:00-05:00,595.8549194335938,607.512939453125,587.4352416992188,601.1658325195312,105656,0.0,0.0
2021-02-03 00:00:00-05:00,605.4404296875,619.9481811523438,601.2953491210938,601.6839599609375,60633,0.0,0.0
2021-02-04 00:00:00-05:00,605.3108520507812,614.2487182617188,594.6891479492188,612.4352416992188,65095,0.0,0.0
2021-02-05 00:00:00-05:00,614.119140625,620.207275390625,609.1968994140625,617.8756713867188,74961,0.0,0.0
2021-02-08 00:00:00-05:00,623.1865234375,633.6787719726562,612.6942749023438,620.3367919921875,79145,0.0,0.0
2021-02-09 00:00:00-05:00,623.1865234375,627.3316040039062,601.0362548828125,602.8497314453125,58062,0.0,0.0
2021-02-10 00:00:00-05:00,606.34716796875,611.2694091796875,589.6373291015625,602.5906982421875,57352,0.0,0.0
2021-02-11 00:00:00-05:00,605.5699462890625,609.97412109375,578.4974365234375,592.8756713867188,61474,0.0,0.0
2021-02-12 00:00:00-05:00,589.6373291015625,601.6839599609375,578.3678588867188,592.74609375,59568,0.0,0.0
2021-02-16 00:00:00-05:00,433.9378356933594,445.0777282714844,338.2124328613281,368.3937683105469,1394255,0.0,0.0
2021-02-17 00:00:00-05:00,370.3367919921875,387.953369140625,359.0673522949219,362.953369140625,526242,0.0,0.0
2021-02-18 00:00:00-05:00,363.9896240234375,365.673583984375,347.79791259765625,349.09326171875,344119,0.0,0.0
2021-02-19 00:00:00-05:00,353.626953125,353.8860168457031,344.1709899902344,345.5958557128906,347091,0.0,0.0
2021-02-22 00:00:00-05:00,346.1139831542969,350.90673828125,336.9170837402344,337.6943054199219,196929,0.0,0.0
2021-02-23 00:00:00-05:00,336.0103759765625,342.6165771484375,313.9896240234375,331.86529541015625,346165,0.0,0.0
2021-02-24 00:00:00-05:00,340.673583984375,345.72540283203125,331.86529541015625,335.75128173828125,273767,0.0,0.0
2021-02-25 00:00:00-05:00,335.8808288574219,367.22796630859375,331.6062316894531,364.24871826171875,643145,0.0,0.0
2021-02-26 00:00:00-05:00,365.8031005859375,403.3678894042969,355.3108825683594,402.8497314453125,455326,0.0,0.0
2021-03-01 00:00:00-05:00,406.6062316894531,415.28497314453125,383.419677734375,389.6372985839844,235429,0.0,0.0
2021-03-02 00:00:00-05:00,383.419677734375,400.7771911621094,379.6632080078125,398.9637451171875,230519,0.0,0.0
2021-03-03 00:00:00-05:00,397.0207214355469,403.626953125,379.6632080078125,380.05181884765625,125195,0.0,0.0
2021-03-04 00:00:00-05:00,376.9429931640625,383.0310974121094,357.90155029296875,361.9170837402344,138960,0.0,0.0
2021-03-05 00:00:00-05:00,363.9896240234375,372.5388488769531,339.1191711425781,371.5025939941406,131888,0.0,0.0
2021-03-08 00:00:00-05:00,373.8341979980469,384.1968994140625,365.1554260253906,365.9326477050781,80095,0.0,0.0
2021-03-09 00:00:00-05:00,370.9844665527344,392.6165771484375,368.3937683105469,389.1191711425781,173901,0.0,0.0
2021-03-10 00:00:00-05:00,444.4300537109375,446.8912048339844,413.860107421875,420.72540283203125,478100,0.0,0.0
2021-03-11 00:00:00-05:00,430.6994934082031,430.95855712890625,409.9740905761719,415.4145202636719,180447,0.0,0.0
2021-03-12 00:00:00-05:00,414.24871826171875,420.85491943359375,403.4974060058594,420.0777282714844,89012,0.0,0.0
2021-03-15 00:00:00-04:00,424.8704528808594,435.62176513671875,420.9844665527344,430.6994934082031,133394,0.0,0.0
2021-03-16 00:00:00-04:00,430.3108825683594,430.3108825683594,406.6062316894531,419.5595703125,131309,0.0,0.0
2021-03-17 00:00:00-04:00,404.14508056640625,407.77203369140625,389.1191711425781,401.5544128417969,146456,0.0,0.0
2021-03-18 00:00:00-04:00,402.5906677246094,403.4974060058594,388.6010437011719,392.3575134277344,85345,0.0,0.0
2021-03-19 00:00:00-04:00,398.8341979980469,411.0103759765625,392.3575134277344,409.0673522949219,103355,0.0,0.0
2021-03-22 00:00:00-04:00,410.3627014160156,422.27978515625,401.9429931640625,402.4611511230469,116032,0.0,0.0
2021-03-23 00:00:00-04:00,407.6424865722656,407.6424865722656,377.33160400390625,379.53369140625,137385,0.0,0.0
2021-03-24 00:00:00-04:00,380.8290100097656,385.8808288574219,365.8031005859375,366.3212585449219,113353,0.0,0.0
2021-03-25 00:00:00-04:00,364.24871826171875,390.8031005859375,355.4404296875,383.5492248535156,150208,0.0,0.0
2021-03-26 00:00:00-04:00,389.1191711425781,393.7823791503906,375.2590637207031,388.34197998046875,132151,0.0,0.0
2021-03-29 00:00:00-04:00,408.0310974121094,430.3108825683594,399.8704528808594,400.7771911621094,425055,0.0,0.0
2021-03-30 00:00:00-04:00,383.419677734375,389.5077819824219,369.04144287109375,370.72540283203125,292526,0.0,0.0
2021-03-31 00:00:00-04:00,373.1865234375,393.2642517089844,370.85491943359375,390.5440368652344,168180,0.0,0.0
2021-04-01 00:00:00-04:00,391.8393859863281,401.5544128417969,382.77203369140625,389.1191711425781,95628,0.0,0.0
2021-04-05 00:00:00-04:00,390.8031005859375,403.626953125,389.1191711425781,402.8497314453125,115337,0.0,0.0
2021-04-06 00:00:00-04:00,398.0570068359375,400.51812744140625,388.47149658203125,390.673583984375,125473,0.0,0.0
2021-04-07 00:00:00-04:00,388.860107421875,393.7823791503906,386.65802001953125,388.860107421875,85661,0.0,0.0
2021-04-08 00:00:00-04:00,387.43524169921875,388.860107421875,371.8912048339844,373.9637451171875,87985,0.0,0.0
2021-04-09 00:00:00-04:00,371.6321105957031,372.27978515625,360.8808288574219,364.766845703125,95296,0.0,0.0
2021-04-12 00:00:00-04:00,362.1761779785156,367.09844970703125,352.33160400390625,362.43524169921875,88494,0.0,0.0
2021-04-13 00:00:00-04:00,361.65802001953125,367.3575134277344,352.9792785644531,366.9689025878906,89706,0.0,0.0
2021-04-14 00:00:00-04:00,366.8393859863281,387.8238220214844,366.580322265625,382.6424865722656,122246,0.0,0.0
2021-04-15 00:00:00-04:00,387.3056945800781,393.2642517089844,376.6839294433594,384.9740905761719,84804,0.0,0.0
2021-04-16 00:00:00-04:00,379.9222717285156,386.52850341796875,362.56475830078125,366.3212585449219,189318,0.0,0.0
2021-04-19 00:00:00-04:00,362.046630859375,376.1658020019531,357.90155029296875,362.43524169921875,88417,0.0,0.0
2021-04-20 00:00:00-04:00,356.2176208496094,368.5233154296875,352.8497314453125,360.8808288574219,76366,0.0,0.0
2021-04-21 00:00:00-04:00,356.3471374511719,364.8963623046875,346.373046875,364.24871826171875,92764,0.0,0.0
2021-04-22 00:00:00-04:00,362.953369140625,375.0,356.7357482910156,372.79791259765625,67743,0.0,0.0
2021-04-23 00:00:00-04:00,369.1709899902344,373.4455871582031,364.5077819824219,371.1139831542969,43278,0.0,0.0
2021-04-26 00:00:00-04:00,375.51812744140625,383.0310974121094,366.580322265625,381.86529541015625,72630,0.0,0.0
2021-04-27 00:00:00-04:00,386.52850341796875,390.8031005859375,382.90155029296875,387.43524169921875,82488,0.0,0.0
2021-04-28 00:00:00-04:00,383.5492248535156,396.6321105957031,380.95855712890625,393.6528625488281,85677,0.0,0.0
2021-04-29 00:00:00-04:00,394.4300537109375,397.0207214355469,380.8290100097656,391.580322265625,67766,0.0,0.0
2021-04-30 00:00:00-04:00,389.24871826171875,397.9274597167969,385.233154296875,388.6010437011719,57946,0.0,0.0
2021-05-03 00:00:00-04:00,390.8031005859375,394.6891174316406,378.1087951660156,383.419677734375,54557,0.0,0.0
2021-05-04 00:00:00-04:00,378.23834228515625,387.8238220214844,366.8393859863281,387.3056945800781,73132,0.0,0.0
2021-05-05 00:00:00-04:00,389.1191711425781,393.6528625488281,377.20208740234375,378.3678894042969,66106,0.0,0.0
2021-05-06 00:00:00-04:00,378.3678894042969,385.1036376953125,365.28497314453125,384.326416015625,92872,0.0,0.0
2021-05-07 00:00:00-04:00,388.34197998046875,397.0207214355469,382.77203369140625,394.81866455078125,83229,0.0,0.0
2021-05-10 00:00:00-04:00,392.6165771484375,393.13470458984375,365.673583984375,367.8756408691406,118116,0.0,0.0
2021-05-11 00:00:00-04:00,352.5906677246094,385.62176513671875,352.5906677246094,382.1243591308594,76243,0.0,0.0
2021-05-12 00:00:00-04:00,380.8290100097656,394.94818115234375,378.3678894042969,386.65802001953125,84789,0.0,0.0
2021-05-13 00:00:00-04:00,388.6010437011719,394.81866455078125,374.8704528808594,379.6632080078125,71750,0.0,0.0
2021-05-14 00:00:00-04:00,380.05181884765625,398.1865234375,372.1502685546875,392.7461242675781,102406,0.0,0.0
2021-05-17 00:00:00-04:00,388.6010437011719,397.66839599609375,384.1968994140625,387.43524169921875,59645,0.0,0.0
2021-05-18 00:00:00-04:00,388.34197998046875,406.08807373046875,386.7875671386719,397.27978515625,76914,0.0,0.0
2021-05-19 00:00:00-04:00,392.3575134277344,395.2072448730469,380.18133544921875,381.2176208496094,76690,0.0,0.0
2021-05-20 00:00:00-04:00,382.3834228515625,401.42486572265625,382.3834228515625,397.9274597167969,89591,0.0,0.0
2021-05-21 00:00:00-04:00,401.8134765625,412.8238220214844,397.0207214355469,408.6787414550781,105247,0.0,0.0
2021-05-24 00:00:00-04:00,411.0103759765625,411.0103759765625,394.6891174316406,396.373046875,54310,0.0,0.0
2021-05-25 00:00:00-04:00,399.8704528808594,401.5544128417969,394.1709899902344,395.3367919921875,57213,0.0,0.0
2021-05-26 00:00:00-04:00,397.0207214355469,405.5699462890625,395.46630859375,401.9429931640625,42483,0.0,0.0
2021-05-27 00:00:00-04:00,401.6839294433594,411.9170837402344,395.85491943359375,410.8808288574219,76698,0.0,0.0
2021-05-28 00:00:00-04:00,412.046630859375,423.9637451171875,402.5906677246094,403.1087951660156,62617,0.0,0.0
2021-06-01 00:00:00-04:00,402.20208740234375,410.62176513671875,400.38861083984375,402.9792785644531,70453,0.0,0.0
2021-06-02 00:00:00-04:00,402.72021484375,407.90155029296875,398.1865234375,403.3678894042969,61621,0.0,0.0
2021-06-03 00:00:00-04:00,399.8704528808594,404.4041442871094,390.0259094238281,397.66839599609375,61166,0.0,0.0
2021-06-04 00:00:00-04:00,401.42486572265625,405.6994934082031,394.5595703125,400.51812744140625,43286,0.0,0.0
2021-06-07 00:00:00-04:00,419.94818115234375,421.8912048339844,391.8393859863281,414.24871826171875,296139,0.0,0.0
2021-06-08 00:00:00-04:00,419.81866455078125,426.42486572265625,407.2538757324219,425.0,115723,0.0,0.0
2021-06-09 00:00:00-04:00,424.8704528808594,444.1709899902344,419.5595703125,427.0725402832031,184384,0.0,0.0
2021-06-10 00:00:00-04:00,427.33160400390625,446.8912048339844,425.1295471191406,438.9896240234375,100136,0.0,0.0
2021-06-11 00:00:00-04:00,443.6528625488281,445.2072448730469,431.3471374511719,441.7098388671875,96423,0.0,0.0
2021-06-14 00:00:00-04:00,438.2124328613281,461.0103759765625,430.05181884765625,434.326416015625,174835,0.0,0.0
2021-06-15 00:00:00-04:00,432.2538757324219,436.2694396972656,423.4455871582031,425.2590637207031,143430,0.0,0.0
2021-06-16 00:00:00-04:00,422.27978515625,430.4404296875,413.7305603027344,424.61138916015625,67149,0.0,0.0
2021-06-17 00:00:00-04:00,422.1502685546875,432.6424865722656,420.5958557128906,427.20208740234375,40993,0.0,0.0
2021-06-18 00:00:00-04:00,423.3160705566406,433.0310974121094,417.487060546875,429.4041442871094,94230,0.0,0.0
2021-06-21 00:00:00-04:00,427.8497314453125,434.9740905761719,424.7409362792969,429.6632080078125,73433,0.0,0.0
2021-06-22 00:00:00-04:00,429.6632080078125,430.4404296875,414.5077819824219,424.61138916015625,66747,0.0,0.0
2021-06-23 00:00:00-04:00,423.0570068359375,428.626953125,416.580322265625,419.3005065917969,52041,0.0,0.0
2021-06-24 00:00:00-04:00,419.04144287109375,426.0362548828125,413.47149658203125,418.7823791503906,117460,0.0,0.0
2021-06-25 00:00:00-04:00,420.9844665527344,420.9844665527344,395.3367919921875,400.38861083984375,928454,0.0,0.0
2021-06-28 00:00:00-04:00,405.18133544921875,408.1606140136719,394.81866455078125,403.7564697265625,207213,0.0,0.0
2021-06-29 00:00:00-04:00,402.72021484375,405.3108825683594,383.9378356933594,389.6372985839844,130908,0.0,0.0
2021-06-30 00:00:00-04:00,388.7305603027344,419.04144287109375,387.3056945800781,414.24871826171875,118363,0.0,0.0
2021-07-01 00:00:00-04:00,405.18133544921875,423.3160705566406,404.7927551269531,419.94818115234375,103927,0.0,0.0
2021-07-02 00:00:00-04:00,419.04144287109375,421.76165771484375,406.08807373046875,406.3471374511719,66570,0.0,0.0
2021-07-06 00:00:00-04:00,406.3471374511719,411.2694396972656,399.2228088378906,401.9429931640625,56696,0.0,0.0
2021-07-07 00:00:00-04:00,401.8134765625,408.5492248535156,396.373046875,403.1087951660156,68314,0.0,0.0
2021-07-08 00:00:00-04:00,394.94818115234375,407.6424865722656,392.3575134277344,394.1709899902344,71387,0.0,0.0
2021-07-09 00:00:00-04:00,394.1709899902344,404.9222717285156,392.09844970703125,395.9844665527344,65551,0.0,0.0
2021-07-12 00:00:00-04:00,395.46630859375,397.79791259765625,385.4922180175781,385.8808288574219,51176,0.0,0.0
2021-07-13 00:00:00-04:00,383.1606140136719,386.7875671386719,373.3160705566406,373.8341979980469,51137,0.0,0.0
2021-07-14 00:00:00-04:00,373.57513427734375,375.1295471191406,359.4559631347656,359.5854797363281,80072,0.0,0.0
2021-07-15 00:00:00-04:00,359.5854797363281,366.580322265625,348.1865234375,356.6062316894531,70005,0.0,0.0
2021-07-16 00:00:00-04:00,357.512939453125,361.2694396972656,346.1139831542969,346.8912048339844,75054,0.0,0.0
2021-07-19 00:00:00-04:00,337.1761779785156,351.9429931640625,337.046630859375,345.0777282714844,56032,0.0,0.0
2021-07-20 00:00:00-04:00,343.2642517089844,356.08807373046875,342.487060546875,354.0155334472656,59892,0.0,0.0
2021-07-21 00:00:00-04:00,356.4766845703125,362.1761779785156,350.7771911621094,356.08807373046875,45563,0.0,0.0
2021-07-22 00:00:00-04:00,352.9792785644531,355.6994934082031,345.3367919921875,349.48187255859375,53901,0.0,0.0
2021-07-23 00:00:00-04:00,349.09326171875,349.7409362792969,332.6424865722656,336.52850341796875,62864,0.0,0.0
2021-07-26 00:00:00-04:00,336.52850341796875,345.3367919921875,333.80828857421875,339.1191711425781,35388,0.0,0.0
2021-07-27 00:00:00-04:00,336.65802001953125,338.860107421875,328.626953125,335.75128173828125,40499,0.0,0.0
2021-07-28 00:00:00-04:00,339.766845703125,347.79791259765625,331.86529541015625,336.7875671386719,97504,0.0,0.0
2021-07-29 00:00:00-04:00,339.6372985839844,345.2072448730469,330.3108825683594,332.3834228515625,63134,0.0,0.0
2021-07-30 00:00:00-04:00,331.08807373046875,338.7305603027344,328.1087951660156,329.14508056640625,55623,0.0,0.0
2021-08-02 00:00:00-04:00,332.6424865722656,334.4559631347656,326.42486572265625,331.6062316894531,67627,0.0,0.0
2021-08-03 00:00:00-04:00,331.7357482910156,332.77203369140625,322.79791259765625,325.2590637207031,92455,0.0,0.0
2021-08-04 00:00:00-04:00,322.5388488769531,333.419677734375,321.2435302734375,323.8341979980469,54279,0.0,0.0
2021-08-05 00:00:00-04:00,320.85491943359375,337.6943054199219,320.5958557128906,335.1036376953125,62771,0.0,0.0
2021-08-06 00:00:00-04:00,336.3989562988281,336.7875671386719,322.0207214355469,324.2228088378906,61667,0.0,0.0
2021-08-09 00:00:00-04:00,251.03627014160156,253.62693786621094,234.5854949951172,235.233154296875,736488,0.0,0.0
2021-08-10 00:00:00-04:00,231.21762084960938,261.0103759765625,229.53367614746094,259.5854797363281,351360,0.0,0.0
2021-08-11 00:00:00-04:00,250.12953186035156,255.05181884765625,242.2279815673828,246.8911895751953,141508,0.0,0.0
2021-08-12 00:00:00-04:00,246.37306213378906,249.35232543945312,242.48704528808594,243.9119110107422,89112,0.0,0.0
2021-08-13 00:00:00-04:00,243.78237915039062,246.50259399414062,236.6580352783203,239.2487030029297,66678,0.0,0.0
2021-08-16 00:00:00-04:00,238.3419647216797,244.8186492919922,233.41969299316406,236.52850341796875,124747,0.0,0.0
2021-08-17 00:00:00-04:00,234.5854949951172,244.30052185058594,231.60621643066406,242.48704528808594,65350,0.0,0.0
2021-08-18 00:00:00-04:00,241.7098388671875,243.26425170898438,233.9378204345703,234.32643127441406,60563,0.0,0.0
2021-08-19 00:00:00-04:00,233.16062927246094,234.97409057617188,224.6114044189453,224.87046813964844,74714,0.0,0.0
2021-08-20 00:00:00-04:00,223.4456024169922,233.9378204345703,222.40933227539062,227.84974670410156,71626,0.0,0.0
2021-08-23 00:00:00-04:00,231.21762084960938,237.953369140625,230.05181884765625,232.7720184326172,76536,0.0,0.0
2021-08-24 00:00:00-04:00,233.16062927246094,235.233154296875,226.2953338623047,230.82901000976562,73888,0.0,0.0
2021-08-25 00:00:00-04:00,229.9222869873047,236.52850341796875,226.16580200195312,235.88082885742188,98855,0.0,0.0
2021-08-26 00:00:00-04:00,234.8445587158203,238.73057556152344,227.72019958496094,232.25389099121094,94408,0.0,0.0
2021-08-27 00:00:00-04:00,232.3834228515625,244.0414581298828,230.05181884765625,234.8445587158203,101286,0.0,0.0
2021-08-30 00:00:00-04:00,234.8445587158203,236.139892578125,229.0155487060547,231.21762084960938,78659,0.0,0.0
2021-08-31 00:00:00-04:00,230.1813507080078,238.21243286132812,229.9222869873047,237.046630859375,121405,0.0,0.0
2021-09-01 00:00:00-04:00,238.21243286132812,239.766845703125,234.71502685546875,237.30569458007812,55136,0.0,0.0
2021-09-02 00:00:00-04:00,236.01036071777344,241.58030700683594,234.71502685546875,238.3419647216797,61057,0.0,0.0
2021-09-03 00:00:00-04:00,238.3419647216797,238.3419647216797,229.6632080078125,233.16062927246094,64030,0.0,0.0
2021-09-07 00:00:00-04:00,231.60621643066406,235.62176513671875,222.02072143554688,225.0,148880,0.0,0.0
2021-09-08 00:00:00-04:00,226.42486572265625,234.45596313476562,224.09326171875,231.4766845703125,85599,0.0,0.0
2021-09-09 00:00:00-04:00,230.5699462890625,238.21243286132812,230.31088256835938,235.7512969970703,82681,0.0,0.0
2021-09-10 00:00:00-04:00,236.3989715576172,237.4352264404297,230.1813507080078,231.60621643066406,65496,0.0,0.0
2021-09-13 00:00:00-04:00,231.73574829101562,241.19171142578125,228.7564697265625,236.91709899902344,63134,0.0,0.0
2021-09-14 00:00:00-04:00,236.52850341796875,238.6010284423828,225.3885955810547,227.4611358642578,61590,0.0,0.0
2021-09-15 00:00:00-04:00,227.2020721435547,233.6787567138672,226.16580200195312,230.5699462890625,55955,0.0,0.0
2021-09-16 00:00:00-04:00,230.5699462890625,230.9585418701172,223.7046661376953,229.0155487060547,58518,0.0,0.0
2021-09-17 00:00:00-04:00,229.0155487060547,238.73057556152344,225.64767456054688,237.30569458007812,204487,0.0,0.0
2021-09-20 00:00:00-04:00,231.73574829101562,238.08290100097656,229.9222869873047,232.7720184326172,71248,0.0,0.0
2021-09-21 00:00:00-04:00,232.7720184326172,236.3989715576172,231.4766845703125,233.0310821533203,42236,0.0,0.0
2021-09-22 00:00:00-04:00,231.73574829101562,236.6580352783203,227.33160400390625,233.16062927246094,71819,0.0,0.0
2021-09-23 00:00:00-04:00,235.7512969970703,242.35751342773438,232.64248657226562,241.7098388671875,82272,0.0,0.0
2021-09-24 00:00:00-04:00,239.5077667236328,242.35751342773438,237.046630859375,238.860107421875,49616,0.0,0.0
2021-09-27 00:00:00-04:00,238.73057556152344,252.33160400390625,238.73057556152344,250.3885955810547,78721,0.0,0.0
2021-09-28 00:00:00-04:00,246.11398315429688,256.99481201171875,244.8186492919922,253.88601684570312,143986,0.0,0.0
2021-09-29 00:00:00-04:00,252.59066772460938,257.512939453125,244.4300537109375,245.85491943359375,67913,0.0,0.0
2021-09-30 00:00:00-04:00,247.92745971679688,249.48187255859375,240.67356872558594,247.5388641357422,44498,0.0,0.0
2021-10-01 00:00:00-04:00,247.02072143554688,248.83419799804688,238.3419647216797,247.7979278564453,52689,0.0,0.0
2021-10-04 00:00:00-04:00,245.20726013183594,246.37306213378906,237.30569458007812,238.860107421875,57143,0.0,0.0
2021-10-05 00:00:00-04:00,237.5647735595703,243.65284729003906,232.7720184326172,236.6580352783203,35937,0.0,0.0
2021-10-06 00:00:00-04:00,233.54922485351562,241.19171142578125,233.16062927246094,239.37823486328125,56580,0.0,0.0
2021-10-07 00:00:00-04:00,240.93264770507812,248.4456024169922,237.953369140625,244.55958557128906,47200,0.0,0.0
2021-10-08 00:00:00-04:00,242.87564086914062,247.66839599609375,238.98963928222656,247.40933227539062,53507,0.0,0.0
2021-10-11 00:00:00-04:00,247.02072143554688,258.5492248535156,245.85491943359375,257.77203369140625,80998,0.0,0.0
2021-10-12 00:00:00-04:00,257.2538757324219,266.8393859863281,256.99481201171875,264.6372985839844,86518,0.0,0.0
2021-10-13 00:00:00-04:00,261.3989562988281,273.1865234375,260.233154296875,260.62176513671875,93713,0.0,0.0
2021-10-14 00:00:00-04:00,262.046630859375,269.81866455078125,262.046630859375,266.9689025878906,69403,0.0,0.0
2021-10-15 00:00:00-04:00,268.91192626953125,275.2590637207031,262.8238220214844,270.72540283203125,197254,0.0,0.0
2021-10-18 00:00:00-04:00,269.4300537109375,274.61138916015625,263.2124328613281,272.4093322753906,77022,0.0,0.0
2021-10-19 00:00:00-04:00,274.61138916015625,282.1243591308594,272.9274597167969,278.3678894042969,87313,0.0,0.0
2021-10-20 00:00:00-04:00,271.76165771484375,275.38861083984375,267.7461242675781,271.76165771484375,52805,0.0,0.0
2021-10-21 00:00:00-04:00,266.9689025878906,276.0362548828125,263.47149658203125,264.1191711425781,39372,0.0,0.0
2021-10-22 00:00:00-04:00,262.3056945800781,269.5595703125,256.4766845703125,269.4300537109375,49076,0.0,0.0
2021-10-25 00:00:00-04:00,272.0207214355469,275.2590637207031,267.09844970703125,275.0,59166,0.0,0.0
2021-10-26 00:00:00-04:00,277.33160400390625,278.1087951660156,270.72540283203125,271.373046875,54434,0.0,0.0
2021-10-27 00:00:00-04:00,272.0207214355469,288.34197998046875,271.76165771484375,285.75128173828125,86919,0.0,0.0
2021-10-28 00:00:00-04:00,284.4559631347656,297.27978515625,280.4404296875,297.0207214355469,57769,0.0,0.0
2021-10-29 00:00:00-04:00,296.373046875,305.18133544921875,294.4300537109375,303.23834228515625,77987,0.0,0.0
2021-11-01 00:00:00-04:00,302.72021484375,315.673583984375,301.6839294433594,313.860107421875,68955,0.0,0.0
2021-11-02 00:00:00-04:00,311.3989562988281,323.3160705566406,305.3108825683594,322.66839599609375,88904,0.0,0.0
2021-11-03 00:00:00-04:00,322.5388488769531,323.3160705566406,311.0103759765625,321.6321105957031,83114,0.0,0.0
2021-11-04 00:00:00-04:00,323.1865234375,328.8860168457031,310.62176513671875,326.29534912109375,64192,0.0,0.0
2021-11-05 00:00:00-04:00,354.79998779296875,357.0,258.0,262.79998779296875,308275,0.0,1.544
2021-11-08 00:00:00-05:00,252.39999389648438,252.39999389648438,211.8000030517578,214.0,412415,0.0,0.0
2021-11-09 00:00:00-05:00,214.0,217.60000610351562,207.0,217.60000610351562,187930,0.0,0.0
2021-11-10 00:00:00-05:00,214.60000610351562,234.8000030517578,212.0,226.1999969482422,221015,0.0,0.0
2021-11-11 00:00:00-05:00,225.60000610351562,242.39999389648438,225.0,233.60000610351562,110495,0.0,0.0
2021-11-12 00:00:00-05:00,230.0,235.1999969482422,222.60000610351562,233.60000610351562,83495,0.0,0.0
2021-11-15 00:00:00-05:00,236.0,236.1999969482422,222.39999389648438,229.60000610351562,65735,0.0,0.0
2021-11-16 00:00:00-05:00,229.60000610351562,233.0,224.60000610351562,231.60000610351562,87495,0.0,0.0
2021-11-17 00:00:00-05:00,231.0,232.0,221.8000030517578,226.1999969482422,60505,0.0,0.0
2021-11-18 00:00:00-05:00,226.8000030517578,226.8000030517578,215.1999969482422,218.1999969482422,81945,0.0,0.0
2021-11-19 00:00:00-05:00,216.0,221.0,210.8000030517578,214.0,72580,0.0,0.0
2021-11-22 00:00:00-05:00,226.1999969482422,227.1999969482422,208.0,210.8000030517578,111440,0.0,0.0
2021-11-23 00:00:00-05:00,207.8000030517578,215.0,204.1999969482422,214.60000610351562,84760,0.0,0.0
2021-11-24 00:00:00-05:00,211.8000030517578,218.39999389648438,209.1999969482422,215.1999969482422,230745,0.0,0.0
2021-11-26 00:00:00-05:00,212.0,217.8000030517578,207.0,210.0,109440,0.0,0.0
2021-11-29 00:00:00-05:00,215.1999969482422,218.0,206.0,206.60000610351562,65460,0.0,0.0
2021-11-30 00:00:00-05:00,203.1999969482422,209.1999969482422,197.8000030517578,202.1999969482422,76670,0.0,0.0
2021-12-01 00:00:00-05:00,204.39999389648438,215.39999389648438,201.0,201.0,73125,0.0,0.0
2021-12-02 00:00:00-05:00,199.39999389648438,213.60000610351562,196.8000030517578,212.60000610351562,75065,0.0,0.0
2021-12-03 00:00:00-05:00,212.60000610351562,213.0,197.60000610351562,199.0,60815,0.0,0.0
2021-12-06 00:00:00-05:00,198.0,203.8000030517578,195.8000030517578,200.1999969482422,68005,0.0,0.0
2021-12-07 00:00:00-05:00,201.39999389648438,207.0,197.0,199.0,80855,0.0,0.0
2021-12-08 00:00:00-05:00,200.8000030517578,201.1999969482422,194.0,200.0,80025,0.0,0.0
2021-12-09 00:00:00-05:00,197.8000030517578,199.1999969482422,187.39999389648438,187.60000610351562,83255,0.0,0.0
2021-12-10 00:00:00-05:00,186.60000610351562,189.39999389648438,178.0,179.1999969482422,64010,0.0,0.0
2021-12-13 00:00:00-05:00,189.60000610351562,193.8000030517578,179.60000610351562,190.1999969482422,220295,0.0,0.0
2021-12-14 00:00:00-05:00,188.0,194.8000030517578,182.8000030517578,183.1999969482422,111095,0.0,0.0
2021-12-15 00:00:00-05:00,184.39999389648438,190.1999969482422,176.60000610351562,190.1999969482422,111950,0.0,0.0
2021-12-16 00:00:00-05:00,191.1999969482422,197.39999389648438,186.0,187.39999389648438,66905,0.0,0.0
2021-12-17 00:00:00-05:00,182.8000030517578,213.8000030517578,182.1999969482422,212.39999389648438,443650,0.0,0.0
2021-12-20 00:00:00-05:00,169.0,215.1999969482422,162.39999389648438,214.1999969482422,457665,0.0,0.0
2021-12-21 00:00:00-05:00,210.0,231.8000030517578,207.39999389648438,231.60000610351562,144500,0.0,0.0
2021-12-22 00:00:00-05:00,229.8000030517578,231.0,220.8000030517578,222.39999389648438,135475,0.0,0.0
2021-12-23 00:00:00-05:00,224.1999969482422,234.0,221.39999389648438,228.0,92600,0.0,0.0
2021-12-27 00:00:00-05:00,227.60000610351562,228.60000610351562,215.39999389648438,218.8000030517578,208325,0.0,0.0
2021-12-28 00:00:00-05:00,218.60000610351562,231.60000610351562,215.39999389648438,215.39999389648438,125615,0.0,0.0
2021-12-29 00:00:00-05:00,214.8000030517578,216.39999389648438,205.1999969482422,208.1999969482422,42905,0.0,0.0
2021-12-30 00:00:00-05:00,208.39999389648438,216.8000030517578,206.1999969482422,207.0,78020,0.0,0.0
2021-12-31 00:00:00-05:00,208.60000610351562,212.8000030517578,198.0,199.8000030517578,67335,0.0,0.0
2022-01-03 00:00:00-05:00,201.8000030517578,213.60000610351562,201.8000030517578,212.0,62385,0.0,0.0
2022-01-04 00:00:00-05:00,211.60000610351562,214.8000030517578,202.39999389648438,205.60000610351562,49450,0.0,0.0
2022-01-05 00:00:00-05:00,204.8000030517578,210.1999969482422,198.0,198.1999969482422,64405,0.0,0.0
2022-01-06 00:00:00-05:00,198.8000030517578,203.0,193.8000030517578,196.0,69515,0.0,0.0
2022-01-07 00:00:00-05:00,195.39999389648438,201.39999389648438,190.60000610351562,191.0,45945,0.0,0.0
2022-01-10 00:00:00-05:00,187.1999969482422,188.60000610351562,179.1999969482422,188.1999969482422,91755,0.0,0.0
2022-01-11 00:00:00-05:00,189.39999389648438,197.0,189.1999969482422,191.39999389648438,60785,0.0,0.0
2022-01-12 00:00:00-05:00,190.8000030517578,191.39999389648438,178.0,178.39999389648438,65910,0.0,0.0
2022-01-13 00:00:00-05:00,177.39999389648438,181.60000610351562,170.0,170.39999389648438,87695,0.0,0.0
2022-01-14 00:00:00-05:00,171.39999389648438,175.1999969482422,163.60000610351562,174.60000610351562,112565,0.0,0.0
2022-01-18 00:00:00-05:00,170.0,171.8000030517578,157.0,158.1999969482422,107155,0.0,0.0
2022-01-19 00:00:00-05:00,159.39999389648438,163.0,150.60000610351562,151.0,120440,0.0,0.0
2022-01-20 00:00:00-05:00,153.0,153.1999969482422,138.1999969482422,138.60000610351562,276550,0.0,0.0
2022-01-21 00:00:00-05:00,135.8000030517578,147.8000030517578,135.0,144.8000030517578,590135,0.0,0.0
2022-01-24 00:00:00-05:00,142.1999969482422,154.8000030517578,139.0,154.1999969482422,157640,0.0,0.0
2022-01-25 00:00:00-05:00,151.8000030517578,157.60000610351562,147.60000610351562,155.1999969482422,118455,0.0,0.0
2022-01-26 00:00:00-05:00,157.1999969482422,165.1999969482422,153.0,154.39999389648438,86135,0.0,0.0
2022-01-27 00:00:00-05:00,158.39999389648438,159.39999389648438,145.39999389648438,146.0,91900,0.0,0.0
2022-01-28 00:00:00-05:00,144.8000030517578,150.8000030517578,142.1999969482422,150.60000610351562,98225,0.0,0.0
2022-01-31 00:00:00-05:00,151.39999389648438,159.1999969482422,150.60000610351562,157.8000030517578,83630,0.0,0.0
2022-02-01 00:00:00-05:00,157.0,158.39999389648438,150.1999969482422,156.0,107735,0.0,0.0
2022-02-02 00:00:00-05:00,156.0,156.39999389648438,144.60000610351562,145.39999389648438,116655,0.0,0.0
2022-02-03 00:00:00-05:00,147.1999969482422,150.39999389648438,136.39999389648438,137.0,128925,0.0,0.0
2022-02-04 00:00:00-05:00,135.8000030517578,138.39999389648438,133.39999389648438,136.1999969482422,99140,0.0,0.0
2022-02-07 00:00:00-05:00,137.0,144.1999969482422,137.0,142.8000030517578,75405,0.0,0.0
2022-02-08 00:00:00-05:00,141.8000030517578,144.8000030517578,137.1999969482422,140.60000610351562,64505,0.0,0.0
2022-02-09 00:00:00-05:00,143.0,147.8000030517578,142.39999389648438,147.1999969482422,90875,0.0,0.0
2022-02-10 00:00:00-05:00,146.1999969482422,150.0,135.60000610351562,138.1999969482422,191645,0.0,0.0
2022-02-11 00:00:00-05:00,138.1999969482422,140.39999389648438,130.1999969482422,131.39999389648438,67835,0.0,0.0
2022-02-14 00:00:00-05:00,131.8000030517578,134.39999389648438,127.80000305175781,128.1999969482422,59970,0.0,0.0
2022-02-15 00:00:00-05:00,131.60000610351562,136.39999389648438,129.8000030517578,135.60000610351562,73670,0.0,0.0
2022-02-16 00:00:00-05:00,133.8000030517578,134.60000610351562,127.80000305175781,129.8000030517578,120705,0.0,0.0
2022-02-17 00:00:00-05:00,128.39999389648438,129.0,121.80000305175781,123.19999694824219,101010,0.0,0.0
2022-02-18 00:00:00-05:00,123.4000015258789,124.4000015258789,121.19999694824219,122.5999984741211,77180,0.0,0.0
2022-02-22 00:00:00-05:00,121.5999984741211,126.4000015258789,120.4000015258789,122.19999694824219,71640,0.0,0.0
2022-02-23 00:00:00-05:00,123.0,125.0,115.4000015258789,115.80000305175781,76845,0.0,0.0
2022-02-24 00:00:00-05:00,112.19999694824219,123.80000305175781,110.19999694824219,123.4000015258789,88605,0.0,0.0
2022-02-25 00:00:00-05:00,122.80000305175781,124.0,120.0,123.4000015258789,63365,0.0,0.0
2022-02-28 00:00:00-05:00,118.5999984741211,123.5999984741211,117.5999984741211,120.80000305175781,102355,0.0,0.0
2022-03-01 00:00:00-05:00,119.5999984741211,122.19999694824219,111.4000015258789,112.4000015258789,109520,0.0,0.0
2022-03-02 00:00:00-05:00,113.0,114.80000305175781,109.4000015258789,110.80000305175781,90955,0.0,0.0
2022-03-03 00:00:00-05:00,111.5999984741211,112.5999984741211,103.0,104.19999694824219,90355,0.0,0.0
2022-03-04 00:00:00-05:00,102.4000015258789,105.80000305175781,99.4000015258789,100.0,79550,0.0,0.0
2022-03-07 00:00:00-05:00,83.4000015258789,92.5999984741211,83.19999694824219,89.0,297485,0.0,0.0
2022-03-08 00:00:00-05:00,89.0,96.19999694824219,85.80000305175781,92.4000015258789,154475,0.0,0.0
2022-03-09 00:00:00-05:00,93.19999694824219,98.5999984741211,92.80000305175781,96.80000305175781,143755,0.0,0.0
2022-03-10 00:00:00-05:00,94.5999984741211,95.4000015258789,87.19999694824219,89.5999984741211,98450,0.0,0.0
2022-03-11 00:00:00-05:00,89.80000305175781,92.5999984741211,87.5999984741211,87.5999984741211,114330,0.0,0.0
2022-03-14 00:00:00-04:00,87.0,90.19999694824219,80.80000305175781,81.4000015258789,250700,0.0,0.0
2022-03-15 00:00:00-04:00,81.4000015258789,90.0,81.4000015258789,89.4000015258789,123930,0.0,0.0
2022-03-16 00:00:00-04:00,90.4000015258789,94.0,87.5999984741211,94.0,157675,0.0,0.0
2022-03-17 00:00:00-04:00,93.19999694824219,102.4000015258789,92.0,100.0,201785,0.0,0.0
2022-03-18 00:00:00-04:00,99.0,102.19999694824219,97.5999984741211,99.80000305175781,546990,0.0,0.0
2022-03-21 00:00:00-04:00,98.80000305175781,100.80000305175781,95.4000015258789,96.19999694824219,129790,0.0,0.0
2022-03-22 00:00:00-04:00,96.80000305175781,103.0,96.19999694824219,102.4000015258789,130395,0.0,0.0
2022-03-23 00:00:00-04:00,101.5999984741211,105.80000305175781,99.4000015258789,99.5999984741211,93680,0.0,0.0
2022-03-24 00:00:00-04:00,101.19999694824219,101.80000305175781,99.4000015258789,101.5999984741211,70750,0.0,0.0
2022-03-25 00:00:00-04:00,101.80000305175781,102.4000015258789,98.4000015258789,99.5999984741211,81500,0.0,0.0
2022-03-28 00:00:00-04:00,100.19999694824219,102.80000305175781,96.19999694824219,98.80000305175781,110815,0.0,0.0
2022-03-29 00:00:00-04:00,100.80000305175781,104.4000015258789,100.80000305175781,104.0,101610,0.0,0.0
2022-03-30 00:00:00-04:00,103.5999984741211,105.0,98.4000015258789,98.5999984741211,67005,0.0,0.0
2022-03-31 00:00:00-04:00,99.5999984741211,99.5999984741211,96.4000015258789,97.0,65735,0.0,0.0
2022-04-01 00:00:00-04:00,96.5999984741211,99.4000015258789,95.19999694824219,99.19999694824219,82360,0.0,0.0
2022-04-04 00:00:00-04:00,100.4000015258789,106.19999694824219,99.4000015258789,104.5999984741211,94140,0.0,0.0
2022-04-05 00:00:00-04:00,103.5999984741211,105.4000015258789,100.19999694824219,100.5999984741211,85520,0.0,0.0
2022-04-06 00:00:00-04:00,96.5999984741211,100.0,96.0,99.19999694824219,91235,0.0,0.0
2022-04-07 00:00:00-04:00,98.4000015258789,100.4000015258789,94.0,95.4000015258789,60725,0.0,0.0
2022-04-08 00:00:00-04:00,96.0,96.80000305175781,93.4000015258789,94.4000015258789,62080,0.0,0.0
2022-04-11 00:00:00-04:00,93.0,93.80000305175781,89.0,90.0,84865,0.0,0.0
2022-04-12 00:00:00-04:00,91.4000015258789,93.5999984741211,87.4000015258789,88.5999984741211,60175,0.0,0.0
2022-04-13 00:00:00-04:00,89.0,97.5999984741211,89.0,97.19999694824219,112565,0.0,0.0
2022-04-14 00:00:00-04:00,96.5999984741211,97.5999984741211,90.19999694824219,90.80000305175781,66365,0.0,0.0
2022-04-18 00:00:00-04:00,91.5999984741211,91.5999984741211,82.19999694824219,83.0,116945,0.0,0.0
2022-04-19 00:00:00-04:00,83.80000305175781,87.4000015258789,81.4000015258789,84.4000015258789,85300,0.0,0.0
2022-04-20 00:00:00-04:00,84.5999984741211,86.5999984741211,82.19999694824219,84.5999984741211,68790,0.0,0.0
2022-04-21 00:00:00-04:00,85.4000015258789,86.80000305175781,80.19999694824219,80.19999694824219,114490,0.0,0.0
2022-04-22 00:00:00-04:00,80.5999984741211,82.5999984741211,77.5999984741211,78.0,144530,0.0,0.0
2022-04-25 00:00:00-04:00,77.0,83.0,77.0,82.4000015258789,110960,0.0,0.0
2022-04-26 00:00:00-04:00,82.0,84.0,76.19999694824219,76.19999694824219,129015,0.0,0.0
2022-04-27 00:00:00-04:00,75.19999694824219,78.19999694824219,73.0,73.80000305175781,137845,0.0,0.0
2022-04-28 00:00:00-04:00,75.4000015258789,76.80000305175781,69.19999694824219,75.5999984741211,99970,0.0,0.0
2022-04-29 00:00:00-04:00,75.5999984741211,79.0,72.0,72.5999984741211,119790,0.0,0.0
2022-05-02 00:00:00-04:00,72.19999694824219,79.19999694824219,72.19999694824219,79.0,126055,0.0,0.0
2022-05-03 00:00:00-04:00,78.80000305175781,81.4000015258789,77.19999694824219,80.80000305175781,76585,0.0,0.0
2022-05-04 00:00:00-04:00,81.4000015258789,89.0,78.19999694824219,88.5999984741211,133185,0.0,0.0
2022-05-05 00:00:00-04:00,85.4000015258789,88.19999694824219,78.80000305175781,81.19999694824219,117380,0.0,0.0
2022-05-06 00:00:00-04:00,77.80000305175781,79.0,72.4000015258789,74.5999984741211,126600,0.0,0.0
2022-05-09 00:00:00-04:00,73.0,73.5999984741211,66.0,66.5999984741211,125585,0.0,0.0
2022-05-10 00:00:00-04:00,75.80000305175781,79.5999984741211,68.0,77.0,196320,0.0,0.0
2022-05-11 00:00:00-04:00,76.0,76.19999694824219,62.400001525878906,64.19999694824219,172245,0.0,0.0
2022-05-12 00:00:00-04:00,63.0,68.19999694824219,62.20000076293945,67.4000015258789,147965,0.0,0.0
2022-05-13 00:00:00-04:00,69.19999694824219,72.5999984741211,67.5999984741211,71.4000015258789,110315,0.0,0.0
2022-05-16 00:00:00-04:00,70.5999984741211,72.19999694824219,67.5999984741211,67.80000305175781,71975,0.0,0.0
2022-05-17 00:00:00-04:00,69.5999984741211,73.19999694824219,68.80000305175781,72.4000015258789,108740,0.0,0.0
2022-05-18 00:00:00-04:00,69.19999694824219,70.5999984741211,65.4000015258789,66.5999984741211,124450,0.0,0.0
2022-05-19 00:00:00-04:00,65.0,68.4000015258789,64.5999984741211,67.0,99690,0.0,0.0
2022-05-20 00:00:00-04:00,68.0,69.0,61.599998474121094,65.4000015258789,112965,0.0,0.0
2022-05-23 00:00:00-04:00,66.4000015258789,66.80000305175781,63.599998474121094,64.0,61520,0.0,0.0
2022-05-24 00:00:00-04:00,62.20000076293945,62.400001525878906,58.400001525878906,58.79999923706055,128525,0.0,0.0
2022-05-25 00:00:00-04:00,58.79999923706055,61.0,57.79999923706055,60.0,94790,0.0,0.0
2022-05-26 00:00:00-04:00,60.0,65.80000305175781,59.599998474121094,63.20000076293945,95850,0.0,0.0
2022-05-27 00:00:00-04:00,63.0,66.0,59.79999923706055,65.5999984741211,115065,0.0,0.0
2022-05-31 00:00:00-04:00,65.5999984741211,69.19999694824219,63.79999923706055,64.0,270815,0.0,0.0
2022-06-01 00:00:00-04:00,64.5999984741211,64.5999984741211,58.599998474121094,59.400001525878906,124360,0.0,0.0
2022-06-02 00:00:00-04:00,59.0,62.400001525878906,57.400001525878906,61.599998474121094,115845,0.0,0.0
2022-06-03 00:00:00-04:00,60.79999923706055,64.5999984741211,60.79999923706055,63.20000076293945,111295,0.0,0.0
2022-06-06 00:00:00-04:00,65.0,65.80000305175781,58.79999923706055,59.599998474121094,130080,0.0,0.0
2022-06-07 00:00:00-04:00,59.0,72.4000015258789,58.599998474121094,72.19999694824219,248280,0.0,0.0
2022-06-08 00:00:00-04:00,72.0,76.5999984741211,70.19999694824219,74.5999984741211,161135,0.0,0.0
2022-06-09 00:00:00-04:00,74.5999984741211,74.5999984741211,74.5999984741211,74.5999984741211,25,0.0,0.0
2022-06-10 00:00:00-04:00,74.5999984741211,74.5999984741211,74.5999984741211,74.5999984741211,78450,0.0,0.0
2022-06-13 00:00:00-04:00,122.19999694824219,123.4000015258789,84.5999984741211,85.4000015258789,3573695,0.0,0.0
2022-06-14 00:00:00-04:00,85.0,87.5999984741211,69.80000305175781,71.5999984741211,991075,0.0,0.0
2022-06-15 00:00:00-04:00,72.4000015258789,72.80000305175781,66.19999694824219,69.5999984741211,516670,0.0,0.0
2022-06-16 00:00:00-04:00,66.5999984741211,67.19999694824219,58.400001525878906,61.20000076293945,541060,0.0,0.0
2022-06-17 00:00:00-04:00,64.80000305175781,85.80000305175781,63.20000076293945,71.19999694824219,3185885,0.0,0.0
2022-06-21 00:00:00-04:00,73.19999694824219,88.0,71.0,83.19999694824219,1045745,0.0,0.0
2022-06-22 00:00:00-04:00,80.5999984741211,94.4000015258789,78.19999694824219,89.19999694824219,759505,0.0,0.0
2022-06-23 00:00:00-04:00,80.0,85.80000305175781,76.0,85.5999984741211,554725,0.0,0.0
2022-06-24 00:00:00-04:00,85.0,89.80000305175781,80.4000015258789,88.0,385795,0.0,0.0
2022-06-27 00:00:00-04:00,87.80000305175781,88.0,81.4000015258789,85.80000305175781,266190,0.0,0.0
2022-06-28 00:00:00-04:00,84.5999984741211,84.5999984741211,78.0,80.80000305175781,386500,0.0,0.0
2022-06-29 00:00:00-04:00,80.19999694824219,93.19999694824219,77.80000305175781,91.5999984741211,620960,0.0,0.0
2022-06-30 00:00:00-04:00,89.19999694824219,90.80000305175781,82.4000015258789,82.80000305175781,320935,0.0,0.0
2022-07-01 00:00:00-04:00,82.80000305175781,86.5999984741211,81.4000015258789,85.5999984741211,199885,0.0,0.0
2022-07-05 00:00:00-04:00,85.19999694824219,107.0,84.4000015258789,101.0,1224555,0.0,0.0
2022-07-06 00:00:00-04:00,101.0,103.0,94.0,96.4000015258789,380160,0.0,0.0
2022-07-07 00:00:00-04:00,96.0,103.0,95.19999694824219,100.4000015258789,254825,0.0,0.0
2022-07-08 00:00:00-04:00,100.0,109.4000015258789,97.19999694824219,103.0,340610,0.0,0.0
2022-07-11 00:00:00-04:00,101.4000015258789,103.19999694824219,96.4000015258789,98.4000015258789,190855,0.0,0.0
2022-07-12 00:00:00-04:00,99.0,104.0,91.80000305175781,103.5999984741211,216340,0.0,0.0
2022-07-13 00:00:00-04:00,100.0,108.80000305175781,98.5999984741211,105.4000015258789,267690,0.0,0.0
2022-07-14 00:00:00-04:00,103.80000305175781,104.4000015258789,98.4000015258789,98.80000305175781,188030,0.0,0.0
2022-07-15 00:00:00-04:00,99.0,100.4000015258789,93.80000305175781,96.19999694824219,258015,0.0,0.0
2022-07-18 00:00:00-04:00,97.0,99.19999694824219,90.5999984741211,91.19999694824219,174690,0.0,0.0
2022-07-19 00:00:00-04:00,92.5999984741211,97.4000015258789,91.5999984741211,95.80000305175781,149280,0.0,0.0
2022-07-20 00:00:00-04:00,96.19999694824219,104.4000015258789,95.5999984741211,100.19999694824219,239105,0.0,0.0
2022-07-21 00:00:00-04:00,100.19999694824219,100.80000305175781,97.19999694824219,98.80000305175781,115230,0.0,0.0
2022-07-22 00:00:00-04:00,100.0,100.0,91.4000015258789,91.5999984741211,137055,0.0,0.0
2022-07-25 00:00:00-04:00,92.0,93.4000015258789,88.5999984741211,91.5999984741211,123780,0.0,0.0
2022-07-26 00:00:00-04:00,90.4000015258789,92.19999694824219,86.4000015258789,89.5999984741211,116255,0.0,0.0
2022-07-27 00:00:00-04:00,91.4000015258789,91.80000305175781,87.5999984741211,91.0,127650,0.0,0.0
2022-07-28 00:00:00-04:00,91.80000305175781,93.0,84.19999694824219,84.4000015258789,204160,0.0,0.0
2022-07-29 00:00:00-04:00,84.0,85.80000305175781,79.4000015258789,81.0,286040,0.0,0.0
2022-08-01 00:00:00-04:00,81.0,81.19999694824219,74.80000305175781,75.0,246010,0.0,0.0
2022-08-02 00:00:00-04:00,78.4000015258789,82.0,78.4000015258789,81.0,345390,0.0,0.0
2022-08-03 00:00:00-04:00,83.80000305175781,87.19999694824219,83.5999984741211,84.4000015258789,428375,0.0,0.0
2022-08-04 00:00:00-04:00,84.5999984741211,92.80000305175781,84.5999984741211,91.5999984741211,319020,0.0,0.0
2022-08-05 00:00:00-04:00,91.5999984741211,118.5999984741211,88.80000305175781,111.80000305175781,1140900,0.0,0.0
2022-08-08 00:00:00-04:00,117.19999694824219,127.0,112.19999694824219,126.80000305175781,532990,0.0,0.0
2022-08-09 00:00:00-04:00,121.19999694824219,122.19999694824219,109.80000305175781,110.0,335970,0.0,0.0
2022-08-10 00:00:00-04:00,114.80000305175781,118.80000305175781,111.19999694824219,118.5999984741211,271400,0.0,0.0
2022-08-11 00:00:00-04:00,120.0,139.1999969482422,120.0,126.19999694824219,470055,0.0,0.0
2022-08-12 00:00:00-04:00,127.80000305175781,140.0,126.5999984741211,134.39999389648438,367975,0.0,0.0
2022-08-15 00:00:00-04:00,139.60000610351562,144.8000030517578,133.60000610351562,136.60000610351562,347230,0.0,0.0
2022-08-16 00:00:00-04:00,135.0,137.1999969482422,128.60000610351562,131.60000610351562,245965,0.0,0.0
2022-08-17 00:00:00-04:00,125.80000305175781,163.60000610351562,122.5999984741211,135.60000610351562,1419225,0.0,0.0
2022-08-18 00:00:00-04:00,142.8000030517578,144.0,110.0,116.19999694824219,1547445,0.0,0.0
2022-08-19 00:00:00-04:00,109.4000015258789,120.4000015258789,108.80000305175781,119.4000015258789,496175,0.0,0.0
2022-08-22 00:00:00-04:00,115.80000305175781,128.8000030517578,114.0,118.19999694824219,421865,0.0,0.0
2022-08-23 00:00:00-04:00,117.5999984741211,122.0,110.0,117.80000305175781,416845,0.0,0.0
2022-08-24 00:00:00-04:00,115.4000015258789,127.19999694824219,114.5999984741211,126.0,514475,0.0,0.0
2022-08-25 00:00:00-04:00,127.0,129.0,120.0,122.80000305175781,353905,0.0,0.0
2022-08-26 00:00:00-04:00,123.4000015258789,125.19999694824219,117.4000015258789,118.5999984741211,276595,0.0,0.0
2022-08-29 00:00:00-04:00,117.0,123.80000305175781,115.4000015258789,118.0,229735,0.0,0.0
2022-08-30 00:00:00-04:00,118.5999984741211,119.4000015258789,112.0,115.0,210445,0.0,0.0
2022-08-31 00:00:00-04:00,115.0,119.0,113.80000305175781,116.80000305175781,168370,0.0,0.0
2022-09-01 00:00:00-04:00,117.80000305175781,135.60000610351562,116.19999694824219,131.0,398795,0.0,0.0
2022-09-02 00:00:00-04:00,133.1999969482422,141.1999969482422,125.80000305175781,136.60000610351562,395895,0.0,0.0
2022-09-06 00:00:00-04:00,137.8000030517578,138.60000610351562,126.5999984741211,127.4000015258789,316790,0.0,0.0
2022-09-07 00:00:00-04:00,126.5999984741211,137.39999389648438,125.5999984741211,137.1999969482422,230825,0.0,0.0
2022-09-08 00:00:00-04:00,136.39999389648438,148.39999389648438,135.60000610351562,142.1999969482422,481985,0.0,0.0
2022-09-09 00:00:00-04:00,142.1999969482422,146.1999969482422,139.1999969482422,142.8000030517578,206435,0.0,0.0
2022-09-12 00:00:00-04:00,140.8000030517578,146.8000030517578,136.0,146.1999969482422,365175,0.0,0.0
2022-09-13 00:00:00-04:00,139.39999389648438,142.8000030517578,132.0,132.60000610351562,377840,0.0,0.0
2022-09-14 00:00:00-04:00,134.60000610351562,142.0,130.60000610351562,140.60000610351562,332455,0.0,0.0
2022-09-15 00:00:00-04:00,138.39999389648438,143.39999389648438,135.0,141.8000030517578,269785,0.0,0.0
2022-09-16 00:00:00-04:00,139.1999969482422,139.39999389648438,123.19999694824219,126.80000305175781,1248185,0.0,0.0
2022-09-19 00:00:00-04:00,132.60000610351562,133.1999969482422,108.4000015258789,118.5999984741211,1556020,0.0,0.0
2022-09-20 00:00:00-04:00,116.19999694824219,139.39999389648438,115.80000305175781,137.1999969482422,1084130,0.0,0.0
2022-09-21 00:00:00-04:00,133.0,133.8000030517578,123.0,123.4000015258789,462710,0.0,0.0
2022-09-22 00:00:00-04:00,123.4000015258789,123.4000015258789,116.19999694824219,119.4000015258789,329020,0.0,0.0
2022-09-23 00:00:00-04:00,117.0,119.19999694824219,110.80000305175781,112.4000015258789,314760,0.0,0.0
2022-09-26 00:00:00-04:00,107.80000305175781,113.80000305175781,102.80000305175781,103.19999694824219,305970,0.0,0.0
2022-09-27 00:00:00-04:00,105.19999694824219,112.80000305175781,103.80000305175781,109.0,297150,0.0,0.0
2022-09-28 00:00:00-04:00,109.4000015258789,116.4000015258789,108.4000015258789,115.4000015258789,257710,0.0,0.0
2022-09-29 00:00:00-04:00,112.5999984741211,116.80000305175781,111.5999984741211,114.0,240635,0.0,0.0
2022-09-30 00:00:00-04:00,113.19999694824219,131.39999389648438,113.19999694824219,126.5999984741211,516935,0.0,0.0
2022-10-03 00:00:00-04:00,129.0,129.60000610351562,119.19999694824219,122.5999984741211,271720,0.0,0.0
2022-10-04 00:00:00-04:00,124.80000305175781,135.8000030517578,124.80000305175781,135.8000030517578,337845,0.0,0.0
2022-10-05 00:00:00-04:00,132.0,143.8000030517578,130.60000610351562,139.60000610351562,333435,0.0,0.0
2022-10-06 00:00:00-04:00,138.60000610351562,152.8000030517578,135.8000030517578,150.8000030517578,351030,0.0,0.0
2022-10-07 00:00:00-04:00,147.8000030517578,149.39999389648438,137.8000030517578,138.39999389648438,273215,0.0,0.0
2022-10-10 00:00:00-04:00,136.1999969482422,138.1999969482422,131.0,132.39999389648438,152200,0.0,0.0
2022-10-11 00:00:00-04:00,131.8000030517578,143.0,128.60000610351562,137.8000030517578,266385,0.0,0.0
2022-10-12 00:00:00-04:00,136.1999969482422,138.8000030517578,132.39999389648438,135.39999389648438,168565,0.0,0.0
2022-10-13 00:00:00-04:00,130.1999969482422,138.39999389648438,129.1999969482422,136.60000610351562,156355,0.0,0.0
2022-10-14 00:00:00-04:00,138.8000030517578,142.39999389648438,127.5999984741211,127.80000305175781,176635,0.0,0.0
2022-10-17 00:00:00-04:00,131.60000610351562,135.39999389648438,127.80000305175781,134.0,180795,0.0,0.0
2022-10-18 00:00:00-04:00,136.39999389648438,139.1999969482422,131.39999389648438,133.60000610351562,131305,0.0,0.0
2022-10-19 00:00:00-04:00,134.60000610351562,136.0,120.19999694824219,121.4000015258789,211310,0.0,0.0
2022-10-20 00:00:00-04:00,121.4000015258789,126.0,118.0,119.4000015258789,155295,0.0,0.0
2022-10-21 00:00:00-04:00,119.19999694824219,121.0,115.19999694824219,119.5999984741211,185160,0.0,0.0
2022-10-24 00:00:00-04:00,119.5999984741211,119.5999984741211,111.0,115.4000015258789,162790,0.0,0.0
2022-10-25 00:00:00-04:00,116.80000305175781,125.5999984741211,116.19999694824219,123.4000015258789,193815,0.0,0.0
2022-10-26 00:00:00-04:00,123.0,133.39999389648438,122.80000305175781,125.4000015258789,205130,0.0,0.0
2022-10-27 00:00:00-04:00,124.0,128.0,117.4000015258789,120.19999694824219,199510,0.0,0.0
2022-10-28 00:00:00-04:00,121.0,125.0,115.80000305175781,124.80000305175781,194850,0.0,0.0
2022-10-31 00:00:00-04:00,123.80000305175781,128.0,122.4000015258789,125.4000015258789,170810,0.0,0.0
2022-11-01 00:00:00-04:00,128.0,131.60000610351562,124.80000305175781,127.0,137215,0.0,0.0
2022-11-02 00:00:00-04:00,126.0,132.39999389648438,121.0,126.19999694824219,172160,0.0,0.0
2022-11-03 00:00:00-04:00,124.4000015258789,129.8000030517578,122.4000015258789,125.4000015258789,112860,0.0,0.0
2022-11-04 00:00:00-04:00,128.0,131.1999969482422,118.0,122.5999984741211,187450,0.0,0.0
2022-11-07 00:00:00-05:00,124.0,138.39999389648438,121.5999984741211,136.1999969482422,251105,0.0,0.0
2022-11-08 00:00:00-05:00,135.39999389648438,150.8000030517578,132.0,147.39999389648438,417695,0.0,0.0
2022-11-09 00:00:00-05:00,144.0,144.1999969482422,124.4000015258789,124.4000015258789,243595,0.0,0.0
2022-11-10 00:00:00-05:00,132.0,143.60000610351562,125.80000305175781,141.8000030517578,313590,0.0,0.0
2022-11-11 00:00:00-05:00,139.0,153.60000610351562,139.0,150.39999389648438,283665,0.0,0.0
2022-11-14 00:00:00-05:00,148.1999969482422,160.60000610351562,147.1999969482422,153.39999389648438,268625,0.0,0.0
2022-11-15 00:00:00-05:00,158.0,162.8000030517578,150.0,154.0,252040,0.0,0.0
2022-11-16 00:00:00-05:00,152.60000610351562,155.0,142.39999389648438,142.8000030517578,144400,0.0,0.0
2022-11-17 00:00:00-05:00,140.0,140.8000030517578,134.0,140.39999389648438,130560,0.0,0.0
2022-11-18 00:00:00-05:00,144.39999389648438,145.0,136.60000610351562,139.60000610351562,137640,0.0,0.0
2022-11-21 00:00:00-05:00,137.8000030517578,137.8000030517578,132.8000030517578,133.1999969482422,102090,0.0,0.0
2022-11-22 00:00:00-05:00,135.0,143.0,129.60000610351562,142.60000610351562,111865,0.0,0.0
2022-11-23 00:00:00-05:00,142.60000610351562,154.0,142.60000610351562,150.39999389648438,151755,0.0,0.0
2022-11-25 00:00:00-05:00,148.1999969482422,152.1999969482422,144.60000610351562,151.8000030517578,52160,0.0,0.0
2022-11-28 00:00:00-05:00,150.8000030517578,155.0,145.39999389648438,147.39999389648438,114820,0.0,0.0
2022-11-29 00:00:00-05:00,148.8000030517578,154.8000030517578,145.60000610351562,153.0,134540,0.0,0.0
2022-11-30 00:00:00-05:00,154.0,159.8000030517578,149.0,155.8000030517578,279405,0.0,0.0
2022-12-01 00:00:00-05:00,157.39999389648438,158.1999969482422,149.8000030517578,152.1999969482422,101350,0.0,0.0
2022-12-02 00:00:00-05:00,148.8000030517578,170.0,148.0,169.8000030517578,279955,0.0,0.0
2022-12-05 00:00:00-05:00,170.0,171.60000610351562,157.1999969482422,160.1999969482422,180965,0.0,0.0
2022-12-06 00:00:00-05:00,161.1999969482422,162.8000030517578,155.1999969482422,156.60000610351562,131505,0.0,0.0
2022-12-07 00:00:00-05:00,156.1999969482422,161.39999389648438,152.60000610351562,158.8000030517578,98020,0.0,0.0
2022-12-08 00:00:00-05:00,160.1999969482422,162.60000610351562,155.39999389648438,156.8000030517578,91600,0.0,0.0
2022-12-09 00:00:00-05:00,157.39999389648438,157.39999389648438,149.1999969482422,149.8000030517578,105955,0.0,0.0
2022-12-12 00:00:00-05:00,150.0,164.1999969482422,146.60000610351562,161.39999389648438,160350,0.0,0.0
2022-12-13 00:00:00-05:00,166.1999969482422,166.1999969482422,154.8000030517578,163.60000610351562,158410,0.0,0.0
2022-12-14 00:00:00-05:00,162.39999389648438,169.0,158.1999969482422,167.39999389648438,158080,0.0,0.0
2022-12-15 00:00:00-05:00,165.60000610351562,168.1999969482422,154.0,155.60000610351562,169840,0.0,0.0
2022-12-16 00:00:00-05:00,151.8000030517578,156.1999969482422,147.0,154.0,297630,0.0,0.0
2022-12-19 00:00:00-05:00,154.0,156.0,134.60000610351562,143.60000610351562,215135,0.0,0.0
2022-12-20 00:00:00-05:00,142.60000610351562,149.60000610351562,142.39999389648438,148.39999389648438,112930,0.0,0.0
2022-12-21 00:00:00-05:00,150.60000610351562,161.60000610351562,148.39999389648438,155.1999969482422,150230,0.0,0.0
2022-12-22 00:00:00-05:00,153.1999969482422,154.39999389648438,145.1999969482422,149.39999389648438,111100,0.0,0.0
2022-12-23 00:00:00-05:00,148.39999389648438,149.1999969482422,142.0,143.60000610351562,92915,0.0,0.0
2022-12-27 00:00:00-05:00,143.60000610351562,146.0,135.1999969482422,136.0,146860,0.0,0.0
2022-12-28 00:00:00-05:00,135.39999389648438,139.60000610351562,129.60000610351562,131.8000030517578,175575,0.0,0.0
2022-12-29 00:00:00-05:00,133.39999389648438,139.60000610351562,130.0,137.60000610351562,140970,0.0,0.0
2022-12-30 00:00:00-05:00,135.1999969482422,138.60000610351562,133.39999389648438,138.39999389648438,138010,0.0,0.0
2023-01-03 00:00:00-05:00,141.1999969482422,145.8000030517578,138.39999389648438,138.8000030517578,138130,0.0,0.0
2023-01-04 00:00:00-05:00,140.1999969482422,152.60000610351562,139.0,152.1999969482422,140680,0.0,0.0
2023-01-05 00:00:00-05:00,151.39999389648438,162.8000030517578,149.60000610351562,157.60000610351562,183140,0.0,0.0
2023-01-06 00:00:00-05:00,158.8000030517578,160.8000030517578,151.8000030517578,157.1999969482422,115660,0.0,0.0
2023-01-09 00:00:00-05:00,159.0,159.8000030517578,149.0,150.8000030517578,156440,0.0,0.0
2023-01-10 00:00:00-05:00,151.8000030517578,159.60000610351562,151.8000030517578,155.8000030517578,153050,0.0,0.0
2023-01-11 00:00:00-05:00,155.1999969482422,164.39999389648438,152.0,160.1999969482422,308525,0.0,0.0
2023-01-12 00:00:00-05:00,161.0,165.1999969482422,153.1999969482422,164.39999389648438,161185,0.0,0.0
2023-01-13 00:00:00-05:00,162.1999969482422,170.39999389648438,153.0,157.8000030517578,206280,0.0,0.0
2023-01-17 00:00:00-05:00,155.39999389648438,155.60000610351562,143.0,145.60000610351562,209100,0.0,0.0
2023-01-18 00:00:00-05:00,132.39999389648438,139.0,120.4000015258789,120.5999984741211,484960,0.0,0.0
2023-01-19 00:00:00-05:00,122.80000305175781,123.80000305175781,117.4000015258789,118.4000015258789,580820,0.0,0.0
2023-01-20 00:00:00-05:00,118.5999984741211,126.0,113.5999984741211,124.0,344400,0.0,0.0
2023-01-23 00:00:00-05:00,124.80000305175781,128.39999389648438,120.5999984741211,123.80000305175781,270840,0.0,0.0
2023-01-24 00:00:00-05:00,123.19999694824219,132.0,123.19999694824219,130.60000610351562,224370,0.0,0.0
2023-01-25 00:00:00-05:00,127.4000015258789,128.8000030517578,124.0,126.5999984741211,107830,0.0,0.0
2023-01-26 00:00:00-05:00,126.19999694824219,127.0,121.4000015258789,124.5999984741211,165720,0.0,0.0
2023-01-27 00:00:00-05:00,124.0,130.0,123.0,125.5999984741211,133485,0.0,0.0
2023-01-30 00:00:00-05:00,123.0,124.19999694824219,120.0,122.19999694824219,160375,0.0,0.0
2023-01-31 00:00:00-05:00,123.0,128.39999389648438,123.0,127.0,162255,0.0,0.0
2023-02-01 00:00:00-05:00,126.80000305175781,129.60000610351562,122.80000305175781,127.5999984741211,144795,0.0,0.0
2023-02-02 00:00:00-05:00,130.0,134.60000610351562,125.5999984741211,132.60000610351562,239445,0.0,0.0
2023-02-03 00:00:00-05:00,128.0,136.39999389648438,127.4000015258789,133.0,150505,0.0,0.0
2023-02-06 00:00:00-05:00,133.1999969482422,133.60000610351562,129.60000610351562,133.1999969482422,90895,0.0,0.0
2023-02-07 00:00:00-05:00,133.39999389648438,135.0,130.8000030517578,133.8000030517578,111550,0.0,0.0
2023-02-08 00:00:00-05:00,133.1999969482422,133.1999969482422,124.19999694824219,124.80000305175781,128895,0.0,0.0
2023-02-09 00:00:00-05:00,125.19999694824219,126.80000305175781,120.5999984741211,121.5999984741211,127035,0.0,0.0
2023-02-10 00:00:00-05:00,120.19999694824219,121.4000015258789,117.4000015258789,118.4000015258789,131370,0.0,0.0
2023-02-13 00:00:00-05:00,116.80000305175781,120.5999984741211,114.5999984741211,119.19999694824219,130090,0.0,0.0
2023-02-14 00:00:00-05:00,118.0,120.4000015258789,115.19999694824219,118.5999984741211,135805,0.0,0.0
2023-02-15 00:00:00-05:00,117.5999984741211,119.0,114.5999984741211,118.80000305175781,141920,0.0,0.0
2023-02-16 00:00:00-05:00,117.0,117.19999694824219,112.0,112.80000305175781,176400,0.0,0.0
2023-02-17 00:00:00-05:00,112.80000305175781,113.80000305175781,109.80000305175781,113.80000305175781,150635,0.0,0.0
2023-02-21 00:00:00-05:00,111.19999694824219,112.4000015258789,103.5999984741211,104.19999694824219,148410,0.0,0.0
2023-02-22 00:00:00-05:00,104.80000305175781,107.80000305175781,104.4000015258789,107.5999984741211,143690,0.0,0.0
2023-02-23 00:00:00-05:00,108.19999694824219,108.80000305175781,103.19999694824219,105.5999984741211,133625,0.0,0.0
2023-02-24 00:00:00-05:00,104.19999694824219,104.80000305175781,102.0,102.4000015258789,118895,0.0,0.0
2023-02-27 00:00:00-05:00,104.19999694824219,105.80000305175781,103.19999694824219,104.5999984741211,125770,0.0,0.0
2023-02-28 00:00:00-05:00,104.4000015258789,106.19999694824219,103.5999984741211,104.0,120200,0.0,0.0
2023-03-01 00:00:00-05:00,104.0,105.4000015258789,101.80000305175781,102.19999694824219,108265,0.0,0.0
2023-03-02 00:00:00-05:00,101.19999694824219,101.5999984741211,98.80000305175781,99.0,168585,0.0,0.0
2023-03-03 00:00:00-05:00,98.0,104.5999984741211,96.5999984741211,101.80000305175781,125090,0.0,0.0
2023-03-06 00:00:00-05:00,103.80000305175781,104.80000305175781,96.5999984741211,98.0,146025,0.0,0.0
2023-03-07 00:00:00-05:00,100.19999694824219,104.5999984741211,97.0,100.5999984741211,192410,0.0,0.0
2023-03-08 00:00:00-05:00,100.19999694824219,102.0,98.19999694824219,100.5999984741211,129910,0.0,0.0
2023-03-09 00:00:00-05:00,100.80000305175781,104.0,98.80000305175781,99.19999694824219,159270,0.0,0.0
2023-03-10 00:00:00-05:00,99.0,99.5999984741211,80.0,83.4000015258789,539310,0.0,0.0
2023-03-13 00:00:00-04:00,84.80000305175781,100.5999984741211,84.5999984741211,94.0,455005,0.0,0.0
2023-03-14 00:00:00-04:00,96.0,98.0,92.5999984741211,94.19999694824219,201745,0.0,0.0
2023-03-15 00:00:00-04:00,95.19999694824219,97.80000305175781,91.5999984741211,93.0,181480,0.0,0.0
2023-03-16 00:00:00-04:00,93.0,94.19999694824219,89.4000015258789,92.19999694824219,140275,0.0,0.0
2023-03-17 00:00:00-04:00,92.19999694824219,92.4000015258789,87.4000015258789,90.80000305175781,801185,0.0,0.0
2023-03-20 00:00:00-04:00,89.0,90.5999984741211,85.5999984741211,89.4000015258789,184535,0.0,0.0
2023-03-21 00:00:00-04:00,90.4000015258789,93.5999984741211,89.5999984741211,92.0,137420,0.0,0.0
2023-03-22 00:00:00-04:00,91.4000015258789,91.80000305175781,85.19999694824219,85.80000305175781,166720,0.0,0.0
2023-03-23 00:00:00-04:00,86.4000015258789,88.0,84.19999694824219,87.0,160180,0.0,0.0
2023-03-24 00:00:00-04:00,86.80000305175781,89.19999694824219,84.0,88.5999984741211,169685,0.0,0.0
2023-03-27 00:00:00-04:00,89.80000305175781,91.5999984741211,87.80000305175781,90.19999694824219,124340,0.0,0.0
2023-03-28 00:00:00-04:00,89.4000015258789,90.0,85.5999984741211,86.4000015258789,176135,0.0,0.0
2023-03-29 00:00:00-04:00,73.5999984741211,74.80000305175781,59.0,65.19999694824219,1008590,0.0,0.0
2023-03-30 00:00:00-04:00,66.19999694824219,68.5999984741211,60.400001525878906,62.79999923706055,426930,0.0,0.0
2023-03-31 00:00:00-04:00,63.0,64.80000305175781,62.0,63.599998474121094,287245,0.0,0.0
2023-04-03 00:00:00-04:00,63.0,66.4000015258789,62.79999923706055,66.0,239560,0.0,0.0
2023-04-04 00:00:00-04:00,66.19999694824219,66.80000305175781,61.599998474121094,62.400001525878906,226475,0.0,0.0
2023-04-05 00:00:00-04:00,62.400001525878906,63.0,60.599998474121094,61.400001525878906,179220,0.0,0.0
2023-04-06 00:00:00-04:00,61.599998474121094,63.599998474121094,60.599998474121094,62.0,166965,0.0,0.0
2023-04-10 00:00:00-04:00,61.599998474121094,61.599998474121094,58.20000076293945,58.79999923706055,230630,0.0,0.0
2023-04-11 00:00:00-04:00,59.20000076293945,61.400001525878906,59.20000076293945,59.79999923706055,183580,0.0,0.0
2023-04-12 00:00:00-04:00,60.400001525878906,61.0,55.599998474121094,55.79999923706055,205760,0.0,0.0
2023-04-13 00:00:00-04:00,58.79999923706055,69.19999694824219,58.0,65.4000015258789,687575,0.0,0.0
2023-04-14 00:00:00-04:00,64.80000305175781,65.4000015258789,62.0,62.400001525878906,203620,0.0,0.0
2023-04-17 00:00:00-04:00,63.79999923706055,70.4000015258789,63.20000076293945,67.80000305175781,249290,0.0,0.0
2023-04-18 00:00:00-04:00,69.0,70.4000015258789,64.19999694824219,67.19999694824219,181535,0.0,0.0
2023-04-19 00:00:00-04:00,66.5999984741211,70.19999694824219,65.4000015258789,68.80000305175781,120670,0.0,0.0
2023-04-20 00:00:00-04:00,68.4000015258789,69.80000305175781,66.19999694824219,66.5999984741211,146420,0.0,0.0
2023-04-21 00:00:00-04:00,66.80000305175781,69.5999984741211,66.4000015258789,68.5999984741211,132430,0.0,0.0
2023-04-24 00:00:00-04:00,74.80000305175781,75.0,65.19999694824219,68.80000305175781,365160,0.0,0.0
2023-04-25 00:00:00-04:00,68.5999984741211,75.5999984741211,67.80000305175781,73.4000015258789,303845,0.0,0.0
2023-04-26 00:00:00-04:00,74.0,76.0,71.80000305175781,73.5999984741211,160870,0.0,0.0
2023-04-27 00:00:00-04:00,74.80000305175781,75.0,69.80000305175781,73.5999984741211,203385,0.0,0.0
2023-04-28 00:00:00-04:00,76.80000305175781,92.4000015258789,75.19999694824219,87.0,463245,0.0,0.0
2023-05-01 00:00:00-04:00,87.19999694824219,90.19999694824219,83.19999694824219,87.4000015258789,228500,0.0,0.0
2023-05-02 00:00:00-04:00,88.0,88.5999984741211,80.0,82.4000015258789,217415,0.0,0.0
2023-05-03 00:00:00-04:00,83.19999694824219,84.0,80.5999984741211,81.4000015258789,192735,0.0,0.0
2023-05-04 00:00:00-04:00,80.80000305175781,87.19999694824219,79.80000305175781,85.80000305175781,186720,0.0,0.0
2023-05-05 00:00:00-04:00,87.0,89.80000305175781,85.19999694824219,87.4000015258789,182560,0.0,0.0
2023-05-08 00:00:00-04:00,88.0,89.0,84.19999694824219,87.0,121845,0.0,0.0
2023-05-09 00:00:00-04:00,84.19999694824219,102.80000305175781,81.4000015258789,98.0,279575,0.0,0.0
2023-05-10 00:00:00-04:00,95.4000015258789,101.4000015258789,93.19999694824219,100.5999984741211,260825,0.0,0.0
2023-05-11 00:00:00-04:00,101.19999694824219,104.0,93.5999984741211,95.0,239105,0.0,0.0
2023-05-12 00:00:00-04:00,95.0,95.0,85.4000015258789,86.80000305175781,175675,0.0,0.0
2023-05-15 00:00:00-04:00,88.4000015258789,90.5999984741211,81.5999984741211,82.4000015258789,220310,0.0,0.0
2023-05-16 00:00:00-04:00,80.4000015258789,80.5999984741211,72.5999984741211,73.5999984741211,350730,0.0,0.0
2023-05-17 00:00:00-04:00,74.5999984741211,78.80000305175781,71.0,78.0,237170,0.0,0.0
2023-05-18 00:00:00-04:00,77.4000015258789,77.4000015258789,73.19999694824219,75.5999984741211,186880,0.0,0.0
2023-05-19 00:00:00-04:00,76.4000015258789,78.19999694824219,74.5999984741211,74.80000305175781,113825,0.0,0.0
2023-05-22 00:00:00-04:00,74.5999984741211,77.4000015258789,73.80000305175781,74.80000305175781,161385,0.0,0.0
2023-05-23 00:00:00-04:00,74.80000305175781,78.4000015258789,73.5999984741211,74.0,179430,0.0,0.0
2023-05-24 00:00:00-04:00,74.4000015258789,75.19999694824219,70.19999694824219,72.19999694824219,155795,0.0,0.0
2023-05-25 00:00:00-04:00,72.4000015258789,72.4000015258789,67.19999694824219,69.5999984741211,174015,0.0,0.0
2023-05-26 00:00:00-04:00,69.19999694824219,72.19999694824219,68.80000305175781,71.19999694824219,128510,0.0,0.0
2023-05-30 00:00:00-04:00,71.80000305175781,73.5999984741211,64.5999984741211,66.19999694824219,152625,0.0,0.0
2023-05-31 00:00:00-04:00,64.0,69.80000305175781,64.0,67.0,188440,0.0,0.0
2023-06-01 00:00:00-04:00,72.5999984741211,73.0,67.19999694824219,70.80000305175781,186830,0.0,0.0
2023-06-02 00:00:00-04:00,71.4000015258789,72.80000305175781,68.0,72.5999984741211,177090,0.0,0.0
2023-06-05 00:00:00-04:00,72.19999694824219,75.19999694824219,70.4000015258789,74.19999694824219,206215,0.0,0.0
2023-06-06 00:00:00-04:00,74.19999694824219,75.80000305175781,71.80000305175781,74.5999984741211,163915,0.0,0.0
2023-06-07 00:00:00-04:00,75.0,75.80000305175781,72.0,74.4000015258789,179015,0.0,0.0
2023-06-08 00:00:00-04:00,74.80000305175781,75.80000305175781,73.0,75.19999694824219,183540,0.0,0.0
2023-06-09 00:00:00-04:00,75.5999984741211,75.5999984741211,72.4000015258789,73.0,143780,0.0,0.0
2023-06-12 00:00:00-04:00,74.0,74.19999694824219,68.80000305175781,70.0,201465,0.0,0.0
2023-06-13 00:00:00-04:00,70.80000305175781,75.0,69.80000305175781,74.19999694824219,222225,0.0,0.0
2023-06-14 00:00:00-04:00,75.4000015258789,80.80000305175781,74.19999694824219,77.19999694824219,255335,0.0,0.0
2023-06-15 00:00:00-04:00,76.80000305175781,80.80000305175781,75.0,79.80000305175781,190090,0.0,0.0
2023-06-16 00:00:00-04:00,80.80000305175781,81.0,75.4000015258789,76.19999694824219,222460,0.0,0.0
2023-06-20 00:00:00-04:00,76.5999984741211,76.5999984741211,69.0,70.19999694824219,231990,0.0,0.0
2023-06-21 00:00:00-04:00,70.80000305175781,71.5999984741211,65.4000015258789,68.4000015258789,293555,0.0,0.0
2023-06-22 00:00:00-04:00,68.4000015258789,69.80000305175781,66.80000305175781,67.19999694824219,137425,0.0,0.0
2023-06-23 00:00:00-04:00,66.5999984741211,68.19999694824219,65.4000015258789,67.5999984741211,170105,0.0,0.0
2023-06-26 00:00:00-04:00,66.80000305175781,67.5999984741211,64.5999984741211,64.80000305175781,122710,0.0,0.0
2023-06-27 00:00:00-04:00,64.80000305175781,68.19999694824219,62.79999923706055,66.80000305175781,161745,0.0,0.0
2023-06-28 00:00:00-04:00,66.80000305175781,68.0,65.19999694824219,67.80000305175781,147045,0.0,0.0
2023-06-29 00:00:00-04:00,67.80000305175781,68.19999694824219,64.19999694824219,64.4000015258789,167380,0.0,0.0
2023-06-30 00:00:00-04:00,65.4000015258789,66.80000305175781,64.19999694824219,65.80000305175781,137735,0.0,0.0
2023-07-03 00:00:00-04:00,65.80000305175781,67.80000305175781,65.19999694824219,66.80000305175781,73405,0.0,0.0
2023-07-05 00:00:00-04:00,66.80000305175781,67.80000305175781,65.80000305175781,66.5999984741211,86375,0.0,0.0
2023-07-06 00:00:00-04:00,66.0,66.4000015258789,63.400001525878906,65.19999694824219,154920,0.0,0.0
2023-07-07 00:00:00-04:00,64.80000305175781,68.80000305175781,64.80000305175781,68.4000015258789,156345,0.0,0.0
2023-07-10 00:00:00-04:00,68.19999694824219,72.80000305175781,68.19999694824219,72.5999984741211,177515,0.0,0.0
2023-07-11 00:00:00-04:00,72.4000015258789,73.4000015258789,70.19999694824219,72.5999984741211,144390,0.0,0.0
2023-07-12 00:00:00-04:00,74.19999694824219,74.4000015258789,71.80000305175781,73.0,113640,0.0,0.0
2023-07-13 00:00:00-04:00,73.4000015258789,74.0,65.80000305175781,66.19999694824219,280875,0.0,0.0
2023-07-14 00:00:00-04:00,66.5999984741211,66.5999984741211,59.599998474121094,60.599998474121094,344925,0.0,0.0
2023-07-17 00:00:00-04:00,60.79999923706055,65.0,60.400001525878906,62.20000076293945,147580,0.0,0.0
2023-07-18 00:00:00-04:00,62.599998474121094,65.5999984741211,61.79999923706055,63.0,113010,0.0,0.0
2023-07-19 00:00:00-04:00,69.19999694824219,80.19999694824219,67.5999984741211,73.4000015258789,1078775,0.0,0.0
2023-07-20 00:00:00-04:00,74.5999984741211,77.80000305175781,69.5999984741211,70.19999694824219,394845,0.0,0.0
2023-07-21 00:00:00-04:00,71.80000305175781,84.5999984741211,71.19999694824219,81.0,646180,0.0,0.0
2023-07-24 00:00:00-04:00,82.5999984741211,84.0,74.5999984741211,76.80000305175781,333465,0.0,0.0
2023-07-25 00:00:00-04:00,76.80000305175781,82.0,75.0,75.4000015258789,186585,0.0,0.0
2023-07-26 00:00:00-04:00,75.0,79.5999984741211,75.0,79.19999694824219,173175,0.0,0.0
2023-07-27 00:00:00-04:00,81.19999694824219,81.19999694824219,73.5999984741211,74.5999984741211,221995,0.0,0.0
2023-07-28 00:00:00-04:00,76.4000015258789,79.0,76.0,79.0,191245,0.0,0.0
2023-07-31 00:00:00-04:00,78.80000305175781,82.5999984741211,77.5999984741211,78.5999984741211,137340,0.0,0.0
2023-08-01 00:00:00-04:00,76.80000305175781,77.4000015258789,73.4000015258789,74.5999984741211,160245,0.0,0.0
2023-08-02 00:00:00-04:00,73.80000305175781,77.0,71.80000305175781,76.5999984741211,149800,0.0,0.0
2023-08-03 00:00:00-04:00,75.5999984741211,79.19999694824219,74.19999694824219,76.5999984741211,157590,0.0,0.0
2023-08-04 00:00:00-04:00,78.19999694824219,79.5999984741211,76.0,77.5999984741211,150155,0.0,0.0
2023-08-07 00:00:00-04:00,78.19999694824219,78.19999694824219,71.80000305175781,72.0,202860,0.0,0.0
2023-08-08 00:00:00-04:00,70.5999984741211,87.5999984741211,69.19999694824219,77.80000305175781,561970,0.0,0.0
2023-08-09 00:00:00-04:00,80.0,85.19999694824219,68.5999984741211,70.80000305175781,362820,0.0,0.0
2023-08-10 00:00:00-04:00,72.0,75.0,66.80000305175781,67.5999984741211,183325,0.0,0.0
2023-08-11 00:00:00-04:00,66.4000015258789,67.80000305175781,64.5999984741211,65.19999694824219,180055,0.0,0.0
2023-08-14 00:00:00-04:00,65.0,70.4000015258789,62.20000076293945,69.19999694824219,262470,0.0,0.0
2023-08-15 00:00:00-04:00,69.0,72.80000305175781,67.19999694824219,72.4000015258789,259715,0.0,0.0
2023-08-16 00:00:00-04:00,71.19999694824219,73.19999694824219,69.4000015258789,71.4000015258789,243445,0.0,0.0
2023-08-17 00:00:00-04:00,72.5999984741211,74.19999694824219,69.0,69.19999694824219,188070,0.0,0.0
2023-08-18 00:00:00-04:00,68.0,74.80000305175781,67.80000305175781,70.19999694824219,174735,0.0,0.0
2023-08-21 00:00:00-04:00,70.19999694824219,70.5999984741211,67.4000015258789,68.4000015258789,220280,0.0,0.0
2023-08-22 00:00:00-04:00,68.19999694824219,69.4000015258789,66.0,68.4000015258789,117880,0.0,0.0
2023-08-23 00:00:00-04:00,69.0,71.80000305175781,69.0,69.4000015258789,122645,0.0,0.0
2023-08-24 00:00:00-04:00,69.5999984741211,72.0,68.4000015258789,71.19999694824219,132860,0.0,0.0
2023-08-25 00:00:00-04:00,72.19999694824219,79.80000305175781,71.19999694824219,75.80000305175781,249415,0.0,0.0
2023-08-28 00:00:00-04:00,76.19999694824219,78.4000015258789,71.80000305175781,78.19999694824219,155245,0.0,0.0
2023-08-29 00:00:00-04:00,78.19999694824219,79.0,74.5999984741211,75.4000015258789,118160,0.0,0.0
2023-08-30 00:00:00-04:00,75.5999984741211,76.5999984741211,74.19999694824219,74.80000305175781,108440,0.0,0.0
2023-08-31 00:00:00-04:00,74.80000305175781,76.5999984741211,74.4000015258789,75.4000015258789,101070,0.0,0.0
2023-09-01 00:00:00-04:00,76.4000015258789,78.80000305175781,74.80000305175781,78.0,140345,0.0,0.0
2023-09-05 00:00:00-04:00,77.5999984741211,78.0,73.80000305175781,74.19999694824219,133475,0.0,0.0
2023-09-06 00:00:00-04:00,75.0,76.19999694824219,73.80000305175781,76.0,107505,0.0,0.0
2023-09-07 00:00:00-04:00,74.4000015258789,74.5999984741211,70.0,70.5999984741211,172865,0.0,0.0
2023-09-08 00:00:00-04:00,70.5999984741211,72.5999984741211,68.80000305175781,71.4000015258789,120385,0.0,0.0
2023-09-11 00:00:00-04:00,70.80000305175781,72.19999694824219,69.4000015258789,71.19999694824219,151455,0.0,0.0
2023-09-12 00:00:00-04:00,71.5999984741211,72.0,69.0,69.5999984741211,160140,0.0,0.0
2023-09-13 00:00:00-04:00,70.4000015258789,72.80000305175781,66.5999984741211,66.5999984741211,224095,0.0,0.0
2023-09-14 00:00:00-04:00,66.80000305175781,69.19999694824219,66.5999984741211,66.5999984741211,136645,0.0,0.0
2023-09-15 00:00:00-04:00,67.0,67.80000305175781,65.5999984741211,67.0,515330,0.0,0.0
2023-09-18 00:00:00-04:00,67.4000015258789,67.5999984741211,63.400001525878906,63.79999923706055,248585,0.0,0.0
2023-09-19 00:00:00-04:00,63.79999923706055,65.19999694824219,62.79999923706055,64.19999694824219,114450,0.0,0.0
2023-09-20 00:00:00-04:00,65.0,65.5999984741211,63.0,63.0,156015,0.0,0.0
2023-09-21 00:00:00-04:00,62.400001525878906,65.19999694824219,61.20000076293945,64.0,168740,0.0,0.0
2023-09-22 00:00:00-04:00,64.0,64.5999984741211,60.79999923706055,60.79999923706055,145170,0.0,0.0
2023-09-25 00:00:00-04:00,60.400001525878906,62.0,58.400001525878906,60.599998474121094,156065,0.0,0.0
2023-09-26 00:00:00-04:00,60.599998474121094,65.19999694824219,60.20000076293945,61.599998474121094,113805,0.0,0.0
2023-09-27 00:00:00-04:00,61.599998474121094,63.79999923706055,59.79999923706055,61.20000076293945,98765,0.0,0.0
2023-09-28 00:00:00-04:00,60.599998474121094,61.0,59.20000076293945,60.400001525878906,106510,0.0,0.0
2023-09-29 00:00:00-04:00,61.400001525878906,63.20000076293945,59.400001525878906,60.79999923706055,129935,0.0,0.0
2023-10-02 00:00:00-04:00,61.0,61.0,57.79999923706055,58.79999923706055,151665,0.0,0.0
2023-10-03 00:00:00-04:00,58.20000076293945,61.599998474121094,57.79999923706055,60.20000076293945,138730,0.0,0.0
2023-10-04 00:00:00-04:00,59.79999923706055,60.0,58.0,59.599998474121094,180765,0.0,0.0
2023-10-05 00:00:00-04:00,59.599998474121094,63.20000076293945,58.400001525878906,62.599998474121094,190140,0.0,0.0
2023-10-06 00:00:00-04:00,61.400001525878906,63.20000076293945,60.79999923706055,61.599998474121094,104795,0.0,0.0
2023-10-09 00:00:00-04:00,61.0,61.599998474121094,57.20000076293945,57.79999923706055,168610,0.0,0.0
2023-10-10 00:00:00-04:00,58.0,61.20000076293945,58.0,60.20000076293945,121585,0.0,0.0
2023-10-11 00:00:00-04:00,61.0,61.79999923706055,57.0,57.20000076293945,125805,0.0,0.0
2023-10-12 00:00:00-04:00,57.0,57.0,51.599998474121094,52.20000076293945,282405,0.0,0.0
2023-10-13 00:00:00-04:00,52.0,54.79999923706055,50.400001525878906,53.20000076293945,192385,0.0,0.0
2023-10-16 00:00:00-04:00,53.599998474121094,56.79999923706055,52.400001525878906,56.0,136065,0.0,0.0
2023-10-17 00:00:00-04:00,55.599998474121094,59.20000076293945,55.20000076293945,58.20000076293945,168505,0.0,0.0
2023-10-18 00:00:00-04:00,57.599998474121094,57.599998474121094,55.599998474121094,57.400001525878906,180790,0.0,0.0
2023-10-19 00:00:00-04:00,57.400001525878906,57.400001525878906,54.400001525878906,55.599998474121094,190285,0.0,0.0
2023-10-20 00:00:00-04:00,56.0,58.599998474121094,55.599998474121094,57.20000076293945,120505,0.0,0.0
2023-10-23 00:00:00-04:00,57.0,58.400001525878906,55.599998474121094,57.599998474121094,139300,0.0,0.0
2023-10-24 00:00:00-04:00,58.400001525878906,62.599998474121094,58.400001525878906,60.0,143715,0.0,0.0
2023-10-25 00:00:00-04:00,58.79999923706055,61.0,58.0,58.20000076293945,134790,0.0,0.0
2023-10-26 00:00:00-04:00,59.20000076293945,61.400001525878906,57.599998474121094,61.20000076293945,171985,0.0,0.0
2023-10-27 00:00:00-04:00,62.20000076293945,62.20000076293945,53.79999923706055,54.599998474121094,305885,0.0,0.0
2023-10-30 00:00:00-04:00,55.599998474121094,58.20000076293945,54.79999923706055,56.400001525878906,137540,0.0,0.0
2023-10-31 00:00:00-04:00,55.400001525878906,60.0,54.0,59.0,163185,0.0,0.0
2023-11-01 00:00:00-04:00,59.400001525878906,61.400001525878906,58.0,58.79999923706055,196825,0.0,0.0
2023-11-02 00:00:00-04:00,60.0,62.599998474121094,58.400001525878906,61.0,190225,0.0,0.0
2023-11-03 00:00:00-04:00,62.0,71.5999984741211,61.79999923706055,69.5999984741211,276755,0.0,0.0
2023-11-06 00:00:00-05:00,70.80000305175781,71.80000305175781,65.4000015258789,66.0,175715,0.0,0.0
2023-11-07 00:00:00-05:00,68.80000305175781,71.0,62.599998474121094,70.80000305175781,281575,0.0,0.0
2023-11-08 00:00:00-05:00,74.0,74.19999694824219,65.0,65.19999694824219,222965,0.0,0.0
2023-11-09 00:00:00-05:00,66.19999694824219,66.4000015258789,58.0,60.79999923706055,290065,0.0,0.0
2023-11-10 00:00:00-05:00,60.79999923706055,62.599998474121094,56.79999923706055,59.599998474121094,186235,0.0,0.0
2023-11-13 00:00:00-05:00,58.79999923706055,60.599998474121094,56.599998474121094,60.400001525878906,160975,0.0,0.0
2023-11-14 00:00:00-05:00,62.400001525878906,65.80000305175781,62.400001525878906,65.4000015258789,249765,0.0,0.0
2023-11-15 00:00:00-05:00,65.19999694824219,69.80000305175781,64.4000015258789,65.80000305175781,183890,0.0,0.0
2023-11-16 00:00:00-05:00,66.0,66.0,60.0,60.79999923706055,275085,0.0,0.0
2023-11-17 00:00:00-05:00,62.0,68.5999984741211,61.400001525878906,68.4000015258789,260160,0.0,0.0
2023-11-20 00:00:00-05:00,68.5999984741211,78.5999984741211,68.0,76.5999984741211,264065,0.0,0.0
2023-11-21 00:00:00-05:00,75.80000305175781,76.19999694824219,72.80000305175781,73.19999694824219,179605,0.0,0.0
2023-11-22 00:00:00-05:00,74.5999984741211,77.0,72.5999984741211,75.80000305175781,134940,0.0,0.0
2023-11-24 00:00:00-05:00,75.0,82.5999984741211,75.0,77.80000305175781,148295,0.0,0.0
2023-11-27 00:00:00-05:00,80.0,80.80000305175781,73.19999694824219,76.80000305175781,223645,0.0,0.0
2023-11-28 00:00:00-05:00,75.5999984741211,77.0,73.19999694824219,76.80000305175781,149350,0.0,0.0
2023-11-29 00:00:00-05:00,77.80000305175781,81.0,76.80000305175781,77.19999694824219,169355,0.0,0.0
2023-11-30 00:00:00-05:00,79.5999984741211,80.19999694824219,76.0,76.4000015258789,280690,0.0,0.0
2023-12-01 00:00:00-05:00,76.4000015258789,85.5999984741211,75.19999694824219,85.19999694824219,255045,0.0,0.0
2023-12-04 00:00:00-05:00,87.0,92.19999694824219,86.4000015258789,89.4000015258789,251730,0.0,0.0
2023-12-05 00:00:00-05:00,91.0,91.0,86.19999694824219,86.5999984741211,236685,0.0,0.0
2023-12-06 00:00:00-05:00,87.4000015258789,99.4000015258789,86.0,96.5999984741211,319815,0.0,0.0
2023-12-07 00:00:00-05:00,97.0,98.5999984741211,91.19999694824219,96.19999694824219,314170,0.0,0.0
2023-12-08 00:00:00-05:00,102.0,110.5999984741211,53.79999923706055,57.20000076293945,2706345,0.0,0.0
2023-12-11 00:00:00-05:00,58.599998474121094,63.0,54.400001525878906,61.400001525878906,1629060,0.0,0.0
2023-12-12 00:00:00-05:00,60.0,60.0,54.599998474121094,55.79999923706055,783430,0.0,0.0
2023-12-13 00:00:00-05:00,56.599998474121094,60.79999923706055,56.0,60.79999923706055,505190,0.0,0.0
2023-12-14 00:00:00-05:00,64.4000015258789,71.5999984741211,64.0,66.0,1001220,0.0,0.0
2023-12-15 00:00:00-05:00,66.4000015258789,69.0,63.599998474121094,65.4000015258789,419520,0.0,0.0
2023-12-18 00:00:00-05:00,63.79999923706055,64.0,57.79999923706055,61.0,591395,0.0,0.0
2023-12-19 00:00:00-05:00,53.0,55.599998474121094,45.20000076293945,48.599998474121094,1902865,0.0,0.0
2023-12-20 00:00:00-05:00,26.200000762939453,28.0,25.200000762939453,26.399999618530273,6268235,0.0,0.0
2023-12-21 00:00:00-05:00,27.399999618530273,29.0,26.0,27.399999618530273,1656560,0.0,0.0
2023-12-22 00:00:00-05:00,27.799999237060547,29.0,26.399999618530273,28.0,1038055,0.0,0.0
2023-12-26 00:00:00-05:00,28.399999618530273,28.600000381469727,26.399999618530273,27.200000762939453,857830,0.0,0.0
2023-12-27 00:00:00-05:00,27.200000762939453,28.200000762939453,26.600000381469727,28.0,634100,0.0,0.0
2023-12-28 00:00:00-05:00,27.200000762939453,29.0,27.200000762939453,28.200000762939453,522965,0.0,0.0
2023-12-29 00:00:00-05:00,28.0,28.600000381469727,27.600000381469727,27.600000381469727,379595,0.0,0.0
2024-01-02 00:00:00-05:00,27.399999618530273,30.600000381469727,27.200000762939453,29.399999618530273,814140,0.0,0.0
2024-01-03 00:00:00-05:00,29.0,29.799999237060547,27.399999618530273,27.399999618530273,587905,0.0,0.0
2024-01-04 00:00:00-05:00,27.799999237060547,29.799999237060547,27.399999618530273,29.0,604355,0.0,0.0
2024-01-05 00:00:00-05:00,29.0,29.799999237060547,27.799999237060547,28.399999618530273,483900,0.0,0.0
2024-01-08 00:00:00-05:00,28.600000381469727,29.799999237060547,27.600000381469727,29.399999618530273,586030,0.0,0.0
2024-01-09 00:00:00-05:00,28.600000381469727,28.799999237060547,27.0,27.399999618530273,431405,0.0,0.0
2024-01-10 00:00:00-05:00,27.799999237060547,28.0,26.0,27.600000381469727,631380,0.0,0.0
2024-01-11 00:00:00-05:00,27.799999237060547,28.0,26.799999237060547,27.600000381469727,438375,0.0,0.0
2024-01-12 00:00:00-05:00,27.399999618530273,30.200000762939453,27.399999618530273,30.0,589410,0.0,0.0
2024-01-16 00:00:00-05:00,29.799999237060547,30.200000762939453,28.200000762939453,28.600000381469727,391845,0.0,0.0
2024-01-17 00:00:00-05:00,28.399999618530273,28.600000381469727,27.600000381469727,28.200000762939453,376895,0.0,0.0
2024-01-18 00:00:00-05:00,28.200000762939453,29.399999618530273,27.600000381469727,27.799999237060547,381685,0.0,0.0
2024-01-19 00:00:00-05:00,27.600000381469727,27.799999237060547,24.799999237060547,25.200000762939453,626595,0.0,0.0
2024-01-22 00:00:00-05:00,25.399999618530273,26.600000381469727,25.0,25.399999618530273,307080,0.0,0.0
2024-01-23 00:00:00-05:00,26.0,26.0,23.200000762939453,23.399999618530273,549905,0.0,0.0
2024-01-24 00:00:00-05:00,23.200000762939453,23.399999618530273,21.200000762939453,21.399999618530273,655350,0.0,0.0
2024-01-25 00:00:00-05:00,22.0,23.0,20.600000381469727,22.399999618530273,393685,0.0,0.0
2024-01-26 00:00:00-05:00,22.200000762939453,23.0,21.200000762939453,21.200000762939453,402530,0.0,0.0
2024-01-29 00:00:00-05:00,21.200000762939453,23.0,20.799999237060547,22.600000381469727,338090,0.0,0.0
2024-01-30 00:00:00-05:00,22.799999237060547,22.799999237060547,21.200000762939453,21.200000762939453,272560,0.0,0.0
2024-01-31 00:00:00-05:00,21.200000762939453,21.399999618530273,20.200000762939453,20.399999618530273,455215,0.0,0.0
2024-02-01 00:00:00-05:00,20.600000381469727,20.600000381469727,19.399999618530273,20.0,535435,0.0,0.0
2024-02-02 00:00:00-05:00,20.0,20.0,18.399999618530273,19.200000762939453,519620,0.0,0.0
2024-02-05 00:00:00-05:00,19.0,19.399999618530273,17.600000381469727,18.200000762939453,580185,0.0,0.0
2024-02-06 00:00:00-05:00,18.600000381469727,19.600000381469727,17.600000381469727,18.799999237060547,529460,0.0,0.0
2024-02-07 00:00:00-05:00,18.799999237060547,19.200000762939453,18.0,18.799999237060547,610795,0.0,0.0
2024-02-08 00:00:00-05:00,18.799999237060547,21.600000381469727,18.600000381469727,21.0,397410,0.0,0.0
2024-02-09 00:00:00-05:00,21.0,21.600000381469727,20.399999618530273,20.600000381469727,246775,0.0,0.0
2024-02-12 00:00:00-05:00,20.799999237060547,22.0,20.600000381469727,21.799999237060547,306465,0.0,0.0
2024-02-13 00:00:00-05:00,21.0,21.200000762939453,19.600000381469727,19.600000381469727,424860,0.0,0.0
2024-02-14 00:00:00-05:00,20.200000762939453,20.799999237060547,20.200000762939453,20.399999618530273,150000,0.0,0.0
2024-02-15 00:00:00-05:00,20.799999237060547,22.600000381469727,20.399999618530273,21.600000381469727,375225,0.0,0.0
2024-02-16 00:00:00-05:00,21.399999618530273,21.600000381469727,20.0,20.399999618530273,355215,0.0,0.0
2024-02-20 00:00:00-05:00,20.799999237060547,22.600000381469727,20.399999618530273,22.0,360895,0.0,0.0
2024-02-21 00:00:00-05:00,21.600000381469727,22.799999237060547,21.0,21.799999237060547,220685,0.0,0.0
2024-02-22 00:00:00-05:00,21.200000762939453,24.0,21.200000762939453,23.600000381469727,332360,0.0,0.0
2024-02-23 00:00:00-05:00,24.399999618530273,26.399999618530273,23.399999618530273,25.0,572520,0.0,0.0
2024-02-26 00:00:00-05:00,25.799999237060547,30.399999618530273,25.600000381469727,29.200000762939453,917970,0.0,0.0
2024-02-27 00:00:00-05:00,30.399999618530273,38.400001525878906,29.399999618530273,35.0,1496830,0.0,0.0
2024-02-28 00:00:00-05:00,36.0,37.400001525878906,32.599998474121094,33.599998474121094,734675,0.0,0.0
2024-02-29 00:00:00-05:00,33.599998474121094,34.79999923706055,27.0,27.799999237060547,968930,0.0,0.0
2024-03-01 00:00:00-05:00,28.0,33.400001525878906,28.0,31.399999618530273,582215,0.0,0.0
2024-03-04 00:00:00-05:00,32.599998474121094,32.599998474121094,28.799999237060547,30.600000381469727,544370,0.0,0.0
2024-03-05 00:00:00-05:00,28.600000381469727,30.200000762939453,27.600000381469727,27.799999237060547,415840,0.0,0.0
2024-03-06 00:00:00-05:00,28.600000381469727,30.799999237060547,27.0,29.0,585595,0.0,0.0
2024-03-07 00:00:00-05:00,29.399999618530273,30.200000762939453,28.0,29.0,320015,0.0,0.0
2024-03-08 00:00:00-05:00,29.0,33.0,29.0,30.0,471580,0.0,0.0
2024-03-11 00:00:00-04:00,32.20000076293945,33.20000076293945,27.399999618530273,27.799999237060547,634590,0.0,0.0
2024-03-12 00:00:00-04:00,29.600000381469727,29.600000381469727,26.399999618530273,27.0,371565,0.0,0.0
2024-03-13 00:00:00-04:00,26.600000381469727,29.200000762939453,26.600000381469727,27.799999237060547,302060,0.0,0.0
2024-03-14 00:00:00-04:00,27.799999237060547,27.799999237060547,26.0,26.600000381469727,236890,0.0,0.0
2024-03-15 00:00:00-04:00,26.600000381469727,29.200000762939453,26.399999618530273,28.399999618530273,1465435,0.0,0.0
2024-03-18 00:00:00-04:00,29.0,31.0,27.399999618530273,28.799999237060547,398610,0.0,0.0
2024-03-19 00:00:00-04:00,28.799999237060547,29.0,27.200000762939453,28.0,299905,0.0,0.0
2024-03-20 00:00:00-04:00,28.0,28.600000381469727,27.200000762939453,28.0,195020,0.0,0.0
2024-03-21 00:00:00-04:00,28.200000762939453,29.799999237060547,27.600000381469727,29.200000762939453,296235,0.0,0.0
2024-03-22 00:00:00-04:00,29.0,29.0,26.600000381469727,27.399999618530273,279465,0.0,0.0
2024-03-25 00:00:00-04:00,27.600000381469727,28.399999618530273,26.799999237060547,27.200000762939453,225530,0.0,0.0
2024-03-26 00:00:00-04:00,23.799999237060547,24.200000762939453,21.399999618530273,24.0,908475,0.0,0.0
2024-03-27 00:00:00-04:00,23.799999237060547,27.799999237060547,23.0,27.399999618530273,343860,0.0,0.0
2024-03-28 00:00:00-04:00,26.799999237060547,28.399999618530273,25.0,25.600000381469727,363480,0.0,0.0
2024-04-01 00:00:00-04:00,25.799999237060547,26.0,24.399999618530273,24.799999237060547,153940,0.0,0.0
2024-04-02 00:00:00-04:00,24.399999618530273,25.0,23.200000762939453,24.200000762939453,222940,0.0,0.0
2024-04-03 00:00:00-04:00,23.600000381469727,24.399999618530273,23.200000762939453,23.600000381469727,167275,0.0,0.0
2024-04-04 00:00:00-04:00,23.799999237060547,25.200000762939453,23.600000381469727,24.600000381469727,206495,0.0,0.0
2024-04-05 00:00:00-04:00,24.600000381469727,25.399999618530273,23.799999237060547,24.600000381469727,128315,0.0,0.0
2024-04-08 00:00:00-04:00,24.600000381469727,24.799999237060547,23.0,23.200000762939453,204730,0.0,0.0
2024-04-09 00:00:00-04:00,23.399999618530273,25.200000762939453,23.0,25.200000762939453,189595,0.0,0.0
2024-04-10 00:00:00-04:00,24.200000762939453,24.200000762939453,23.200000762939453,23.799999237060547,186600,0.0,0.0
2024-04-11 00:00:00-04:00,24.200000762939453,24.600000381469727,22.799999237060547,23.200000762939453,176600,0.0,0.0
2024-04-12 00:00:00-04:00,23.0,23.799999237060547,21.399999618530273,22.0,322535,0.0,0.0
2024-04-15 00:00:00-04:00,22.200000762939453,22.399999618530273,20.200000762939453,20.600000381469727,392590,0.0,0.0
2024-04-16 00:00:00-04:00,20.799999237060547,21.399999618530273,19.600000381469727,19.799999237060547,295755,0.0,0.0
2024-04-17 00:00:00-04:00,19.200000762939453,20.600000381469727,19.0,19.200000762939453,434740,0.0,0.0
2024-04-18 00:00:00-04:00,19.399999618530273,20.200000762939453,18.399999618530273,19.0,326835,0.0,0.0
2024-04-19 00:00:00-04:00,19.0,20.600000381469727,18.799999237060547,20.399999618530273,408920,0.0,0.0
2024-04-22 00:00:00-04:00,20.200000762939453,20.600000381469727,18.799999237060547,19.0,229100,0.0,0.0
2024-04-23 00:00:00-04:00,19.200000762939453,21.0,19.0,19.399999618530273,239455,0.0,0.0
2024-04-24 00:00:00-04:00,19.799999237060547,20.399999618530273,18.200000762939453,18.399999618530273,409050,0.0,0.0
2024-04-25 00:00:00-04:00,18.399999618530273,18.600000381469727,17.600000381469727,18.200000762939453,285505,0.0,0.0
2024-04-26 00:00:00-04:00,18.200000762939453,19.0,17.799999237060547,18.399999618530273,258040,0.0,0.0
2024-04-29 00:00:00-04:00,18.600000381469727,19.600000381469727,18.200000762939453,18.399999618530273,282325,0.0,0.0
2024-04-30 00:00:00-04:00,18.399999618530273,18.799999237060547,17.200000762939453,17.799999237060547,586025,0.0,0.0
2024-05-01 00:00:00-04:00,17.799999237060547,19.0,17.399999618530273,18.200000762939453,431660,0.0,0.0
2024-05-02 00:00:00-04:00,18.600000381469727,18.799999237060547,17.600000381469727,18.0,343220,0.0,0.0
2024-05-03 00:00:00-04:00,18.399999618530273,18.799999237060547,17.799999237060547,18.0,354940,0.0,0.0
2024-05-06 00:00:00-04:00,18.600000381469727,20.799999237060547,17.0,20.0,1002200,0.0,0.0
2024-05-07 00:00:00-04:00,20.600000381469727,21.200000762939453,19.600000381469727,20.200000762939453,177540,0.0,0.0
2024-05-08 00:00:00-04:00,20.200000762939453,20.600000381469727,19.0,19.399999618530273,383965,0.0,0.0
2024-05-09 00:00:00-04:00,20.399999618530273,24.600000381469727,20.200000762939453,22.399999618530273,575900,0.0,0.0
2024-05-10 00:00:00-04:00,22.799999237060547,23.200000762939453,20.399999618530273,21.200000762939453,343510,0.0,0.0
2024-05-13 00:00:00-04:00,21.399999618530273,22.600000381469727,20.0,20.399999618530273,331205,0.0,0.0
2024-05-14 00:00:00-04:00,21.0,23.0,20.600000381469727,21.399999618530273,296520,0.0,0.0
2024-05-15 00:00:00-04:00,22.0,22.799999237060547,21.200000762939453,21.399999618530273,152190,0.0,0.0
2024-05-16 00:00:00-04:00,21.600000381469727,21.600000381469727,20.399999618530273,21.0,199105,0.0,0.0
2024-05-17 00:00:00-04:00,20.600000381469727,21.200000762939453,20.399999618530273,20.600000381469727,93185,0.0,0.0
2024-05-20 00:00:00-04:00,20.799999237060547,21.399999618530273,20.600000381469727,20.600000381469727,110575,0.0,0.0
2024-05-21 00:00:00-04:00,20.600000381469727,21.200000762939453,19.799999237060547,20.0,244655,0.0,0.0
2024-05-22 00:00:00-04:00,19.799999237060547,20.200000762939453,19.200000762939453,19.600000381469727,300625,0.0,0.0
2024-05-23 00:00:00-04:00,19.799999237060547,20.0,18.600000381469727,19.399999618530273,277955,0.0,0.0
2024-05-24 00:00:00-04:00,19.399999618530273,20.0,19.0,19.399999618530273,165020,0.0,0.0
2024-05-28 00:00:00-04:00,19.799999237060547,20.0,18.399999618530273,18.799999237060547,239335,0.0,0.0
2024-05-29 00:00:00-04:00,18.200000762939453,18.600000381469727,17.799999237060547,18.0,369325,0.0,0.0
2024-05-30 00:00:00-04:00,18.200000762939453,18.200000762939453,17.399999618530273,18.0,294695,0.0,0.0
2024-05-31 00:00:00-04:00,18.0,18.799999237060547,17.799999237060547,18.0,208655,0.0,0.0
2024-06-03 00:00:00-04:00,18.799999237060547,20.600000381469727,18.399999618530273,19.200000762939453,403130,0.0,0.0
2024-06-04 00:00:00-04:00,19.0,19.799999237060547,18.799999237060547,19.399999618530273,290410,0.0,0.0
2024-06-05 00:00:00-04:00,19.399999618530273,19.799999237060547,18.399999618530273,19.0,257495,0.0,0.0
2024-06-06 00:00:00-04:00,19.0,19.0,18.200000762939453,18.200000762939453,215220,0.0,0.0
2024-06-07 00:00:00-04:00,18.0,18.600000381469727,17.799999237060547,18.200000762939453,193035,0.0,0.0
2024-06-10 00:00:00-04:00,18.399999618530273,18.799999237060547,17.600000381469727,18.600000381469727,286135,0.0,0.0
2024-06-11 00:00:00-04:00,18.0,20.0,17.799999237060547,19.799999237060547,293645,0.0,0.0
2024-06-12 00:00:00-04:00,20.0,21.0,19.399999618530273,19.799999237060547,317300,0.0,0.0
2024-06-13 00:00:00-04:00,20.0,20.600000381469727,19.600000381469727,20.0,105535,0.0,0.0
2024-06-14 00:00:00-04:00,20.200000762939453,20.200000762939453,18.799999237060547,19.200000762939453,327040,0.0,0.0
2024-06-17 00:00:00-04:00,19.0,20.200000762939453,18.799999237060547,19.0,356600,0.0,0.0
2024-06-18 00:00:00-04:00,18.799999237060547,19.0,17.399999618530273,18.200000762939453,446745,0.0,0.0
2024-06-20 00:00:00-04:00,18.200000762939453,18.200000762939453,17.0,17.0,528500,0.0,0.0
2024-06-21 00:00:00-04:00,17.399999618530273,18.399999618530273,17.200000762939453,18.0,396090,0.0,0.0
2024-06-24 00:00:00-04:00,18.200000762939453,20.799999237060547,18.0,20.399999618530273,525730,0.0,0.0
2024-06-25 00:00:00-04:00,20.0,20.200000762939453,19.0,19.0,287075,0.0,0.0
2024-06-26 00:00:00-04:00,19.399999618530273,19.600000381469727,18.0,18.200000762939453,227965,0.0,0.0
2024-06-27 00:00:00-04:00,18.0,20.0,18.0,19.0,487930,0.0,0.0
2024-06-28 00:00:00-04:00,19.0,20.0,18.200000762939453,19.600000381469727,426490,0.0,0.0
2024-07-01 00:00:00-04:00,19.399999618530273,20.200000762939453,19.200000762939453,19.600000381469727,245910,0.0,0.0
2024-07-02 00:00:00-04:00,19.600000381469727,19.600000381469727,18.399999618530273,18.399999618530273,223830,0.0,0.0
2024-07-03 00:00:00-04:00,18.600000381469727,19.200000762939453,18.200000762939453,18.200000762939453,176880,0.0,0.0
2024-07-05 00:00:00-04:00,18.399999618530273,18.600000381469727,18.0,18.399999618530273,153875,0.0,0.0
2024-07-08 00:00:00-04:00,18.600000381469727,19.799999237060547,18.200000762939453,18.799999237060547,349915,0.0,0.0
2024-07-09 00:00:00-04:00,18.799999237060547,20.200000762939453,18.600000381469727,20.0,425315,0.0,0.0
2024-07-10 00:00:00-04:00,20.399999618530273,21.600000381469727,20.0,20.799999237060547,217370,0.0,0.0
2024-07-11 00:00:00-04:00,20.799999237060547,22.799999237060547,20.600000381469727,22.600000381469727,344730,0.0,0.0
2024-07-12 00:00:00-04:00,22.799999237060547,24.600000381469727,22.600000381469727,24.399999618530273,315870,0.0,0.0
2024-07-15 00:00:00-04:00,24.399999618530273,27.200000762939453,24.0,26.399999618530273,371225,0.0,0.0
2024-07-16 00:00:00-04:00,27.0,28.600000381469727,26.200000762939453,27.0,452105,0.0,0.0
2024-07-17 00:00:00-04:00,26.200000762939453,27.399999618530273,23.399999618530273,24.399999618530273,325160,0.0,0.0
2024-07-18 00:00:00-04:00,24.399999618530273,25.0,22.799999237060547,23.0,132570,0.0,0.0
2024-07-19 00:00:00-04:00,23.200000762939453,23.200000762939453,20.600000381469727,21.0,201140,0.0,0.0
2024-07-22 00:00:00-04:00,21.200000762939453,22.799999237060547,21.0,22.799999237060547,148860,0.0,0.0
2024-07-23 00:00:00-04:00,22.600000381469727,25.0,22.399999618530273,24.799999237060547,222305,0.0,0.0
2024-07-24 00:00:00-04:00,24.799999237060547,25.0,22.399999618530273,23.0,214280,0.0,0.0
2024-07-25 00:00:00-04:00,23.0,25.0,22.799999237060547,24.0,164680,0.0,0.0
2024-07-26 00:00:00-04:00,25.0,25.0,23.399999618530273,24.399999618530273,155325,0.0,0.0
2024-07-29 00:00:00-04:00,24.799999237060547,25.0,23.399999618530273,24.399999618530273,153250,0.0,0.0
2024-07-30 00:00:00-04:00,24.399999618530273,25.0,22.0,22.600000381469727,224170,0.0,0.0
2024-07-31 00:00:00-04:00,22.799999237060547,24.600000381469727,22.399999618530273,23.200000762939453,212510,0.0,0.0
2024-08-01 00:00:00-04:00,22.799999237060547,23.799999237060547,20.799999237060547,21.600000381469727,188250,0.0,0.0
2024-08-02 00:00:00-04:00,20.799999237060547,22.200000762939453,20.399999618530273,22.200000762939453,188890,0.0,0.0
2024-08-05 00:00:00-04:00,19.600000381469727,21.600000381469727,19.600000381469727,19.799999237060547,344475,0.0,0.0
2024-08-06 00:00:00-04:00,20.799999237060547,20.799999237060547,19.399999618530273,20.399999618530273,159350,0.0,0.0
2024-08-07 00:00:00-04:00,20.799999237060547,21.600000381469727,18.399999618530273,18.799999237060547,520970,0.0,0.0
2024-08-08 00:00:00-04:00,19.0,20.799999237060547,18.399999618530273,20.200000762939453,203205,0.0,0.0
2024-08-09 00:00:00-04:00,20.399999618530273,20.399999618530273,19.200000762939453,20.0,147985,0.0,0.0
2024-08-12 00:00:00-04:00,20.399999618530273,20.399999618530273,19.200000762939453,19.600000381469727,150815,0.0,0.0
2024-08-13 00:00:00-04:00,19.799999237060547,21.399999618530273,19.600000381469727,21.200000762939453,216140,0.0,0.0
2024-08-14 00:00:00-04:00,19.0,19.399999618530273,15.800000190734863,16.200000762939453,1714595,0.0,0.0
2024-08-15 00:00:00-04:00,16.600000381469727,17.0,13.800000190734863,14.199999809265137,1684240,0.0,0.0
2024-08-16 00:00:00-04:00,14.800000190734863,15.399999618530273,13.600000381469727,14.199999809265137,636230,0.0,0.0
2024-08-19 00:00:00-04:00,14.399999618530273,14.399999618530273,13.0,13.800000190734863,643660,0.0,0.0
2024-08-20 00:00:00-04:00,13.399999618530273,13.800000190734863,13.199999809265137,13.199999809265137,356285,0.0,0.0
2024-08-21 00:00:00-04:00,13.199999809265137,14.800000190734863,13.199999809265137,14.399999618530273,482650,0.0,0.0
2024-08-22 00:00:00-04:00,14.399999618530273,15.0,13.600000381469727,13.600000381469727,331770,0.0,0.0
2024-08-23 00:00:00-04:00,13.800000190734863,14.199999809265137,13.399999618530273,13.800000190734863,239415,0.0,0.0
2024-08-26 00:00:00-04:00,13.800000190734863,14.199999809265137,13.399999618530273,14.0,259505,0.0,0.0
2024-08-27 00:00:00-04:00,13.800000190734863,14.0,12.600000381469727,12.600000381469727,619925,0.0,0.0
2024-08-28 00:00:00-04:00,12.800000190734863,13.199999809265137,12.0,12.399999618530273,490325,0.0,0.0
2024-08-29 00:00:00-04:00,12.399999618530273,13.0,11.800000190734863,11.800000190734863,572995,0.0,0.0
2024-08-30 00:00:00-04:00,12.0,12.399999618530273,11.199999809265137,11.199999809265137,526705,0.0,0.0
2024-09-03 00:00:00-04:00,11.0,11.800000190734863,10.800000190734863,11.399999618530273,529275,0.0,0.0
2024-09-04 00:00:00-04:00,11.600000381469727,11.600000381469727,11.0,11.199999809265137,380870,0.0,0.0
2024-09-05 00:00:00-04:00,11.199999809265137,11.600000381469727,11.0,11.399999618530273,366280,0.0,0.0
2024-09-06 00:00:00-04:00,11.199999809265137,11.600000381469727,10.399999618530273,10.600000381469727,339400,0.0,0.0
2024-09-09 00:00:00-04:00,11.0,11.199999809265137,10.399999618530273,10.800000190734863,221670,0.0,0.0
2024-09-10 00:00:00-04:00,10.800000190734863,11.399999618530273,10.399999618530273,11.399999618530273,365745,0.0,0.0
2024-09-11 00:00:00-04:00,11.399999618530273,11.800000190734863,11.199999809265137,11.600000381469727,212285,0.0,0.0
2024-09-12 00:00:00-04:00,11.600000381469727,12.0,11.399999618530273,11.399999618530273,180475,0.0,0.0
2024-09-13 00:00:00-04:00,11.600000381469727,12.600000381469727,11.600000381469727,12.199999809265137,336995,0.0,0.0
2024-09-16 00:00:00-04:00,12.399999618530273,12.600000381469727,11.199999809265137,11.600000381469727,315515,0.0,0.0
2024-09-17 00:00:00-04:00,11.0,11.0,9.600000381469727,10.0,622980,0.0,0.0
2024-09-18 00:00:00-04:00,10.0,10.600000381469727,9.600000381469727,10.0,386250,0.0,0.0
2024-09-19 00:00:00-04:00,10.399999618530273,10.399999618530273,9.600000381469727,9.800000190734863,229730,0.0,0.0
2024-09-20 00:00:00-04:00,9.600000381469727,10.0,9.199999809265137,9.399999618530273,592480,0.0,0.0
2024-09-23 00:00:00-04:00,9.600000381469727,10.0,9.399999618530273,9.800000190734863,699465,0.0,0.0
2024-09-24 00:00:00-04:00,10.199999809265137,10.800000190734863,9.800000190734863,10.0,416590,0.0,0.0
2024-09-25 00:00:00-04:00,10.0,10.199999809265137,9.399999618530273,9.600000381469727,302830,0.0,0.0
2024-09-26 00:00:00-04:00,10.199999809265137,10.199999809265137,9.399999618530273,10.0,289095,0.0,0.0
2024-09-27 00:00:00-04:00,10.0,10.600000381469727,10.0,10.0,327040,0.0,0.0
2024-09-30 00:00:00-04:00,10.199999809265137,10.800000190734863,10.199999809265137,10.399999618530273,317680,0.0,0.0
2024-10-01 00:00:00-04:00,10.199999809265137,10.399999618530273,9.399999618530273,9.399999618530273,376755,0.0,0.0
2024-10-02 00:00:00-04:00,9.399999618530273,10.0,9.0,9.800000190734863,421500,0.0,0.0
2024-10-03 00:00:00-04:00,9.600000381469727,10.800000190734863,9.600000381469727,10.399999618530273,462600,0.0,0.0
2024-10-04 00:00:00-04:00,10.399999618530273,11.399999618530273,10.399999618530273,11.399999618530273,512485,0.0,0.0
2024-10-07 00:00:00-04:00,11.0,11.399999618530273,10.199999809265137,10.399999618530273,344660,0.0,0.0
2024-10-08 00:00:00-04:00,10.399999618530273,10.399999618530273,9.600000381469727,9.800000190734863,332555,0.0,0.0
2024-10-09 00:00:00-04:00,10.0,11.0,9.399999618530273,9.800000190734863,339080,0.0,0.0
2024-10-10 00:00:00-04:00,9.800000190734863,10.199999809265137,9.600000381469727,9.800000190734863,218975,0.0,0.0
2024-10-11 00:00:00-04:00,9.800000190734863,10.199999809265137,9.800000190734863,10.199999809265137,198735,0.0,0.0
2024-10-14 00:00:00-04:00,10.0,10.199999809265137,9.800000190734863,10.0,198475,0.0,0.0
2024-10-15 00:00:00-04:00,10.0,10.0,9.600000381469727,9.600000381469727,155360,0.0,0.0
2024-10-16 00:00:00-04:00,9.600000381469727,9.800000190734863,9.600000381469727,9.600000381469727,189945,0.0,0.0
2024-10-17 00:00:00-04:00,9.600000381469727,9.800000190734863,9.399999618530273,9.800000190734863,159090,0.0,0.0
2024-10-18 00:00:00-04:00,9.800000190734863,10.0,9.600000381469727,9.800000190734863,162720,0.0,0.0
2024-10-21 00:00:00-04:00,9.800000190734863,10.0,9.600000381469727,10.0,155605,0.0,0.0
2024-10-22 00:00:00-04:00,10.0,10.199999809265137,9.600000381469727,10.199999809265137,125515,0.0,0.0
2024-10-23 00:00:00-04:00,10.0,10.600000381469727,10.0,10.199999809265137,169765,0.0,0.0
2024-10-24 00:00:00-04:00,10.0,10.399999618530273,9.600000381469727,10.0,178335,0.0,0.0
2024-10-25 00:00:00-04:00,10.0,10.199999809265137,9.600000381469727,9.600000381469727,189530,0.0,0.0
2024-10-28 00:00:00-04:00,9.600000381469727,10.199999809265137,9.600000381469727,9.800000190734863,224990,0.0,0.0
2024-10-29 00:00:00-04:00,9.800000190734863,10.199999809265137,9.800000190734863,9.800000190734863,150305,0.0,0.0
2024-10-30 00:00:00-04:00,9.800000190734863,10.0,9.600000381469727,9.800000190734863,213445,0.0,0.0
2024-10-31 00:00:00-04:00,9.800000190734863,10.0,9.199999809265137,9.199999809265137,209090,0.0,0.0
2024-11-01 00:00:00-04:00,9.399999618530273,9.800000190734863,9.199999809265137,9.399999618530273,173500,0.0,0.0
2024-11-04 00:00:00-05:00,9.199999809265137,9.600000381469727,9.199999809265137,9.199999809265137,183170,0.0,0.0
2024-11-05 00:00:00-05:00,9.199999809265137,9.399999618530273,9.0,9.0,338545,0.0,0.0
2024-11-06 00:00:00-05:00,9.0,9.199999809265137,8.600000381469727,8.800000190734863,328530,0.0,0.0
2024-11-07 00:00:00-05:00,8.600000381469727,8.600000381469727,6.800000190734863,7.599999904632568,841295,0.0,0.0
2024-11-08 00:00:00-05:00,7.599999904632568,8.399999618530273,7.599999904632568,8.199999809265137,298825,0.0,0.0
2024-11-11 00:00:00-05:00,8.399999618530273,8.600000381469727,8.0,8.199999809265137,225795,0.0,0.0
2024-11-12 00:00:00-05:00,8.0,8.600000381469727,7.800000190734863,7.800000190734863,418670,0.0,0.0
2024-11-13 00:00:00-05:00,7.800000190734863,8.399999618530273,7.400000095367432,7.599999904632568,219640,0.0,0.0
2024-11-14 00:00:00-05:00,7.400000095367432,8.0,7.0,7.199999809265137,283530,0.0,0.0
2024-11-15 00:00:00-05:00,7.400000095367432,7.400000095367432,6.400000095367432,6.400000095367432,458135,0.0,0.0
2024-11-18 00:00:00-05:00,6.400000095367432,6.800000190734863,6.400000095367432,6.599999904632568,177785,0.0,0.0
2024-11-19 00:00:00-05:00,6.400000095367432,6.599999904632568,6.0,6.199999809265137,239810,0.0,0.0
2024-11-20 00:00:00-05:00,6.199999809265137,6.400000095367432,5.800000190734863,6.0,172615,0.0,0.0
2024-11-21 00:00:00-05:00,6.199999809265137,6.199999809265137,5.800000190734863,6.0,193615,0.0,0.0
2024-11-22 00:00:00-05:00,6.0,7.199999809265137,6.0,7.0,518995,0.0,0.0
2024-11-25 00:00:00-05:00,7.0,8.199999809265137,7.0,7.199999809265137,569395,0.0,0.0
2024-11-26 00:00:00-05:00,7.400000095367432,7.599999904632568,7.0,7.400000095367432,169045,0.0,0.0
2024-11-27 00:00:00-05:00,7.400000095367432,7.800000190734863,7.199999809265137,7.599999904632568,213805,0.0,0.0
2024-11-29 00:00:00-05:00,7.599999904632568,8.199999809265137,7.400000095367432,8.199999809265137,235460,0.0,0.0
2024-12-02 00:00:00-05:00,8.199999809265137,8.600000381469727,8.199999809265137,8.399999618530273,233985,0.0,0.0
2024-12-03 00:00:00-05:00,8.199999809265137,8.399999618530273,7.0,7.199999809265137,472450,0.0,0.0
2024-12-04 00:00:00-05:00,7.199999809265137,15.399999618530273,7.0,14.800000190734863,3961480,0.0,0.0
2024-12-05 00:00:00-05:00,10.0,11.199999809265137,8.0,8.800000190734863,1330385,0.0,0.0
2024-12-06 00:00:00-05:00,8.399999618530273,9.399999618530273,8.399999618530273,9.199999809265137,422920,0.0,0.0
2024-12-09 00:00:00-05:00,10.199999809265137,10.199999809265137,8.600000381469727,9.0,512675,0.0,0.0
2024-12-10 00:00:00-05:00,8.800000190734863,9.0,8.199999809265137,8.399999618530273,293750,0.0,0.0
2024-12-11 00:00:00-05:00,8.399999618530273,8.399999618530273,7.599999904632568,7.800000190734863,305340,0.0,0.0
2024-12-12 00:00:00-05:00,7.800000190734863,8.199999809265137,7.400000095367432,7.599999904632568,262945,0.0,0.0
2024-12-13 00:00:00-05:00,7.559999942779541,7.559999942779541,6.260000228881836,6.340000152587891,721000,0.0,0.05
2024-12-16 00:00:00-05:00,6.260000228881836,7.940000057220459,5.96999979019165,7.809999942779541,953100,0.0,0.0
2024-12-17 00:00:00-05:00,7.769999980926514,9.550000190734863,7.340000152587891,8.970000267028809,1107200,0.0,0.0
2024-12-18 00:00:00-05:00,9.170000076293945,9.75,8.020000457763672,8.40999984741211,780200,0.0,0.0
2024-12-19 00:00:00-05:00,8.5,9.600000381469727,8.039999961853027,9.229999542236328,630700,0.0,0.0
2024-12-20 00:00:00-05:00,9.199999809265137,9.800000190734863,7.940000057220459,8.5,900600,0.0,0.0
2024-12-23 00:00:00-05:00,8.430000305175781,8.449999809265137,7.610000133514404,7.659999847412109,426900,0.0,0.0
2024-12-24 00:00:00-05:00,7.630000114440918,8.239999771118164,7.570000171661377,7.789999961853027,260900,0.0,0.0
2024-12-26 00:00:00-05:00,7.769999980926514,8.880000114440918,7.650000095367432,8.779999732971191,354700,0.0,0.0
2024-12-27 00:00:00-05:00,8.670000076293945,9.140000343322754,8.550000190734863,8.779999732971191,251000,0.0,0.0
2024-12-30 00:00:00-05:00,8.59000015258789,8.59000015258789,7.75,7.860000133514404,348800,0.0,0.0
2024-12-31 00:00:00-05:00,8.119999885559082,8.5,7.829999923706055,8.34000015258789,407600,0.0,0.0
2025-01-02 00:00:00-05:00,8.510000228881836,9.039999961853027,8.420000076293945,8.6899995803833,175800,0.0,0.0
2025-01-03 00:00:00-05:00,8.9399995803833,9.220000267028809,8.300000190734863,9.180000305175781,300700,0.0,0.0
2025-01-06 00:00:00-05:00,9.239999771118164,10.279999732971191,9.199999809265137,9.920000076293945,418200,0.0,0.0
2025-01-07 00:00:00-05:00,9.720000267028809,9.789999961853027,8.890000343322754,9.020000457763672,320700,0.0,0.0
2025-01-08 00:00:00-05:00,9.0,9.170000076293945,8.449999809265137,8.460000038146973,175700,0.0,0.0
2025-01-10 00:00:00-05:00,8.420000076293945,8.789999961853027,8.029999732971191,8.460000038146973,166400,0.0,0.0
2025-01-13 00:00:00-05:00,8.25,8.710000038146973,8.09000015258789,8.489999771118164,121800,0.0,0.0
2025-01-14 00:00:00-05:00,8.489999771118164,8.75,7.960000038146973,8.010000228881836,197000,0.0,0.0
2025-01-15 00:00:00-05:00,8.210000038146973,8.399999618530273,8.0,8.289999961853027,99400,0.0,0.0
2025-01-16 00:00:00-05:00,8.319999694824219,8.350000381469727,7.960000038146973,8.260000228881836,109800,0.0,0.0
2025-01-17 00:00:00-05:00,8.369999885559082,8.460000038146973,8.109999656677246,8.350000381469727,110500,0.0,0.0
2025-01-21 00:00:00-05:00,8.399999618530273,8.460000038146973,8.0600004196167,8.140000343322754,112300,0.0,0.0
2025-01-22 00:00:00-05:00,8.149999618530273,8.359999656677246,7.710000038146973,7.840000152587891,284100,0.0,0.0
2025-01-23 00:00:00-05:00,7.849999904632568,8.0,7.429999828338623,7.869999885559082,177000,0.0,0.0
2025-01-24 00:00:00-05:00,7.889999866485596,8.180000305175781,7.699999809265137,7.800000190734863,178600,0.0,0.0
2025-01-27 00:00:00-05:00,7.789999961853027,8.239999771118164,7.400000095367432,7.590000152587891,259300,0.0,0.0
2025-01-28 00:00:00-05:00,7.579999923706055,7.880000114440918,7.349999904632568,7.760000228881836,109000,0.0,0.0
2025-01-29 00:00:00-05:00,7.760000228881836,7.860000133514404,7.25,7.550000190734863,185900,0.0,0.0
2025-01-30 00:00:00-05:00,7.610000133514404,8.140000343322754,7.480000019073486,7.909999847412109,124300,0.0,0.0
2025-01-31 00:00:00-05:00,7.900000095367432,8.220000267028809,7.699999809265137,7.75,130300,0.0,0.0
2025-02-03 00:00:00-05:00,7.550000190734863,7.550000190734863,6.940000057220459,7.03000020980835,404400,0.0,0.0
2025-02-04 00:00:00-05:00,7.099999904632568,7.309999942779541,6.820000171661377,6.960000038146973,195600,0.0,0.0
2025-02-05 00:00:00-05:00,6.920000076293945,7.25,6.860000133514404,6.960000038146973,237300,0.0,0.0
2025-02-06 00:00:00-05:00,7.03000020980835,7.03000020980835,6.570000171661377,6.690000057220459,203800,0.0,0.0
2025-02-07 00:00:00-05:00,6.860000133514404,6.920000076293945,6.099999904632568,6.289999961853027,312900,0.0,0.0
2025-02-10 00:00:00-05:00,6.309999942779541,6.329999923706055,6.070000171661377,6.289999961853027,127700,0.0,0.0
2025-02-11 00:00:00-05:00,6.25,6.289999961853027,5.909999847412109,6.050000190734863,181400,0.0,0.0
2025-02-12 00:00:00-05:00,5.940000057220459,6.409999847412109,5.900000095367432,6.389999866485596,110100,0.0,0.0
2025-02-13 00:00:00-05:00,6.440000057220459,7.420000076293945,6.199999809265137,7.25,288600,0.0,0.0
2025-02-14 00:00:00-05:00,7.300000190734863,7.539999961853027,7.019999980926514,7.269999980926514,183700,0.0,0.0
2025-02-18 00:00:00-05:00,7.340000152587891,7.550000190734863,6.949999809265137,7.119999885559082,149300,0.0,0.0
2025-02-19 00:00:00-05:00,7.010000228881836,7.25,6.610000133514404,7.25,240700,0.0,0.0
2025-02-20 00:00:00-05:00,7.239999771118164,7.25,6.880000114440918,7.039999961853027,94400,0.0,0.0
2025-02-21 00:00:00-05:00,4.900000095367432,5.650000095367432,4.0,4.079999923706055,5442700,0.0,0.0
2025-02-24 00:00:00-05:00,4.0,4.050000190734863,3.559999942779541,4.050000190734863,1656300,0.0,0.0
2025-02-25 00:00:00-05:00,3.8499999046325684,4.130000114440918,3.8499999046325684,4.019999980926514,396000,0.0,0.0
2025-02-26 00:00:00-05:00,3.930000066757202,4.039999961853027,3.8399999141693115,3.859999895095825,341700,0.0,0.0
2025-02-27 00:00:00-05:00,3.869999885559082,3.9700000286102295,3.75,3.799999952316284,200200,0.0,0.0
2025-02-28 00:00:00-05:00,3.759999990463257,4.079999923706055,3.7200000286102295,4.079999923706055,272300,0.0,0.0
2025-03-03 00:00:00-05:00,4.019999980926514,4.090000152587891,3.8399999141693115,3.880000114440918,266600,0.0,0.0
2025-03-04 00:00:00-05:00,3.8299999237060547,3.9600000381469727,3.75,3.819999933242798,277500,0.0,0.0
2025-03-05 00:00:00-05:00,3.859999895095825,4.050000190734863,3.819999933242798,4.0,306900,0.0,0.0
2025-03-06 00:00:00-05:00,3.9000000953674316,4.130000114440918,3.859999895095825,4.110000133514404,215300,0.0,0.0
2025-03-07 00:00:00-05:00,4.059999942779541,4.139999866485596,3.940000057220459,4.0,134200,0.0,0.0
2025-03-10 00:00:00-04:00,3.930000066757202,4.079999923706055,3.8499999046325684,3.940000057220459,306300,0.0,0.0
2025-03-11 00:00:00-04:00,3.9000000953674316,4.099999904632568,3.819999933242798,3.9600000381469727,309700,0.0,0.0
2025-03-12 00:00:00-04:00,3.9600000381469727,4.0,3.7899999618530273,3.859999895095825,174600,0.0,0.0
2025-03-13 00:00:00-04:00,3.819999933242798,3.8499999046325684,3.6700000762939453,3.7300000190734863,186400,0.0,0.0
