Date,Open,High,Low,Close,Volume,Dividends,Stock Splits
2015-03-20 00:00:00+09:00,2516.62646484375,2532.9153092763954,2508.4820426274273,2516.62646484375,64000,0.0,0.0
2015-03-23 00:00:00+09:00,2573.636641855315,2634.7197900006154,2573.636641855315,2585.853271484375,123600,0.0,0.0
2015-03-24 00:00:00+09:00,2577.709164247467,2585.8535849875852,2528.842639806757,2536.987060546875,63600,0.0,0.0
2015-03-25 00:00:00+09:00,2532.9146280858745,2553.2756781508733,2520.697998046875,2520.697998046875,41600,0.0,0.0
2015-03-26 00:00:00+09:00,2508.481602202869,2524.7704437756147,2471.8317086641905,2484.04833984375,75600,0.0,0.0
2015-03-27 00:00:00+09:00,2479.1389477539065,2511.866854654948,2447.229238525391,2454.593017578125,68300,14.0,0.0
2015-03-30 00:00:00+09:00,2450.501954381298,2479.1388720451864,2372.77317786503,2385.046142578125,91400,0.0,0.0
2015-03-31 00:00:00+09:00,2397.3191030348357,2466.8659029522287,2382.59154540527,2452.95654296875,151600,0.0,0.0
2015-04-01 00:00:00+09:00,2462.775224765439,2495.503134729099,2397.3194048381183,2406.319580078125,61800,0.0,0.0
2015-04-02 00:00:00+09:00,2383.4098926181073,2413.6832074230747,2376.8643110386547,2398.137451171875,56500,0.0,0.0
2015-04-03 00:00:00+09:00,2412.046594532821,2454.5928709628433,2382.5914800812666,2441.501708984375,62200,0.0,0.0
2015-04-06 00:00:00+09:00,2475.0475460028497,2610.050139421187,2448.0470273191822,2601.8681640625,165200,0.0,0.0
2015-04-07 00:00:00+09:00,2614.1420109375,2614.1420109375,2507.7762953125,2556.8681640625,123500,0.0,0.0
2015-04-08 00:00:00+09:00,2573.2321595783474,2593.6871052029765,2528.2312792041635,2585.505126953125,87300,0.0,0.0
2015-04-09 00:00:00+09:00,2597.778076171875,2610.051043460876,2573.232141593873,2597.778076171875,58800,0.0,0.0
2015-04-10 00:00:00+09:00,2610.0503545743286,2626.414306640625,2540.5035582925675,2626.414306640625,73500,0.0,0.0
2015-04-13 00:00:00+09:00,2634.5966400971283,2732.7803658150337,2634.5966400971283,2724.598388671875,146600,0.0,0.0
2015-04-14 00:00:00+09:00,2724.598704486812,2749.144638761468,2667.324857845948,2675.5068359375,89100,0.0,0.0
2015-04-15 00:00:00+09:00,2675.506583036759,2695.961526332147,2618.2327418096725,2622.32373046875,59200,0.0,0.0
2015-04-16 00:00:00+09:00,2618.2322868663596,2700.052045830933,2601.8683350734445,2663.233154296875,97400,0.0,0.0
2015-04-17 00:00:00+09:00,2646.8699665394865,2683.6888687015503,2614.142053506541,2638.68798828125,60500,0.0,0.0
2015-04-20 00:00:00+09:00,2601.868737980769,2683.6885096153846,2577.3228064903847,2659.142578125,46900,0.0,0.0
2015-04-21 00:00:00+09:00,2646.8695367422238,2683.688432925655,2634.5965713477467,2655.051513671875,30600,0.0,0.0
2015-04-22 00:00:00+09:00,2671.415659542167,2822.78224362036,2671.415659542167,2810.50927734375,230800,0.0,0.0
2015-04-23 00:00:00+09:00,2826.872756333379,2888.2375773825843,2781.871887563962,2798.23583984375,120000,0.0,0.0
2015-04-24 00:00:00+09:00,2798.2359301142333,2933.238540777639,2798.2359301142333,2920.965576171875,177300,0.0,0.0
2015-04-27 00:00:00+09:00,2867.7824480787517,2974.1481308890907,2867.7824480787517,2957.7841796875,134400,0.0,0.0
2015-04-28 00:00:00+09:00,2957.784454824581,2961.875443005528,2826.8728330342815,2867.78271484375,93900,0.0,0.0
2015-04-30 00:00:00+09:00,2859.600707465278,2863.6916956018517,2740.9620515046295,2761.4169921875,75600,0.0,0.0
2015-05-01 00:00:00+09:00,2720.507526803524,2732.7804930898556,2655.051706609755,2691.87060546875,58400,0.0,0.0
2015-05-07 00:00:00+09:00,2683.6888687015503,2704.1438143471414,2638.68798828125,2638.68798828125,39500,0.0,0.0
2015-05-08 00:00:00+09:00,2753.235253679494,2753.235253679494,2638.6875759632594,2642.778564453125,68800,0.0,0.0
2015-05-11 00:00:00+09:00,2700.052306393543,2736.8712014807274,2667.324399649379,2716.416259765625,73700,0.0,0.0
2015-05-12 00:00:00+09:00,2618.2324066874025,2667.3242643127915,2511.866715165727,2630.50537109375,131900,0.0,0.0
2015-05-13 00:00:00+09:00,2593.686786073627,2700.052490234375,2581.4138202089252,2700.052490234375,56900,0.0,0.0
2015-05-14 00:00:00+09:00,2700.052903309939,2700.052903309939,2638.6880645983497,2695.9619140625,48700,0.0,0.0
2015-05-15 00:00:00+09:00,2695.961243524802,2695.961243524802,2630.5054318458992,2646.869384765625,34300,0.0,0.0
2015-05-18 00:00:00+09:00,2650.960594383446,2765.508274387669,2650.960594383446,2724.598388671875,68700,0.0,0.0
2015-05-19 00:00:00+09:00,2736.8711677751458,2818.6909336279155,2720.507214604592,2806.41796875,71200,0.0,0.0
2015-05-20 00:00:00+09:00,2814.6001734851234,2863.6920369761433,2810.5091848608718,2818.691162109375,71900,0.0,0.0
2015-05-21 00:00:00+09:00,2761.4176312084564,2814.6004892909896,2761.4176312084564,2769.599609375,30300,0.0,0.0
2015-05-22 00:00:00+09:00,2757.326450370743,2757.326450370743,2691.8706295904285,2732.780517578125,36000,0.0,0.0
2015-05-25 00:00:00+09:00,2753.23507759474,2761.4170540511877,2704.143218856052,2712.3251953125,32800,0.0,0.0
2015-05-26 00:00:00+09:00,2712.325406609095,2736.871337890625,2704.1434295152512,2736.871337890625,32000,0.0,0.0
2015-05-27 00:00:00+09:00,2700.0518973214284,2740.961774553571,2700.0518973214284,2720.5068359375,21000,0.0,0.0
2015-05-28 00:00:00+09:00,2708.2338515205615,2749.1437284317485,2659.1419992271376,2667.323974609375,65000,0.0,0.0
2015-05-29 00:00:00+09:00,2736.870786830357,2781.871651785714,2712.3248604910714,2720.5068359375,76800,0.0,0.0
2015-06-01 00:00:00+09:00,2777.7814248908962,2835.05526870308,2757.3264806722595,2826.873291015625,83100,0.0,0.0
2015-06-02 00:00:00+09:00,2835.0553842962045,2863.6923073699036,2785.9635161698634,2859.601318359375,84500,0.0,0.0
2015-06-03 00:00:00+09:00,2863.692254535222,2904.6021438857256,2855.5102766651216,2896.420166015625,110600,0.0,0.0
2015-06-04 00:00:00+09:00,2871.8737469246375,2978.23944125518,2867.782758681155,2961.87548828125,132100,0.0,0.0
2015-06-05 00:00:00+09:00,2974.1485542063706,3100.969194069366,2916.874716848889,3072.332275390625,180000,0.0,0.0
2015-06-08 00:00:00+09:00,3027.331583772197,3051.877515532512,2929.147856730937,2937.329833984375,80100,0.0,0.0
2015-06-09 00:00:00+09:00,3023.240294203928,3166.4248818861165,3006.8763413259635,3105.06005859375,260100,0.0,0.0
2015-06-10 00:00:00+09:00,3060.059585453004,3207.3351804748063,3035.51365294937,3166.42529296875,162500,0.0,0.0
2015-06-11 00:00:00+09:00,3207.3350533487856,3231.880984879516,3137.788247345049,3199.153076171875,139700,0.0,0.0
2015-06-12 00:00:00+09:00,3174.606870432991,3346.4283763069416,3174.606870432991,3289.154541015625,145800,0.0,0.0
2015-06-15 00:00:00+09:00,3289.1549030172414,3317.791823814655,3170.5162311422414,3203.244140625,79100,0.0,0.0
2015-06-16 00:00:00+09:00,3150.061238606771,3264.6089200106535,3092.7873979048295,3240.06298828125,108500,0.0,0.0
2015-06-17 00:00:00+09:00,3182.788670303798,3317.7912745711824,3182.788670303798,3305.518310546875,111200,0.0,0.0
2015-06-18 00:00:00+09:00,3264.6091606326218,3301.4280609405087,3174.6074043244544,3186.88037109375,71500,0.0,0.0
2015-06-19 00:00:00+09:00,3227.78994198296,3227.78994198296,3113.242263433501,3117.333251953125,55600,0.0,0.0
2015-06-22 00:00:00+09:00,3109.1509562017377,3231.880599209701,3100.9689800012065,3178.69775390625,75700,0.0,0.0
2015-06-23 00:00:00+09:00,3231.880818631845,3240.0627953878748,3137.7880859375,3137.7880859375,99000,0.0,0.0
2015-06-24 00:00:00+09:00,3170.5160253777926,3174.607013797635,3096.878233820631,3113.2421875,59500,0.0,0.0
2015-06-25 00:00:00+09:00,3109.1511990801578,3137.788118019054,3068.2413148817345,3113.2421875,70200,0.0,0.0
2015-06-26 00:00:00+09:00,3117.332869777906,3125.514845814069,3084.6049656332566,3096.8779296875,60000,0.0,0.0
2015-06-29 00:00:00+09:00,2949.602808919716,3031.422581705284,2945.511820280438,2990.5126953125,123600,0.0,0.0
2015-06-30 00:00:00+09:00,2949.6024481969166,3100.969009338783,2949.6024481969166,3088.696044921875,76600,0.0,0.0
2015-07-01 00:00:00+09:00,3080.51424864529,3166.425004583605,3043.6953532431553,3137.7880859375,62700,0.0,0.0
2015-07-02 00:00:00+09:00,3190.9712402343753,3280.9729931640627,3158.2433300781254,3272.791015625,158600,0.0,0.0
2015-07-03 00:00:00+09:00,3215.5172104779413,3264.609076286765,3027.331724877451,3129.6064453125,165000,0.0,0.0
2015-07-06 00:00:00+09:00,3072.331999290971,3162.3337356217316,3027.3311311255907,3031.422119140625,98800,0.0,0.0
2015-07-07 00:00:00+09:00,3055.9686201445907,3227.790148988062,3035.5136762346538,3207.335205078125,122200,0.0,0.0
2015-07-08 00:00:00+09:00,3158.2428588867188,3170.515823364258,2961.8754272460938,3010.96728515625,201000,0.0,0.0
2015-07-09 00:00:00+09:00,2806.417949787621,2982.330445182472,2740.962137547677,2949.6025390625,147300,0.0,0.0
2015-07-10 00:00:00+09:00,3006.8762969970703,3006.8762969970703,2814.599853515625,2814.599853515625,72700,0.0,0.0
2015-07-13 00:00:00+09:00,2835.0547507957176,2994.603286554784,2826.872774602945,2982.330322265625,100600,0.0,0.0
2015-07-14 00:00:00+09:00,3019.149433756737,3051.8773408977313,2925.0567007263776,2941.420654296875,103500,0.0,0.0
2015-07-15 00:00:00+09:00,2961.8758250735805,2994.603734742902,2912.7839605695985,2953.69384765625,56000,0.0,0.0
2015-07-16 00:00:00+09:00,2933.2384089642505,3100.9689177055816,2925.056432928088,3096.8779296875,78900,0.0,0.0
2015-07-17 00:00:00+09:00,3072.3320015790127,3121.4238577959877,3002.7852052716316,3096.8779296875,47500,0.0,0.0
2015-07-21 00:00:00+09:00,3125.5154054626937,3170.516281719356,3092.7874954578488,3166.42529296875,63900,0.0,0.0
2015-07-22 00:00:00+09:00,3117.3337956766686,3133.697752609354,3051.877967945925,3080.514892578125,55800,0.0,0.0
2015-07-23 00:00:00+09:00,3076.4233667568897,3133.697206031619,3060.059412678396,3117.333251953125,73700,0.0,0.0
2015-07-24 00:00:00+09:00,3125.5154393514,3166.4253273010254,3109.1514841715493,3141.87939453125,71000,0.0,0.0
2015-07-27 00:00:00+09:00,3133.696976130188,3141.87895256917,3072.332152837821,3105.06005859375,73100,0.0,0.0
2015-07-28 00:00:00+09:00,3027.331282423419,3129.6059879106965,2990.512388447999,3105.06005859375,56800,0.0,0.0
2015-07-29 00:00:00+09:00,3105.060190993089,3190.970947265625,3031.4223999023434,3190.970947265625,84000,0.0,0.0
2015-07-30 00:00:00+09:00,3133.6973974609377,3272.791015625,3133.6973974609377,3272.791015625,118600,0.0,0.0
2015-07-31 00:00:00+09:00,3256.4266999234856,3285.063618138893,3162.3339686442896,3174.60693359375,85600,0.0,0.0
2015-08-03 00:00:00+09:00,3150.061083278581,3150.061083278581,3113.2421875,3113.2421875,53800,0.0,0.0
2015-08-04 00:00:00+09:00,3109.151285282258,3219.6079756804434,3051.877445816532,3170.51611328125,116400,0.0,0.0
2015-08-05 00:00:00+09:00,3113.242273815524,3178.698090347782,3084.605354082661,3170.51611328125,66800,0.0,0.0
2015-08-06 00:00:00+09:00,3113.242215048942,3154.152099609375,3076.4233189445526,3154.152099609375,108200,0.0,0.0
2015-08-07 00:00:00+09:00,3096.878981295865,3100.969970703125,2982.3312778925833,3100.969970703125,244100,0.0,0.0
2015-08-10 00:00:00+09:00,3035.51365294937,3166.42529296875,3023.2406866975534,3166.42529296875,157600,0.0,0.0
2015-08-11 00:00:00+09:00,3272.7910255899233,3293.24596949986,3043.695653798629,3207.335205078125,347200,0.0,0.0
2015-08-12 00:00:00+09:00,3113.2415831239073,3141.8784965034965,2896.4192389641607,2925.05615234375,359500,0.0,0.0
2015-08-13 00:00:00+09:00,2818.69110258896,2863.6919765054745,2679.597492301551,2802.3271484375,364500,0.0,0.0
2015-08-14 00:00:00+09:00,2749.1444796255505,2814.600300569016,2646.8697594013856,2785.96337890625,292500,0.0,0.0
2015-08-17 00:00:00+09:00,2843.237623206651,2953.69433662619,2830.964655048924,2900.511474609375,182100,0.0,0.0
2015-08-18 00:00:00+09:00,2908.6926564125347,3019.149339567441,2908.6926564125347,2949.6025390625,145400,0.0,0.0
2015-08-19 00:00:00+09:00,2880.0557580174927,2896.4197111880467,2773.690062408892,2806.41796875,170200,0.0,0.0
2015-08-20 00:00:00+09:00,2839.146346413878,2847.3283243574338,2724.598655204096,2765.508544921875,71000,0.0,0.0
2015-08-21 00:00:00+09:00,2675.5064723720493,2691.870426331511,2556.867806165949,2642.778564453125,145400,0.0,0.0
2015-08-24 00:00:00+09:00,2372.7738167475727,2577.3232837085707,2368.6828274083528,2443.95703125,155700,0.0,0.0
2015-08-25 00:00:00+09:00,2290.953381058229,2540.503660066357,2247.5889063453405,2346.5908203125,129900,0.0,0.0
2015-08-26 00:00:00+09:00,2458.684141351369,2507.776004406637,2372.773381004649,2475.048095703125,66400,0.0,0.0
2015-08-27 00:00:00+09:00,2540.5036783313435,2605.959489689317,2450.5019377141302,2462.77490234375,72900,0.0,0.0
2015-08-28 00:00:00+09:00,2577.322906949627,2581.413895690817,2420.228939287935,2466.8662109375,125400,0.0,0.0
2015-08-31 00:00:00+09:00,2503.6851514472337,2532.3220731141137,2454.593285732582,2495.503173828125,55000,0.0,0.0
2015-09-01 00:00:00+09:00,2458.6837826053147,2491.411686533505,2301.58984375,2301.58984375,122200,0.0,0.0
2015-09-02 00:00:00+09:00,2219.7705415168693,2420.2289943998894,2217.315948216261,2311.40869140625,128600,0.0,0.0
2015-09-03 00:00:00+09:00,2421.8651455068252,2487.320960250253,2386.6826450822327,2427.592529296875,123500,0.0,0.0
2015-09-04 00:00:00+09:00,2405.5015242129343,2430.0474581334743,2209.9522506459643,2308.135986328125,84000,0.0,0.0
2015-09-07 00:00:00+09:00,2224.679532301461,2290.135347889588,2214.0429622683905,2218.9521484375,60800,0.0,0.0
2015-09-08 00:00:00+09:00,2226.315292234917,2262.315980532725,2114.222240034923,2123.222412109375,116900,0.0,0.0
2015-09-09 00:00:00+09:00,2217.315499690732,2304.8626430364543,2168.2236436090184,2294.22607421875,67200,0.0,0.0
2015-09-10 00:00:00+09:00,2217.3151269496107,2310.5896378249818,2194.4055979626773,2273.770751953125,85100,0.0,0.0
2015-09-11 00:00:00+09:00,2245.134157133635,2419.4102414883964,2234.497588604941,2416.137451171875,59800,0.0,0.0
2015-09-14 00:00:00+09:00,2416.137829719247,2438.2291678169167,2302.4083484016123,2315.49951171875,32100,0.0,0.0
2015-09-15 00:00:00+09:00,2305.680849591905,2344.136137005255,2262.316376551319,2286.8623046875,31000,0.0,0.0
2015-09-16 00:00:00+09:00,2278.680410746941,2328.5904664221885,2233.6795408758167,2286.044189453125,27200,0.0,0.0
2015-09-17 00:00:00+09:00,2299.1348106207843,2354.7722366429243,2283.5890592322453,2335.135498046875,29300,0.0,0.0
2015-09-18 00:00:00+09:00,2331.863312416888,2408.773891843972,2297.4990109707446,2307.3173828125,60700,0.0,0.0
2015-09-24 00:00:00+09:00,2277.043659011044,2325.3173118610807,2239.4065737381343,2241.04296875,32000,0.0,0.0
2015-09-25 00:00:00+09:00,2209.133954115317,2289.317334672095,2192.769998899648,2265.589599609375,40700,0.0,0.0
2015-09-28 00:00:00+09:00,2303.431632877299,2369.2439652452217,2262.2989251473473,2281.219970703125,70900,15.0,0.0
2015-09-29 00:00:00+09:00,2258.1857569579624,2340.451176154974,2180.0336087208016,2205.535888671875,56100,0.0,0.0
2015-09-30 00:00:00+09:00,2287.8009560140686,2393.923330457008,2286.1556478831703,2353.61328125,58300,0.0,0.0
2015-10-01 00:00:00+09:00,2425.1844389204543,2500.8686208677686,2387.3423479467974,2488.52880859375,68100,0.0,0.0
2015-10-02 00:00:00+09:00,2513.2084331417873,2546.114599205837,2480.3022670777377,2488.52880859375,56100,0.0,0.0
2015-10-05 00:00:00+09:00,2496.755446541978,2517.321801126344,2374.1799732191594,2449.04150390625,54800,0.0,0.0
2015-10-06 00:00:00+09:00,2467.9620691247887,2488.5284197008286,2414.489557627085,2435.055908203125,26100,0.0,0.0
2015-10-07 00:00:00+09:00,2192.373087565104,2212.939439230818,2023.72900390625,2023.72900390625,969000,0.0,0.0
2015-10-08 00:00:00+09:00,2048.408934039834,2054.9901675628535,1959.5622814790702,1999.0496826171875,364800,0.0,0.0
2015-10-09 00:00:00+09:00,1988.3549131819466,2028.664963138883,1974.369793809132,1999.8720703125,180200,0.0,0.0
2015-10-13 00:00:00+09:00,2014.679855890282,2014.679855890282,1980.1283842906937,1985.886962890625,104800,0.0,0.0
2015-10-14 00:00:00+09:00,1978.4830798485411,1978.4830798485411,1929.1238346132345,1931.591796875,122000,0.0,0.0
2015-10-15 00:00:00+09:00,1925.010706777791,1939.8184814453125,1884.7006535162047,1939.8184814453125,143300,0.0,0.0
2015-10-16 00:00:00+09:00,1933.236949412137,1953.8032999377979,1911.0252908444231,1919.2518310546875,67300,0.0,0.0
2015-10-19 00:00:00+09:00,1919.2523260232676,1940.6413360861072,1861.6665297002378,1892.104736328125,115800,0.0,0.0
2015-10-20 00:00:00+09:00,1915.9614312833146,1915.9614312833146,1861.666259765625,1861.666259765625,100200,0.0,0.0
2015-10-21 00:00:00+09:00,1875.651090537288,1904.4439800850093,1867.4245506665102,1890.4588623046875,119600,0.0,0.0
2015-10-22 00:00:00+09:00,1897.8626907690998,1900.3306526556657,1859.1979545462357,1869.8924560546875,94600,0.0,0.0
2015-10-23 00:00:00+09:00,1884.7004713340314,1938.172985797895,1883.8778172653565,1915.138671875,117300,0.0,0.0
2015-10-26 00:00:00+09:00,1940.641061855435,1941.4637159723725,1896.217739540813,1901.976318359375,104800,0.0,0.0
2015-10-27 00:00:00+09:00,1900.3310158843738,1960.3847666027978,1900.3310158843738,1951.3355712890625,133300,0.0,0.0
2015-10-28 00:00:00+09:00,1951.33552831533,1960.384723429777,1919.2520183641084,1934.8824462890625,97200,0.0,0.0
2015-10-29 00:00:00+09:00,1961.207731256565,1967.7889652540703,1952.9811887596834,1957.9171142578125,94400,0.0,0.0
2015-10-30 00:00:00+09:00,1957.9168595805922,1965.3207468647204,1941.4637767269737,1953.8035888671875,67500,0.0,0.0
2015-11-02 00:00:00+09:00,1953.8032113248287,1967.7883290479958,1934.882169699367,1949.68994140625,62100,0.0,0.0
2015-11-04 00:00:00+09:00,1963.6754315971666,1963.6754315971666,1916.7841456310841,1922.542724609375,99200,0.0,0.0
2015-11-05 00:00:00+09:00,1933.2372627749464,1933.2372627749464,1906.912329835032,1916.7841796875,44400,0.0,0.0
2015-11-06 00:00:00+09:00,1916.7838589039761,1994.9359904901896,1916.7838589039761,1978.48291015625,145900,0.0,0.0
2015-11-09 00:00:00+09:00,1998.2269674414615,2039.3596757049745,1994.9363507803805,2032.7784423828125,137200,0.0,0.0
2015-11-10 00:00:00+09:00,1996.5818285836203,2023.7294183418649,1953.8038083585077,1963.6756591796875,211300,0.0,0.0
2015-11-11 00:00:00+09:00,1966.9660015479553,1973.5472345100566,1925.8332955348237,1933.2371826171875,132300,0.0,0.0
2015-11-12 00:00:00+09:00,1916.7843471843307,1928.301506351962,1864.1344767037313,1865.77978515625,198700,0.0,0.0
2015-11-13 00:00:00+09:00,1883.8779742901143,1897.8630946232722,1875.6514329176682,1882.232666015625,103200,0.0,0.0
2015-11-16 00:00:00+09:00,1860.0211024237067,1860.0211024237067,1818.0657392111418,1824.64697265625,137800,0.0,0.0
2015-11-17 00:00:00+09:00,1836.986747787511,1836.986747787511,1772.8197230103385,1781.0462646484375,137900,0.0,0.0
2015-11-18 00:00:00+09:00,1776.9329938293881,1806.5485437265445,1775.2876855017682,1781.0462646484375,85700,0.0,0.0
2015-11-19 00:00:00+09:00,1781.0460086590012,1828.7599433020598,1775.2874303400113,1822.1787109375,83100,0.0,0.0
2015-11-20 00:00:00+09:00,1827.9378323414066,1872.3611640004688,1822.1792523115282,1864.957275390625,152400,0.0,0.0
2015-11-24 00:00:00+09:00,1881.4099243701817,1911.8481260324888,1864.9568423905562,1867.4248046875,110300,0.0,0.0
2015-11-25 00:00:00+09:00,1867.4245367655274,1874.005768613159,1831.2277616035524,1841.099609375,66700,0.0,0.0
2015-11-26 00:00:00+09:00,1860.0210498046874,1887.991291155134,1860.0210498046874,1871.5382080078125,94100,0.0,0.0
2015-11-27 00:00:00+09:00,1883.8774305974246,2027.8418630666602,1883.0547766976003,2025.3739013671875,354900,0.0,0.0
2015-11-30 00:00:00+09:00,2056.6352965339784,2089.5414612785216,2023.7291317894346,2073.08837890625,274100,0.0,0.0
2015-12-01 00:00:00+09:00,2114.2212047445682,2114.2212047445682,2016.3253590774073,2032.7784423828125,165000,0.0,0.0
2015-12-02 00:00:00+09:00,2073.910832644247,2136.4325396180525,2052.521827626893,2125.738037109375,236300,0.0,0.0
2015-12-03 00:00:00+09:00,2119.1573309075343,2147.127575181935,2089.5417781464043,2101.881591796875,158200,0.0,0.0
2015-12-04 00:00:00+09:00,2089.5412264077972,2096.1224586169556,2056.6350653620048,2077.201416015625,88000,0.0,0.0
2015-12-07 00:00:00+09:00,2114.2211972053146,2133.9648971013953,2077.2017599001633,2078.0244140625,80800,0.0,0.0
2015-12-08 00:00:00+09:00,2114.2210612364856,2114.2210612364856,2052.522003029195,2082.960205078125,52600,0.0,0.0
2015-12-09 00:00:00+09:00,2070.6207496571938,2093.6550686839723,2010.5669893373783,2029.488037109375,56200,0.0,0.0
2015-12-10 00:00:00+09:00,2007.2761555024874,2007.2761555024874,1939.8185142110103,1943.109130859375,113200,0.0,0.0
2015-12-11 00:00:00+09:00,1943.1086868544758,1987.5320014565677,1932.414185191009,1941.46337890625,46900,0.0,0.0
2015-12-14 00:00:00+09:00,1877.2962068584513,1947.2217886213646,1842.7447429285412,1934.059326171875,84300,0.0,0.0
2015-12-15 00:00:00+09:00,1910.202974669208,1952.9809913284669,1873.1835371756188,1879.7647705078125,50500,0.0,0.0
2015-12-16 00:00:00+09:00,1956.271217758591,1962.8524497779638,1896.2174755818135,1948.044677734375,48800,0.0,0.0
2015-12-17 00:00:00+09:00,1906.912385201097,1977.6606445312498,1906.912385201097,1977.66064453125,73700,0.0,0.0
2015-12-18 00:00:00+09:00,1979.3058133518948,2026.197098206865,1933.2371826171875,1933.2371826171875,93300,0.0,0.0
2015-12-21 00:00:00+09:00,1964.4976538117469,1964.4976538117469,1871.5377564580083,1911.025146484375,41000,0.0,0.0
2015-12-22 00:00:00+09:00,1911.025513645687,1934.0598289199354,1892.1044689561256,1901.976318359375,39600,0.0,0.0
2015-12-24 00:00:00+09:00,1901.9760500980476,1901.9760500980476,1832.8731140218208,1848.5035400390625,86800,0.0,0.0
2015-12-25 00:00:00+09:00,1848.5035400390625,1848.5035400390625,1848.5035400390625,1848.5035400390625,0,0.0,0.0
2015-12-28 00:00:00+09:00,1850.1488710894855,1894.5721876919008,1848.5035630671737,1883.877685546875,71600,0.0,0.0
2015-12-29 00:00:00+09:00,1843.567920420988,1900.331055855637,1843.567920420988,1891.2818603515625,29500,0.0,0.0
2015-12-30 00:00:00+09:00,1891.28198052494,1990.0004832056677,1891.28198052494,1958.7396240234375,52200,0.0,0.0
2016-01-04 00:00:00+09:00,1917.6068992386322,1952.9810290830171,1897.8631988603709,1923.365478515625,35900,0.0,0.0
2016-01-05 00:00:00+09:00,1882.2328013249892,1956.2716789994863,1879.7648387358395,1926.6561279296875,36300,0.0,0.0
2016-01-06 00:00:00+09:00,1926.655784567266,1935.7049791147638,1879.7645037302318,1898.685546875,22600,0.0,0.0
2016-01-07 00:00:00+09:00,1867.4247635178206,1892.1043859431663,1814.77490234375,1814.77490234375,45100,0.0,0.0
2016-01-08 00:00:00+09:00,1768.706087725662,1795.8536695372652,1744.026467896932,1762.947509765625,62000,0.0,0.0
2016-01-12 00:00:00+09:00,1716.8792150497436,1723.4604482650757,1538.3632640838623,1579.4959716796875,185500,0.0,0.0
2016-01-13 00:00:00+09:00,1603.352705522017,1653.5346013849432,1597.5941273082385,1610.756591796875,64800,0.0,0.0
2016-01-14 00:00:00+09:00,1544.944179860482,1570.4464533299574,1483.245131144009,1532.6043701171875,118900,0.0,0.0
2016-01-15 00:00:00+09:00,1520.2647902468418,1579.4958859707447,1517.7968279250124,1546.5897216796875,75700,0.0,0.0
2016-01-18 00:00:00+09:00,1462.6791289419975,1510.3930712809379,1448.6940079116187,1483.2454833984375,137900,0.0,0.0
2016-01-19 00:00:00+09:00,1480.7773323946221,1499.698376086331,1465.1469049971233,1485.7132568359375,53000,0.0,0.0
2016-01-20 00:00:00+09:00,1521.910049447112,1550.7029422744897,1450.3391444190586,1453.6297607421875,58600,0.0,0.0
2016-01-21 00:00:00+09:00,1420.723591412827,1462.6789493526383,1368.07373046875,1368.07373046875,56200,0.0,0.0
2016-01-22 00:00:00+09:00,1411.674414961005,1447.8711948317998,1411.674414961005,1430.595458984375,51900,0.0,0.0
2016-01-25 00:00:00+09:00,1482.422878379469,1516.151700806527,1468.437756885323,1512.861083984375,37000,0.0,0.0
2016-01-26 00:00:00+09:00,1505.4570876622959,1505.4570876622959,1474.196230104281,1498.8758544921875,49700,0.0,0.0
2016-01-27 00:00:00+09:00,1507.1025744980657,1550.7032494153132,1507.1025744980657,1541.654052734375,66200,0.0,0.0
2016-01-28 00:00:00+09:00,1497.2306515144903,1502.1665767392633,1456.9205955121772,1472.551025390625,72200,0.0,0.0
2016-01-29 00:00:00+09:00,1472.551025390625,1490.6494178814596,1440.4675114296003,1472.551025390625,71000,0.0,0.0
2016-02-01 00:00:00+09:00,1505.4569091796875,1534.24980088531,1493.1170984487064,1505.4569091796875,108200,0.0,0.0
2016-02-02 00:00:00+09:00,1530.1366081361246,1554.8162308479975,1516.1514885993965,1525.20068359375,76300,0.0,0.0
2016-02-03 00:00:00+09:00,1530.1364748688231,1553.9934414124768,1498.8756221564493,1548.23486328125,91000,0.0,0.0
2016-02-04 00:00:00+09:00,1503.8117015796704,1525.200708276099,1464.3243046016485,1497.23046875,39500,0.0,0.0
2016-02-05 00:00:00+09:00,1515.3289688501602,1515.3289688501602,1431.418244190705,1443.758056640625,58900,0.0,0.0
2016-02-08 00:00:00+09:00,1398.5118848224017,1438.8219332672827,1382.8814578743868,1414.9649658203125,47600,0.0,0.0
2016-02-09 00:00:00+09:00,1341.7485119803519,1380.413245311484,1246.3206595035151,1265.24169921875,148900,0.0,0.0
2016-02-10 00:00:00+09:00,1232.3359323207183,1242.207782245851,1059.578558630898,1124.5682373046875,174900,0.0,0.0
2016-02-12 00:00:00+09:00,1127.0360708428811,1127.0360708428811,1017.6230800238278,1020.9136962890625,117300,0.0,0.0
2016-02-15 00:00:00+09:00,1111.405394256303,1111.405394256303,1021.7361211445805,1043.1251220703125,121200,0.0,0.0
2016-02-16 00:00:00+09:00,1067.8052256058675,1124.5683693399235,1037.367018096301,1088.37158203125,116200,0.0,0.0
2016-02-17 00:00:00+09:00,1063.6917143965188,1144.3118133995033,1063.6917143965188,1115.5189208984375,78000,0.0,0.0
2016-02-18 00:00:00+09:00,1163.2328213152327,1217.5279883638927,1137.7305458832864,1166.5234375,94200,0.0,0.0
2016-02-19 00:00:00+09:00,1145.1343359375,1211.769308071794,1145.1343359375,1192.8482666015625,45500,0.0,0.0
2016-02-22 00:00:00+09:00,1152.5384626537773,1179.6860495685344,1152.5384626537773,1156.6517333984375,39300,0.0,0.0
2016-02-23 00:00:00+09:00,1165.700645480486,1173.1045310198822,1098.2430216770988,1117.1640625,37200,0.0,0.0
2016-02-24 00:00:00+09:00,1118.8091539486434,1130.326307003997,1046.415620457849,1061.223388671875,95100,0.0,0.0
2016-02-25 00:00:00+09:00,1056.2878731065123,1107.2924277269203,1056.2878731065123,1077.6768798828125,43800,0.0,0.0
2016-02-26 00:00:00+09:00,1079.3221219016266,1104.824397647778,1061.2237326624227,1062.04638671875,63600,0.0,0.0
2016-02-29 00:00:00+09:00,1086.7260422636643,1102.3564698208254,1065.3370361328125,1065.3370361328125,34100,0.0,0.0
2016-03-01 00:00:00+09:00,1062.8690074573863,1093.307206587358,1051.3518510298295,1076.8541259765625,31100,0.0,0.0
2016-03-02 00:00:00+09:00,1089.193869241854,1104.8242948578625,1077.676713524795,1079.322021484375,53300,0.0,0.0
2016-03-03 00:00:00+09:00,1085.9034826220568,1201.075064112275,1085.9034826220568,1187.91259765625,107200,0.0,0.0
2016-03-04 00:00:00+09:00,1168.991377397017,1214.2373490767045,1139.3758322975852,1149.2476806640625,86200,0.0,0.0
2016-03-07 00:00:00+09:00,1164.0554751909388,1193.671020849507,1160.7648590066535,1175.5726318359375,41300,0.0,0.0
2016-03-08 00:00:00+09:00,1168.9914226135472,1184.621849798387,1139.3758763685876,1147.6024169921875,26900,0.0,0.0
2016-03-09 00:00:00+09:00,1141.8438612137338,1146.7797856858392,1123.7454714826804,1137.7305908203125,33300,0.0,0.0
2016-03-10 00:00:00+09:00,1141.8440472437157,1204.365767409798,1139.376084605581,1202.720458984375,58100,0.0,0.0
2016-03-11 00:00:00+09:00,1185.4444472029402,1231.5130724932696,1178.0405609955658,1217.5279541015625,51200,0.0,0.0
2016-03-14 00:00:00+09:00,1232.3360050115555,1289.0991454293107,1231.5133508026024,1279.227294921875,54300,0.0,0.0
2016-03-15 00:00:00+09:00,1258.6609703215543,1297.325719083066,1235.6266519104408,1242.2078857421875,61100,0.0,0.0
2016-03-16 00:00:00+09:00,1244.6754842845316,1299.7933015000397,1243.0301763079492,1296.502685546875,44100,0.0,0.0
2016-03-17 00:00:00+09:00,1289.9215424991878,1316.2464719379468,1246.3208781162434,1266.0645751953125,52700,0.0,0.0
2016-03-18 00:00:00+09:00,1261.1286288174715,1261.1286288174715,1210.9467329545455,1230.6904296875,42500,0.0,0.0
2016-03-22 00:00:00+09:00,1242.2079431201107,1263.5969540612518,1234.804054717408,1235.626708984375,15600,0.0,0.0
2016-03-23 00:00:00+09:00,1240.562577284251,1250.4344280318708,1240.562577284251,1242.2078857421875,17600,0.0,0.0
2016-03-24 00:00:00+09:00,1240.5624658364275,1253.7249323174506,1237.2718492161716,1246.321044921875,39700,0.0,0.0
2016-03-25 00:00:00+09:00,1237.271761542606,1256.1928057683242,1224.1092959942805,1240.5623779296875,40000,0.0,0.0
2016-03-28 00:00:00+09:00,1266.0646767597425,1266.0646767597425,1234.8038205434525,1248.7889404296875,27900,0.0,0.0
2016-03-29 00:00:00+09:00,1250.4507359316863,1316.0890137646454,1245.465550273487,1311.9346923828125,45100,15.0,0.0
2016-03-30 00:00:00+09:00,1296.979195708335,1306.9495674882837,1271.2224019434675,1277.0384521484375,44500,0.0,0.0
2016-03-31 00:00:00+09:00,1275.37645589826,1302.7949725397211,1270.3912710543582,1281.1925048828125,23200,0.0,0.0
2016-04-01 00:00:00+09:00,1272.0533503314114,1286.1780446198727,1213.0619800678385,1230.5101318359375,41600,0.0,0.0
2016-04-04 00:00:00+09:00,1202.260660721266,1211.4001681628238,1164.8717666421667,1178.9964599609375,46700,0.0,0.0
2016-04-05 00:00:00+09:00,1175.6726648355532,1189.7973540950616,1129.975140760673,1148.254150390625,83600,0.0,0.0
2016-04-06 00:00:00+09:00,1107.542124384309,1129.9754607371797,1100.8952099093844,1101.72607421875,47300,0.0,0.0
2016-04-07 00:00:00+09:00,1102.5566021682625,1129.1442519567963,1095.0788256652372,1105.0491943359375,41200,0.0,0.0
2016-04-08 00:00:00+09:00,1101.725797001008,1174.8418378276208,1097.571476499496,1159.055419921875,24000,0.0,0.0
2016-04-11 00:00:00+09:00,1141.607263479576,1141.607263479576,1110.0344279539402,1130.8060302734375,21000,0.0,0.0
2016-04-12 00:00:00+09:00,1129.9753620836318,1170.6877096881155,1121.6667197153697,1159.886474609375,37100,0.0,0.0
2016-04-13 00:00:00+09:00,1154.9012702238474,1188.1358391511524,1153.2395417774821,1171.5185546875,42700,0.0,0.0
2016-04-14 00:00:00+09:00,1171.5183853364326,1198.9369007379237,1171.5183853364326,1179.8270263671875,40000,0.0,0.0
2016-04-15 00:00:00+09:00,1179.8273991859196,1189.7977715734064,1154.901468217203,1166.5335693359375,24500,0.0,0.0
2016-04-18 00:00:00+09:00,1155.7322369926708,1156.5631012895742,1118.3433436320165,1141.6075439453125,47400,0.0,0.0
2016-04-19 00:00:00+09:00,1166.533492215704,1179.8273211868232,1149.916206001805,1150.7470703125,26400,0.0,0.0
2016-04-20 00:00:00+09:00,1170.6875412755733,1175.6727259793727,1154.901123046875,1154.901123046875,21900,0.0,0.0
2016-04-21 00:00:00+09:00,1165.7026437255522,1204.753266858197,1165.7026437255522,1201.4298095703125,51800,0.0,0.0
2016-04-22 00:00:00+09:00,1178.1656085551197,1203.922402536226,1178.1656085551197,1201.4298095703125,29500,0.0,0.0
2016-04-25 00:00:00+09:00,1203.9222619258996,1235.4951024733007,1198.1062123513784,1233.8333740234375,45300,0.0,0.0
2016-04-26 00:00:00+09:00,1208.9074951171874,1223.8630517578124,1194.7828027343749,1204.753173828125,31600,0.0,0.0
2016-04-27 00:00:00+09:00,1211.400039950284,1239.6494235979587,1207.245718825626,1233.8333740234375,20200,0.0,0.0
2016-04-28 00:00:00+09:00,1246.2961638302813,1246.2961638302813,1173.1801222189047,1174.010986328125,29500,0.0,0.0
2016-05-02 00:00:00+09:00,1154.901293314691,1154.901293314691,1125.821044921875,1125.821044921875,24000,0.0,0.0
2016-05-06 00:00:00+09:00,1163.2097787807643,1163.2097787807643,1122.4974365234375,1122.4974365234375,13500,0.0,0.0
2016-05-09 00:00:00+09:00,1133.298673407976,1168.194966870685,1128.313488627589,1143.26904296875,21000,0.0,0.0
2016-05-10 00:00:00+09:00,1134.9607867494378,1143.2694308691262,1128.3138714536872,1131.6373291015625,34000,0.0,0.0
2016-05-11 00:00:00+09:00,1150.7472105768459,1156.5632614606277,1129.9756002776248,1131.6373291015625,23600,0.0,0.0
2016-05-12 00:00:00+09:00,1123.328346136493,1123.328346136493,1093.417236328125,1093.417236328125,40600,0.0,0.0
2016-05-13 00:00:00+09:00,1093.4172279488837,1100.0641411886945,1064.3369825247112,1065.1678466796875,41200,0.0,0.0
2016-05-16 00:00:00+09:00,1090.093758979885,1102.556721163344,1074.3073402141702,1084.2777099609375,34700,0.0,0.0
2016-05-17 00:00:00+09:00,1096.740839977832,1097.5717042505423,1083.4470116144641,1089.2630615234375,15500,0.0,0.0
2016-05-18 00:00:00+09:00,1097.5716845703125,1105.049462890625,1082.6161279296875,1100.8951416015625,38300,0.0,0.0
2016-05-19 00:00:00+09:00,1100.894963226091,1115.0196533203125,1095.0789143637644,1115.0196533203125,22100,0.0,0.0
2016-05-20 00:00:00+09:00,1120.8357411299828,1120.8357411299828,1103.3875939367065,1112.527099609375,18700,0.0,0.0
2016-05-23 00:00:00+09:00,1112.5270787434406,1112.5270787434406,1092.5863394679793,1103.3875732421875,25000,0.0,0.0
2016-05-24 00:00:00+09:00,1105.8803867725057,1105.8803867725057,1084.2779149046733,1086.7705078125,26100,0.0,0.0
2016-05-25 00:00:00+09:00,1102.5568898868053,1102.5568898868053,1081.7852830690433,1089.2630615234375,30500,0.0,0.0
2016-05-26 00:00:00+09:00,1089.2628595076017,1111.6961907102752,1089.2628595076017,1107.5418701171875,35200,0.0,0.0
2016-05-27 00:00:00+09:00,1107.5419146970105,1114.1888279134967,1104.2184580887674,1112.527099609375,30300,0.0,0.0
2016-05-30 00:00:00+09:00,1114.1890476771764,1129.9754696800594,1112.5273190452938,1116.681640625,27900,0.0,0.0
2016-05-31 00:00:00+09:00,1125.8209468135128,1125.8209468135128,1115.0197126374421,1121.6666259765625,33900,0.0,0.0
2016-06-01 00:00:00+09:00,1115.0198339843748,1126.6519335937498,1098.402548828125,1100.8951416015625,51700,0.0,0.0
2016-06-02 00:00:00+09:00,1096.74072265625,1105.8802286783855,1090.093809185606,1096.74072265625,61600,0.0,0.0
2016-06-03 00:00:00+09:00,1092.5865478515625,1105.8803765706691,1088.4322263768418,1092.5865478515625,28500,0.0,0.0
2016-06-06 00:00:00+09:00,1092.586431128741,1100.8950731905566,1092.586431128741,1100.064208984375,19700,0.0,0.0
2016-06-07 00:00:00+09:00,1082.6159727515244,1110.8653534679877,1046.8888147865853,1056.0283203125,65300,0.0,0.0
2016-06-08 00:00:00+09:00,1052.7048698468398,1064.3369678561971,1025.2863531104974,1029.440673828125,70500,0.0,0.0
2016-06-09 00:00:00+09:00,1032.7642244919764,1032.7642244919764,997.0370630654638,998.6987915039062,79500,0.0,0.0
2016-06-10 00:00:00+09:00,987.897715508837,1006.1767312709853,976.265614569288,982.0816650390625,57500,0.0,0.0
2016-06-13 00:00:00+09:00,982.0817900235205,982.0817900235205,939.7077026367189,939.7077026367188,39600,0.0,0.0
2016-06-14 00:00:00+09:00,938.8767015688887,938.8767015688887,885.7013839579074,889.0248413085938,55400,0.0,0.0
2016-06-15 00:00:00+09:00,912.288927975823,912.288927975823,884.8704082825606,903.9802856445312,60500,0.0,0.0
2016-06-16 00:00:00+09:00,938.8766034383565,938.8766034383565,856.6210426061465,871.5765991210938,73000,0.0,0.0
2016-06-17 00:00:00+09:00,879.8852737645784,884.8704594516298,859.9445310163726,868.253173828125,41400,0.0,0.0
2016-06-20 00:00:00+09:00,880.7161777397803,908.9655645729431,880.7161777397803,900.6569213867188,21800,0.0,0.0
2016-06-21 00:00:00+09:00,891.517385878721,891.517385878721,871.5766428581346,876.5618286132812,27200,0.0,0.0
2016-06-22 00:00:00+09:00,888.1939091006458,892.3482304715561,859.1136595042728,867.4223022460938,33000,0.0,0.0
2016-06-23 00:00:00+09:00,867.4222507458413,867.4222507458413,846.6506451245328,861.606201171875,28400,0.0,0.0
2016-06-24 00:00:00+09:00,876.5617650216786,881.5469504151669,781.8432425454025,793.475341796875,90800,0.0,0.0
2016-06-27 00:00:00+09:00,793.4753156299433,830.8642048481082,791.8135872202471,804.2765502929688,103400,0.0,0.0
2016-06-28 00:00:00+09:00,789.3210858230274,826.709979362013,761.0716995935717,800.9531860351562,67500,0.0,0.0
2016-06-29 00:00:00+09:00,806.7691657744259,855.790155249906,802.6148446324361,827.540771484375,58000,0.0,0.0
2016-06-30 00:00:00+09:00,840.0036637523951,849.1431694905517,830.0332938562243,833.3567504882812,27500,0.0,0.0
2016-07-01 00:00:00+09:00,843.3270434399584,850.8048201798201,830.8640822068556,831.6949462890625,29300,0.0,0.0
2016-07-04 00:00:00+09:00,831.6950638834636,872.4074096679688,831.6950638834636,872.4074096679688,51800,0.0,0.0
2016-07-05 00:00:00+09:00,870.7457822437623,871.5766465397963,840.8346675865338,849.143310546875,54500,0.0,0.0
2016-07-06 00:00:00+09:00,835.8494359838354,835.8494359838354,812.5852369703688,830.0333862304688,65500,0.0,0.0
2016-07-07 00:00:00+09:00,825.8791112105849,855.7902259023164,825.0482469135924,828.3717041015625,55100,0.0,0.0
2016-07-08 00:00:00+09:00,840.8346289062499,840.8346289062499,786.8284521484375,789.321044921875,71900,0.0,0.0
2016-07-11 00:00:00+09:00,789.321044921875,789.321044921875,789.321044921875,789.321044921875,0,0.0,0.0
2016-07-12 00:00:00+09:00,864.0987528607236,953.001220703125,859.9444319335086,953.001220703125,218900,0.0,0.0
2016-07-13 00:00:00+09:00,948.0161798957972,951.33963714346,876.5618490710483,899.8260498046875,153000,0.0,0.0
2016-07-14 00:00:00+09:00,897.3333320728461,899.8259246619374,855.7901222546589,858.28271484375,67000,0.0,0.0
2016-07-15 00:00:00+09:00,864.0988210326467,905.6420335822932,863.2679567816538,892.3482055664062,42600,0.0,0.0
2016-07-19 00:00:00+09:00,889.855542714898,915.612332466683,870.7456664474445,898.1641845703125,56400,0.0,0.0
2016-07-20 00:00:00+09:00,886.5321287453287,904.8111417091499,870.7457084583922,882.3778076171875,47800,0.0,0.0
2016-07-21 00:00:00+09:00,887.3631841635575,933.0607264191714,887.3631841635575,925.5829467773438,74700,0.0,0.0
2016-07-22 00:00:00+09:00,909.7962488138451,910.627112968013,874.8999543387935,880.7160034179688,70400,0.0,0.0
2016-07-25 00:00:00+09:00,903.1494703982888,903.9803346764842,894.0099633381406,895.6716918945312,22500,0.0,0.0
2016-07-26 00:00:00+09:00,905.6420486116274,905.6420486116274,868.2531566964684,873.2383422851562,31200,0.0,0.0
2016-07-27 00:00:00+09:00,873.2384543059593,903.9804360465116,873.2384543059593,893.17919921875,25100,0.0,0.0
2016-07-28 00:00:00+09:00,880.7160623957601,897.3333465919065,880.7160623957601,887.3629760742188,17600,0.0,0.0
2016-07-29 00:00:00+09:00,880.7160570758823,891.5172917381337,869.0839582088424,879.8851928710938,51200,0.0,0.0
2016-08-01 00:00:00+09:00,874.0692791017466,894.0100231116724,872.4075504342527,881.5470581054688,20600,0.0,0.0
2016-08-02 00:00:00+09:00,883.2085293909732,894.00976258202,865.7603834669748,866.5912475585938,17500,0.0,0.0
2016-08-03 00:00:00+09:00,859.9443250840956,860.7751891663024,825.8788977136145,831.6949462890625,32500,0.0,0.0
2016-08-04 00:00:00+09:00,854.959282188564,864.0987886065176,841.6654546715407,854.12841796875,34100,0.0,0.0
2016-08-05 00:00:00+09:00,888.1938032148474,902.3184941920714,863.2678779609228,883.2086181640625,51100,0.0,0.0
2016-08-08 00:00:00+09:00,883.2086399345641,922.2592571282842,882.377775738953,913.1197509765625,66100,0.0,0.0
2016-08-09 00:00:00+09:00,890.6864123423165,909.7962887265267,890.6864123423165,905.6419677734375,27800,0.0,0.0
2016-08-10 00:00:00+09:00,902.3186009492474,913.1198365038885,902.3186009492474,908.9655151367188,37200,0.0,0.0
2016-08-12 00:00:00+09:00,914.7815502579978,930.5679711979633,914.7815502579978,928.0753784179688,44300,0.0,0.0
2016-08-15 00:00:00+09:00,831.6950874058067,855.7901498781029,820.06298828125,820.06298828125,197200,0.0,0.0
2016-08-16 00:00:00+09:00,810.0927036010359,811.7544322238073,791.813688750551,795.1371459960938,89900,0.0,0.0
2016-08-17 00:00:00+09:00,790.9827832963282,792.644511832665,777.6889550056336,783.5050048828125,123100,0.0,0.0
2016-08-18 00:00:00+09:00,776.8579968764828,784.3357743865239,764.3950343597479,766.0567626953125,100800,0.0,0.0
2016-08-19 00:00:00+09:00,769.3802637560615,785.1666838547279,764.3950784617457,771.0419921875,41300,0.0,0.0
2016-08-22 00:00:00+09:00,772.7037279931799,779.3506417823685,766.0568142039912,771.8728637695312,41700,0.0,0.0
2016-08-23 00:00:00+09:00,766.0569564068903,766.0569564068903,758.5791770059553,760.2409057617188,35400,0.0,0.0
2016-08-24 00:00:00+09:00,750.2705118279708,764.3952058490954,750.2705118279708,757.748291015625,36100,0.0,0.0
2016-08-25 00:00:00+09:00,764.3951171875,768.5494384765625,746.1161035156249,747.77783203125,55600,0.0,0.0
2016-08-26 00:00:00+09:00,747.7778173501879,753.5938670406894,745.2852246256873,746.1160888671875,24100,0.0,0.0
2016-08-29 00:00:00+09:00,751.9321362493316,762.7333713556757,750.2704077714326,752.7630004882812,28900,0.0,0.0
2016-08-30 00:00:00+09:00,759.4099731445312,759.4099731445312,751.932194415537,759.4099731445312,11300,0.0,0.0
2016-08-31 00:00:00+09:00,756.9174266614411,759.4100197239926,753.593969244706,757.748291015625,12100,0.0,0.0
2016-09-01 00:00:00+09:00,757.748291015625,760.2408840781764,748.6087831196032,757.748291015625,76800,0.0,0.0
2016-09-02 00:00:00+09:00,760.2407542122967,760.2407542122967,749.4395194529964,756.9172973632812,34300,0.0,0.0
2016-09-05 00:00:00+09:00,756.9173802348664,766.8877518735255,756.0865159316448,759.4099731445312,15900,0.0,0.0
2016-09-06 00:00:00+09:00,760.2407521443995,766.8876658243505,759.4098879344056,763.564208984375,18800,0.0,0.0
2016-09-07 00:00:00+09:00,759.4099316406249,768.5494384765625,756.9173388671875,768.5494384765625,20400,0.0,0.0
2016-09-08 00:00:00+09:00,772.7037381874093,789.3210228796116,765.2259600759182,786.8284301757812,52800,0.0,0.0
2016-09-09 00:00:00+09:00,786.8284641901653,800.1222925186157,785.1667356491089,797.6296997070312,26300,0.0,0.0
2016-09-12 00:00:00+09:00,797.629633280757,800.1222258847595,789.3209912674159,790.15185546875,31000,0.0,0.0
2016-09-13 00:00:00+09:00,799.2914011508603,799.2914011508603,787.6593017578125,787.6593017578125,18600,0.0,0.0
2016-09-14 00:00:00+09:00,781.8431334925313,783.5048617252464,773.5344923289549,774.3653564453125,23800,0.0,0.0
2016-09-15 00:00:00+09:00,773.5346487294072,774.3655130137568,764.3951416015625,764.3951416015625,19500,0.0,0.0
2016-09-16 00:00:00+09:00,762.7333787878135,762.7333787878135,748.6086865880392,753.5938720703125,51400,0.0,0.0
2016-09-20 00:00:00+09:00,764.395077389604,764.395077389604,750.2703857421875,750.2703857421875,20100,0.0,0.0
2016-09-21 00:00:00+09:00,750.2704902875541,755.2556762695312,749.4396259572246,755.2556762695312,29500,0.0,0.0
2016-09-23 00:00:00+09:00,763.5642110613122,763.5642110613122,756.0864331510273,756.9172973632812,20900,0.0,0.0
2016-09-26 00:00:00+09:00,764.395183903156,764.395183903156,754.4248119392017,755.2556762695312,20100,0.0,0.0
2016-09-27 00:00:00+09:00,753.5938405142657,758.579025787789,749.4395194529964,756.9172973632812,17000,0.0,0.0
2016-09-28 00:00:00+09:00,763.675448330966,766.2097695090555,758.606805974787,761.9859008789062,14900,15.0,0.0
2016-09-29 00:00:00+09:00,767.8993169611151,767.8993169611151,760.2963534268466,761.9859008789062,13200,0.0,0.0
2016-09-30 00:00:00+09:00,760.2964280847694,765.3650709386679,758.6068804668033,762.8307495117188,14600,0.0,0.0
2016-10-03 00:00:00+09:00,765.3651533976639,768.7442489976536,761.1412838976769,767.8994750976562,10200,0.0,0.0
2016-10-04 00:00:00+09:00,761.1411743164062,767.0545907650354,760.2964005380306,761.1411743164062,9600,0.0,0.0
2016-10-05 00:00:00+09:00,764.52020309761,784.7947720195355,764.52020309761,783.105224609375,32400,0.0,0.0
2016-10-06 00:00:00+09:00,782.2604758884596,783.9500233525815,772.967964835789,777.1918334960938,17500,0.0,0.0
2016-10-07 00:00:00+09:00,777.1918586990006,778.8814062179115,771.2784423828125,771.2784423828125,10300,0.0,0.0
2016-10-11 00:00:00+09:00,802.5350424881381,816.0514221510962,794.9320789277242,806.7589111328125,84800,0.0,0.0
2016-10-12 00:00:00+09:00,798.3111240342653,802.534992415399,789.8633872719979,800.0006713867188,21400,0.0,0.0
2016-10-13 00:00:00+09:00,806.7589356727207,819.4305419921875,805.9141619180896,819.4305419921875,43000,0.0,0.0
2016-10-14 00:00:00+09:00,811.8276633679027,841.3947478818221,811.8276633679027,839.7052001953125,38900,0.0,0.0
2016-10-17 00:00:00+09:00,843.0841450845041,844.773692469443,796.6215919986847,838.0155029296875,72900,0.0,0.0
2016-10-18 00:00:00+09:00,838.0156846070702,838.0156846070702,825.3440764728907,830.4127197265625,14500,0.0,0.0
2016-10-19 00:00:00+09:00,836.3260694695099,837.1708432770548,823.6544623563354,833.791748046875,42600,0.0,0.0
2016-10-20 00:00:00+09:00,836.3259915188626,843.928955078125,834.6364440612488,843.928955078125,34400,0.0,0.0
2016-10-21 00:00:00+09:00,844.7738825579097,876.8752900951104,844.7738825579097,868.4275512695312,49900,0.0,0.0
2016-10-24 00:00:00+09:00,890.391657964247,909.8214569520816,890.391657964247,901.3737182617188,64300,0.0,0.0
2016-10-25 00:00:00+09:00,908.1316826038791,912.3555508950599,891.2362094391557,898.8391723632812,27400,0.0,0.0
2016-10-26 00:00:00+09:00,887.0125200172171,893.7707106459197,878.5647817313388,891.2363891601562,16000,0.0,0.0
2016-10-27 00:00:00+09:00,893.7705849409103,893.7705849409103,861.6691839694977,865.0482788085938,23800,0.0,0.0
2016-10-28 00:00:00+09:00,860.8245180191532,867.5827085433467,859.1349703881048,864.20361328125,13300,0.0,0.0
2016-10-31 00:00:00+09:00,883.6333697668774,883.6333697668774,838.0155858592184,843.084228515625,40500,0.0,0.0
2016-11-01 00:00:00+09:00,845.6184997558594,863.3587480024859,843.0841785777699,854.9110107421875,10900,0.0,0.0
2016-11-02 00:00:00+09:00,850.6871193986598,850.6871193986598,831.25732421875,831.25732421875,20300,0.0,0.0
2016-11-04 00:00:00+09:00,831.2573464133524,861.6692005504261,830.4125726873225,854.9110107421875,35800,0.0,0.0
2016-11-07 00:00:00+09:00,868.4276389664698,882.7887964201955,862.5142211914062,862.5142211914062,18600,0.0,0.0
2016-11-08 00:00:00+09:00,861.6693531242053,861.6693531242053,830.4127197265625,830.4127197265625,44400,0.0,0.0
2016-11-09 00:00:00+09:00,832.1022443534914,847.3081736919308,783.9501347817665,817.7410888671875,56200,0.0,0.0
2016-11-10 00:00:00+09:00,821.1201585036057,839.7051826672676,821.1201585036057,823.6544799804688,20500,0.0,0.0
2016-11-11 00:00:00+09:00,809.2933714316366,832.102266033572,809.2933714316366,822.8097534179688,22100,0.0,0.0
2016-11-14 00:00:00+09:00,823.6544854626684,848.9977003999813,823.6544854626684,846.46337890625,27800,0.0,0.0
2016-11-15 00:00:00+09:00,848.9976310156054,851.5319523022191,828.7230607226953,842.2394409179688,14700,0.0,0.0
2016-11-16 00:00:00+09:00,861.669287838153,861.669287838153,848.9976806640625,848.9976806640625,17500,0.0,0.0
2016-11-17 00:00:00+09:00,848.997627080873,875.1856135878453,845.6185320477153,871.8065185546875,36900,0.0,0.0
2016-11-18 00:00:00+09:00,887.0125766858052,887.0125766858052,866.7380035044154,868.4275512695312,32400,0.0,0.0
2016-11-21 00:00:00+09:00,870.1169791446932,876.0303955078125,870.1169791446932,876.0303955078125,13500,0.0,0.0
2016-11-22 00:00:00+09:00,877.7201674241286,882.7888113168569,871.8067495492788,878.56494140625,16600,0.0,0.0
2016-11-24 00:00:00+09:00,887.0125043221067,895.4602424585078,882.7886352539062,882.7886352539062,25200,0.0,0.0
2016-11-25 00:00:00+09:00,894.6154312997494,902.2183953051298,889.546788629496,895.460205078125,25400,0.0,0.0
2016-11-28 00:00:00+09:00,891.236341938828,894.615437074141,871.8065449107777,892.0811157226562,23000,0.0,0.0
2016-11-29 00:00:00+09:00,891.2363887667436,943.6123661160689,891.2363887667436,917.4243774414062,61500,0.0,0.0
2016-11-30 00:00:00+09:00,919.9587401803137,963.8869812173901,917.4244185820208,953.7496948242188,65300,0.0,0.0
2016-12-01 00:00:00+09:00,967.2660905956168,993.4540808213496,954.594482421875,954.594482421875,63300,0.0,0.0
2016-12-02 00:00:00+09:00,954.594482421875,965.5765428391179,939.388552613385,954.594482421875,30900,0.0,0.0
2016-12-05 00:00:00+09:00,930.0957850864955,952.9046735491071,930.0957850864955,946.146484375,16600,0.0,0.0
2016-12-06 00:00:00+09:00,967.2659515094675,1012.0389606186394,963.0420827255834,990.9196166992188,86600,0.0,0.0
2016-12-07 00:00:00+09:00,1006.9705075019872,1072.862872925775,1006.9705075019872,1062.7255859375,83400,0.0,0.0
2016-12-08 00:00:00+09:00,1062.7254326041052,1072.8627181297404,1017.952421532549,1072.0179443359375,76500,0.0,0.0
2016-12-09 00:00:00+09:00,1072.8628791250835,1136.2209231679033,1072.8628791250835,1108.3433837890625,127800,0.0,0.0
2016-12-12 00:00:00+09:00,1125.2384974888394,1216.4740513392858,1113.4116664341518,1123.5489501953125,119600,0.0,0.0
2016-12-13 00:00:00+09:00,1135.375901666046,1154.8056976022954,1124.3938430933836,1134.5311279296875,47600,0.0,0.0
2016-12-14 00:00:00+09:00,1148.047629586845,1273.9189296666389,1148.047629586845,1265.47119140625,194300,0.0,0.0
2016-12-15 00:00:00+09:00,1324.6053002929689,1353.3276091003418,1286.590479812622,1351.6380615234375,263000,0.0,0.0
2016-12-16 00:00:00+09:00,1366.8439210102088,1376.981205962077,1233.369669143946,1291.6590576171875,228000,0.0,0.0
2016-12-19 00:00:00+09:00,1258.712922446748,1265.4711126343816,1183.528056609325,1186.0623779296875,143100,0.0,0.0
2016-12-20 00:00:00+09:00,1183.527976567967,1215.629377788226,1165.7877285251925,1207.181640625,97500,0.0,0.0
2016-12-21 00:00:00+09:00,1222.3875307493572,1271.3844048222409,1182.6831672765031,1201.2681884765625,100800,0.0,0.0
2016-12-22 00:00:00+09:00,1169.1670719068877,1212.250540597098,1166.6327502192282,1200.4237060546875,82400,0.0,0.0
2016-12-26 00:00:00+09:00,1204.647593296596,1204.647593296596,1174.2357325962612,1182.6834716796875,39600,0.0,0.0
2016-12-27 00:00:00+09:00,1182.6834716796875,1196.1998542131696,1178.4596021379743,1182.6834716796875,41900,0.0,0.0
2016-12-28 00:00:00+09:00,1187.7519730444235,1219.8533777212997,1186.907199237137,1211.4056396484375,28700,0.0,0.0
2016-12-29 00:00:00+09:00,1197.8892824905934,1202.9579254348414,1168.3221986491471,1171.7012939453125,39300,0.0,0.0
2016-12-30 00:00:00+09:00,1170.0117582303187,1186.0624610508069,1158.1849245731169,1164.943115234375,25100,0.0,0.0
2017-01-04 00:00:00+09:00,1184.3728775600832,1199.5788060879588,1166.6326276108953,1185.2176513671875,54300,0.0,0.0
2017-01-05 00:00:00+09:00,1186.0622671123497,1295.0380737060057,1186.0622671123497,1264.626220703125,119100,0.0,0.0
2017-01-06 00:00:00+09:00,1239.283267328071,1254.4891969885382,1220.6982421875,1220.6982421875,28100,0.0,0.0
2017-01-10 00:00:00+09:00,1202.1130259345246,1223.2323693276119,1199.578704727354,1208.8712158203125,45600,0.0,0.0
2017-01-11 00:00:00+09:00,1208.026505364312,1228.3010760837133,1206.336957804362,1216.4742431640625,61100,0.0,0.0
2017-01-12 00:00:00+09:00,1224.9219167990589,1224.9219167990589,1184.3727774843312,1208.8712158203125,41300,0.0,0.0
2017-01-13 00:00:00+09:00,1191.975929325836,1199.5788941479002,1175.9252258125896,1179.3043212890625,29200,0.0,0.0
2017-01-16 00:00:00+09:00,1179.3042703895487,1179.3042703895487,1159.8744722384315,1164.943115234375,26000,0.0,0.0
2017-01-17 00:00:00+09:00,1162.4089732477512,1162.4089732477512,1123.5493709444106,1126.928466796875,29500,0.0,0.0
2017-01-18 00:00:00+09:00,1104.964036423465,1131.9967957243448,1103.27448896716,1104.1192626953125,45900,0.0,0.0
2017-01-19 00:00:00+09:00,1109.1880707411806,1118.4805831388599,1104.1194276151737,1114.2567138671875,15400,0.0,0.0
2017-01-20 00:00:00+09:00,1114.2565868239876,1114.2565868239876,1099.0506591796875,1099.0506591796875,38300,0.0,0.0
2017-01-23 00:00:00+09:00,1099.895432937704,1113.4118130659708,1099.0506591796875,1099.0506591796875,17300,0.0,0.0
2017-01-24 00:00:00+09:00,1100.7402571173989,1106.653673694392,1060.1911148751617,1061.035888671875,38700,0.0,0.0
2017-01-25 00:00:00+09:00,1098.205752915513,1105.8087158203125,1093.9818846350686,1105.8087158203125,21400,0.0,0.0
2017-01-26 00:00:00+09:00,1115.101260493087,1150.5817551451398,1115.101260493087,1122.7042236328125,42300,0.0,0.0
2017-01-27 00:00:00+09:00,1125.238702182112,1139.5998567895415,1102.4298095703125,1102.4298095703125,19000,0.0,0.0
2017-01-30 00:00:00+09:00,1102.4299568312404,1104.964278571082,1088.0688003054693,1088.91357421875,17600,0.0,0.0
2017-01-31 00:00:00+09:00,1086.3790907075133,1086.3790907075133,1067.7940673828125,1067.7940673828125,15200,0.0,0.0
2017-02-01 00:00:00+09:00,1064.4148054519019,1069.4834473826254,1050.0536533148525,1057.6566162109375,34300,0.0,0.0
2017-02-02 00:00:00+09:00,1059.3460532287345,1062.7251474974066,1004.4357713628111,1017.9521484375,56600,0.0,0.0
2017-02-03 00:00:00+09:00,1038.227110515657,1071.1732922163167,1025.5555021692494,1030.6241455078125,42700,0.0,0.0
2017-02-06 00:00:00+09:00,1047.519323770756,1051.7431920117672,1017.9522460836782,1023.8656616210938,29100,0.0,0.0
2017-02-07 00:00:00+09:00,1020.4867024873763,1040.76127273547,1020.4867024873763,1024.7105712890625,7300,0.0,0.0
2017-02-08 00:00:00+09:00,1025.5553531740686,1034.8478646113956,1012.0389729015933,1028.9344482421875,14500,0.0,0.0
2017-02-09 00:00:00+09:00,1014.5734889041134,1022.1764542664257,980.7825317382812,980.7825317382812,46700,0.0,0.0
2017-02-10 00:00:00+09:00,996.833113633193,1054.2777337408684,993.4540183327414,1040.7613525390625,55800,0.0,0.0
2017-02-13 00:00:00+09:00,964.7313944090819,1080.4653707961609,964.7313944090819,1053.4326171875,150000,0.0,0.0
2017-02-14 00:00:00+09:00,1055.9671876929965,1076.241757696702,1055.9671876929965,1068.6387939453125,31200,0.0,0.0
2017-02-15 00:00:00+09:00,1072.8626179980547,1088.9133185822775,1052.5880488390362,1058.50146484375,37600,0.0,0.0
2017-02-16 00:00:00+09:00,1052.58807392993,1056.8119426054113,1027.2448618770425,1034.0030517578125,17400,0.0,0.0
2017-02-17 00:00:00+09:00,1033.1582884773375,1064.4149169921875,1020.4866823226686,1064.4149169921875,19600,0.0,0.0
2017-02-20 00:00:00+09:00,1098.205826130319,1098.205826130319,1032.3134765625,1032.3134765625,34900,0.0,0.0
2017-02-21 00:00:00+09:00,1037.3821713106588,1072.8626690264957,1037.3821713106588,1046.6746826171875,12400,0.0,0.0
2017-02-22 00:00:00+09:00,1050.8986031113157,1068.6388528422945,1049.209055517889,1061.035888671875,9800,0.0,0.0
2017-02-23 00:00:00+09:00,1061.0357775565906,1061.8805512648362,1047.5193982246594,1054.277587890625,5000,0.0,0.0
2017-02-24 00:00:00+09:00,1049.2089873547473,1049.2089873547473,1035.692607485443,1038.2269287109375,8600,0.0,0.0
2017-02-27 00:00:00+09:00,1031.4687787134583,1031.4687787134583,1012.038981899036,1014.5733032226562,22900,0.0,0.0
2017-02-28 00:00:00+09:00,1014.5733125016495,1014.5733125016495,999.3673844208588,1000.212158203125,26000,0.0,0.0
2017-03-01 00:00:00+09:00,993.4539323027294,996.8330273105618,982.471873527274,994.2987060546875,26400,0.0,0.0
2017-03-02 00:00:00+09:00,999.3674178534958,1013.7285726324557,992.6092273692794,998.5226440429688,13000,0.0,0.0
2017-03-03 00:00:00+09:00,998.5225498114108,998.5225498114108,979.9375277337027,981.6270751953125,25700,0.0,0.0
2017-03-06 00:00:00+09:00,990.919611046855,994.2987060546875,985.0061947831483,994.2987060546875,7600,0.0,0.0
2017-03-07 00:00:00+09:00,995.1435864864503,995.1435864864503,984.1615265337135,985.85107421875,7400,0.0,0.0
2017-03-08 00:00:00+09:00,985.8509551102823,985.8509551102823,974.868896484375,974.868896484375,24500,0.0,0.0
2017-03-09 00:00:00+09:00,971.4898405174761,982.4718995841954,968.110745420024,969.80029296875,29900,0.0,0.0
2017-03-10 00:00:00+09:00,968.110745420024,979.9375782611063,968.110745420024,969.80029296875,12300,0.0,0.0
2017-03-13 00:00:00+09:00,990.0748635534626,990.0748635534626,969.8002929687501,969.80029296875,28300,0.0,0.0
2017-03-14 00:00:00+09:00,970.6449638799809,980.7822480980485,967.2658691406249,967.265869140625,19400,0.0,0.0
2017-03-15 00:00:00+09:00,967.2660347919905,967.2660347919905,951.21533203125,951.21533203125,23900,0.0,0.0
2017-03-16 00:00:00+09:00,947.8363647460938,951.2154605205897,946.1468168588459,947.8363647460938,17600,0.0,0.0
2017-03-17 00:00:00+09:00,951.2152209900972,967.2659218771415,946.991352335612,963.0420532226562,20400,0.0,0.0
2017-03-21 00:00:00+09:00,971.4899291992188,973.179476902174,957.9735475755775,971.4899291992188,23600,0.0,0.0
2017-03-22 00:00:00+09:00,967.2660828993056,967.2660828993056,949.5258315972222,950.37060546875,23300,0.0,0.0
2017-03-23 00:00:00+09:00,952.0599975585938,957.1286399590831,950.3704500917639,952.0599975585938,13200,0.0,0.0
2017-03-24 00:00:00+09:00,957.1286702616982,962.1973128226604,946.1466113796134,961.3525390625,25200,0.0,0.0
2017-03-27 00:00:00+09:00,948.68115681519,953.7498005737751,913.2006505050938,922.4931640625,30000,0.0,0.0
2017-03-28 00:00:00+09:00,931.7855773760374,950.3706024914253,930.9408035071561,935.1646728515625,10600,0.0,0.0
2017-03-29 00:00:00+09:00,940.3027539426549,942.8718871501485,913.7550441318879,918.893310546875,34900,15.0,0.0
2017-03-30 00:00:00+09:00,935.1646530206452,965.9942569663808,925.7444962594483,948.86669921875,44800,0.0,0.0
2017-03-31 00:00:00+09:00,958.2868203956988,961.7123318180248,912.8987940498793,919.7498168945312,26000,0.0,0.0
2017-04-03 00:00:00+09:00,917.1807944795006,924.0318181544175,901.7659912109375,901.7659912109375,35700,0.0,0.0
2017-04-04 00:00:00+09:00,899.196870145742,906.0478939182809,870.9363970840186,878.643798828125,40800,0.0,0.0
2017-04-05 00:00:00+09:00,882.0691098546134,882.0691098546134,856.3777765578772,868.3670654296875,15500,0.0,0.0
2017-04-06 00:00:00+09:00,865.7980282622989,900.0531431292543,856.3778716738861,864.941650390625,18600,0.0,0.0
2017-04-07 00:00:00+09:00,873.505364624862,885.4946539432425,872.6489868164062,872.6489868164062,7700,0.0,0.0
2017-04-10 00:00:00+09:00,882.0691361642773,883.7818917684798,871.7926025390625,871.7926025390625,9300,0.0,0.0
2017-04-11 00:00:00+09:00,877.7871988333908,877.7871988333908,871.792554548675,873.5053100585938,1700,0.0,0.0
2017-04-12 00:00:00+09:00,866.6543098765717,868.3670654296875,865.7979321000138,868.3670654296875,11800,0.0,0.0
2017-04-13 00:00:00+09:00,864.941650390625,870.0799176206683,864.941650390625,864.941650390625,11700,0.0,0.0
2017-04-14 00:00:00+09:00,861.5160432172245,868.3670654296875,861.5160432172245,868.3670654296875,14800,0.0,0.0
2017-04-17 00:00:00+09:00,864.0852123145575,883.781901990707,863.228834502551,881.2127685546875,5900,0.0,0.0
2017-04-18 00:00:00+09:00,884.6383185197766,895.7712305631039,884.6383185197766,886.35107421875,10600,0.0,0.0
2017-04-19 00:00:00+09:00,886.3510397206182,906.0477294921875,886.3510397206182,906.0477294921875,10700,0.0,0.0
2017-04-20 00:00:00+09:00,917.1808721498,921.4627623092296,912.0426039584847,920.6063842773438,11800,0.0,0.0
2017-04-21 00:00:00+09:00,924.8882238643686,929.1701137896665,913.7553100585938,913.7553100585938,13400,0.0,0.0
2017-04-24 00:00:00+09:00,919.7497455241652,922.3188788915511,899.1966785850776,910.32958984375,6200,0.0,0.0
2017-04-25 00:00:00+09:00,919.7497846355385,919.7497846355385,908.6168729034509,915.4678955078125,3700,0.0,0.0
2017-04-26 00:00:00+09:00,916.3243054722053,920.6061947501128,906.0477712052273,919.7498168945312,9900,0.0,0.0
2017-04-27 00:00:00+09:00,922.319047475084,922.319047475084,913.7552680184908,916.3244018554688,8400,0.0,0.0
2017-04-28 00:00:00+09:00,922.3189766427275,933.451889081312,906.9041748046875,906.9041748046875,14100,0.0,0.0
2017-05-01 00:00:00+09:00,925.7443324335246,925.7443324335246,910.329533188563,918.893310546875,2200,0.0,0.0
2017-05-02 00:00:00+09:00,929.1697273254395,965.1375877380372,928.3133496965681,959.1429443359375,39400,0.0,0.0
2017-05-08 00:00:00+09:00,965.1377923167107,983.1217263350345,965.1377923167107,977.9834594726562,32200,0.0,0.0
2017-05-09 00:00:00+09:00,1113.2911140688004,1131.2750474499119,1054.2010472451486,1061.908447265625,125500,0.0,0.0
2017-05-10 00:00:00+09:00,1068.7596523778793,1083.3180771298214,1058.483117258861,1078.1798095703125,36900,0.0,0.0
2017-05-11 00:00:00+09:00,1083.3178186530429,1095.307106764618,1074.7540414304892,1076.466796875,25600,0.0,0.0
2017-05-12 00:00:00+09:00,1086.7435135514768,1125.280517578125,1079.0361127461472,1125.280517578125,64200,0.0,0.0
2017-05-15 00:00:00+09:00,1079.0359808945639,1131.2750244140625,1079.0359808945639,1131.2750244140625,60300,0.0,0.0
2017-05-16 00:00:00+09:00,1131.2750817712802,1138.9824820255888,1122.7113037109375,1122.7113037109375,36300,0.0,0.0
2017-05-17 00:00:00+09:00,1097.0200638015851,1130.4188011070198,1064.477704375777,1119.285888671875,33800,0.0,0.0
2017-05-18 00:00:00+09:00,1097.0202134245508,1104.7276153924047,1089.3128114566969,1090.169189453125,18400,0.0,0.0
2017-05-19 00:00:00+09:00,1105.5838142047685,1105.5838142047685,1079.8924784757653,1091.025390625,15500,0.0,0.0
2017-05-22 00:00:00+09:00,1101.3019119358662,1101.3019119358662,1081.6052214424565,1089.3126220703125,6700,0.0,0.0
2017-05-23 00:00:00+09:00,1089.3126876193228,1096.163710811897,1061.9085948490253,1065.3341064453125,18200,0.0,0.0
2017-05-24 00:00:00+09:00,1072.185031556689,1074.7541650188855,1030.2225183408123,1036.2171630859375,36900,0.0,0.0
2017-05-25 00:00:00+09:00,1051.6320748234427,1051.6320748234427,1025.0843595795284,1034.5045166015625,17300,0.0,0.0
2017-05-26 00:00:00+09:00,1034.5046215920781,1043.9247795701517,1028.5099756060313,1040.499267578125,9400,0.0,0.0
2017-05-29 00:00:00+09:00,1044.7812125945993,1044.7812125945993,1034.5046760772755,1039.6429443359375,18100,0.0,0.0
2017-05-30 00:00:00+09:00,1039.6429518096302,1061.9087810905612,1035.3610615632972,1049.0631103515625,19000,0.0,0.0
2017-05-31 00:00:00+09:00,1044.7810949716697,1081.6053466796875,1044.7810949716697,1081.6053466796875,14100,0.0,0.0
2017-06-01 00:00:00+09:00,1073.8978111757162,1086.7434787735117,1073.8978111757162,1079.8924560546875,12200,0.0,0.0
2017-06-02 00:00:00+09:00,1089.312517882912,1089.312517882912,1034.504340882514,1075.6104736328125,29500,0.0,0.0
2017-06-05 00:00:00+09:00,1070.4724415239082,1075.6107092432228,1063.621417898155,1066.1905517578125,9100,0.0,0.0
2017-06-06 00:00:00+09:00,1065.3338932494169,1110.721912817117,1057.6264937001847,1101.3017578125,39900,0.0,0.0
2017-06-07 00:00:00+09:00,1113.2913811929786,1145.833744643235,1103.871223352115,1138.1263427734375,77600,0.0,0.0
2017-06-08 00:00:00+09:00,1162.1047909716942,1180.0887265725826,1147.5463669138321,1161.2484130859375,80600,0.0,0.0
2017-06-09 00:00:00+09:00,1181.80126266423,1181.80126266423,1156.96630859375,1156.96630859375,33500,0.0,0.0
2017-06-12 00:00:00+09:00,1147.5465087890625,1159.5358006719332,1116.716901090252,1147.5465087890625,30100,0.0,0.0
2017-06-13 00:00:00+09:00,1146.6901307974288,1176.6633605046059,1144.9773748141615,1147.5465087890625,42800,0.0,0.0
2017-06-14 00:00:00+09:00,1141.5516228106217,1151.828156549352,1117.5730440869177,1139.8388671875,22400,0.0,0.0
2017-06-15 00:00:00+09:00,1139.8388466714812,1159.535535982859,1118.4294017678094,1120.99853515625,28300,0.0,0.0
2017-06-16 00:00:00+09:00,1136.4134543989965,1173.2377034865299,1134.7006986274832,1161.2484130859375,36500,0.0,0.0
2017-06-19 00:00:00+09:00,1186.9397289519616,1213.4874429472795,1172.3813051480774,1207.4927978515625,117700,0.0,0.0
2017-06-20 00:00:00+09:00,1216.0565376825143,1242.6042508291043,1194.6470915965544,1202.3544921875,90800,0.0,0.0
2017-06-21 00:00:00+09:00,1191.2212844577123,1222.9072567977091,1186.083018672848,1203.2105712890625,67900,0.0,0.0
2017-06-22 00:00:00+09:00,1220.3386573061548,1220.3386573061548,1198.0728291728494,1208.349365234375,32300,0.0,0.0
2017-06-23 00:00:00+09:00,1210.0617346722147,1210.0617346722147,1164.6737149003623,1181.80126953125,39500,0.0,0.0
2017-06-26 00:00:00+09:00,1265.7265220636802,1281.1413240915194,1228.9022727749534,1235.7532958984375,142300,0.0,0.0
2017-06-27 00:00:00+09:00,1235.7531978499937,1310.2580684064383,1227.189419625115,1279.428466796875,125000,0.0,0.0
2017-06-28 00:00:00+09:00,1253.737150736849,1278.572107957729,1251.1680172312406,1265.7264404296875,74100,0.0,0.0
2017-06-29 00:00:00+09:00,1283.7103946126304,1292.2741730957032,1277.7157496744792,1284.5667724609375,39800,0.0,0.0
2017-06-30 00:00:00+09:00,1263.157262610109,1287.135841154572,1258.0189957791526,1276.0029296875,63900,0.0,0.0
2017-07-03 00:00:00+09:00,1282.8537614052532,1299.9813149620657,1258.018808747875,1275.1463623046875,32800,0.0,0.0
2017-07-04 00:00:00+09:00,1267.4393429004645,1275.1467443099943,1216.0566668369322,1244.317138671875,46700,0.0,0.0
2017-07-05 00:00:00+09:00,1245.173277234865,1246.8860327743903,1210.9181664443597,1228.902099609375,43700,0.0,0.0
2017-07-06 00:00:00+09:00,1224.6203485056133,1231.4713714343159,1214.3438141125591,1222.9075927734375,20000,0.0,0.0
2017-07-07 00:00:00+09:00,1208.349182567377,1247.7425648480996,1156.1101321516367,1192.0780029296875,70400,0.0,0.0
2017-07-10 00:00:00+09:00,1181.8013694069602,1181.8013694069602,1115.8602785052676,1130.418701171875,106800,0.0,0.0
2017-07-11 00:00:00+09:00,1142.4077382740957,1168.9554443359375,1140.6949830442995,1168.9554443359375,44400,0.0,0.0
2017-07-12 00:00:00+09:00,1155.2536677955954,1163.817445911204,1138.9824893759392,1139.8388671875,20500,0.0,0.0
2017-07-13 00:00:00+09:00,1156.9664885587074,1157.8228664184844,1138.9825535033906,1148.4027099609375,26900,0.0,0.0
2017-07-14 00:00:00+09:00,1148.4026496438419,1171.5248506433823,1146.6898940142462,1164.673828125,26500,0.0,0.0
2017-07-17 00:00:00+09:00,1164.673828125,1164.673828125,1164.673828125,1164.673828125,0,0.0,0.0
2017-07-18 00:00:00+09:00,1157.8230699811663,1166.3868500845772,1132.9881076812744,1150.9720458984375,28600,0.0,0.0
2017-07-19 00:00:00+09:00,1143.2644527905607,1146.689964259596,1120.9986282418308,1125.280517578125,33600,0.0,0.0
2017-07-20 00:00:00+09:00,1131.2751789866463,1132.9879347458996,1115.0039992737425,1119.285888671875,37100,0.0,0.0
2017-07-21 00:00:00+09:00,1120.1422279586616,1120.1422279586616,1110.7220716073273,1114.1475830078125,26300,0.0,0.0
2017-07-24 00:00:00+09:00,1110.7221806550413,1112.4349365234375,1096.1637557736722,1112.4349365234375,24700,0.0,0.0
2017-07-25 00:00:00+09:00,1130.4187140991396,1150.9717816282148,1119.2858025208905,1132.1314697265625,35600,0.0,0.0
2017-07-26 00:00:00+09:00,1138.9824424539033,1141.5515757827468,1117.572998046875,1117.572998046875,15100,0.0,0.0
2017-07-27 00:00:00+09:00,1130.4188011070198,1133.844312625526,1116.7167550329955,1119.285888671875,21600,0.0,0.0
2017-07-28 00:00:00+09:00,1119.28589925766,1126.1369223594666,1070.4723596572876,1096.1636962890625,52700,0.0,0.0
2017-07-31 00:00:00+09:00,1090.169135022694,1120.998741354836,1082.4617334396585,1115.8604736328125,38000,0.0,0.0
2017-08-01 00:00:00+09:00,1126.1367578383743,1131.2750244140625,1094.450780621629,1131.2750244140625,51900,0.0,0.0
2017-08-02 00:00:00+09:00,1136.413470427313,1158.6792957710284,1134.7007146316428,1155.2537841796875,44400,0.0,0.0
2017-08-03 00:00:00+09:00,1155.2537860399752,1180.9451230164018,1138.9826059549052,1180.0887451171875,77900,0.0,0.0
2017-08-04 00:00:00+09:00,1168.0993941575837,1189.5088405314398,1163.8175048828125,1163.8175048828125,35900,0.0,0.0
2017-08-07 00:00:00+09:00,1180.9450341118707,1284.5667521158855,1166.386610921224,1233.18408203125,86900,0.0,0.0
2017-08-08 00:00:00+09:00,1258.8754871479714,1306.8326485631321,1226.333127616255,1291.4178466796875,127100,0.0,0.0
2017-08-09 00:00:00+09:00,1257.162789761312,1280.2849936601917,1225.476806640625,1225.476806640625,39000,0.0,0.0
2017-08-10 00:00:00+09:00,1240.8916606019563,1270.8648891189118,1210.9184320850009,1257.162841796875,39200,0.0,0.0
2017-08-11 00:00:00+09:00,1257.162841796875,1257.162841796875,1257.162841796875,1257.162841796875,0,0.0,0.0
2017-08-14 00:00:00+09:00,1257.1629079658294,1293.130784079293,1245.173615928008,1282.854248046875,91700,0.0,0.0
2017-08-15 00:00:00+09:00,1327.3857477103086,1357.3589742715092,1205.7800856620092,1287.135986328125,264000,0.0,0.0
2017-08-16 00:00:00+09:00,1321.3910425261172,1335.0930883332578,1294.8433287747825,1328.2420654296875,123500,0.0,0.0
2017-08-17 00:00:00+09:00,1332.5238894454374,1410.4542711546499,1325.6728668775945,1392.4703369140625,142000,0.0,0.0
2017-08-18 00:00:00+09:00,1426.7254409005407,1442.996619398206,1377.0555275918782,1415.592529296875,154000,0.0,0.0
2017-08-21 00:00:00+09:00,1448.1350389437603,1520.9271609486211,1433.576614542788,1443.8531494140625,261300,0.0,0.0
2017-08-22 00:00:00+09:00,1378.7681815415965,1437.0018687122977,1358.2151154813491,1401.890380859375,143200,0.0,0.0
2017-08-23 00:00:00+09:00,1411.3105142221361,1416.448780657411,1364.2097385654508,1383.050048828125,49600,0.0,0.0
2017-08-24 00:00:00+09:00,1366.7790982668184,1447.278619092057,1362.4972088612205,1446.4222412109375,64000,0.0,0.0
2017-08-25 00:00:00+09:00,1461.8369254586514,1461.8369254586514,1430.1509464065307,1431.00732421875,16400,0.0,0.0
2017-08-28 00:00:00+09:00,1436.1458162411577,1503.7996740128044,1436.1458162411577,1494.3795166015625,96500,0.0,0.0
2017-08-29 00:00:00+09:00,1484.1026471975335,1530.3470458984375,1446.4220260338338,1530.3470458984375,94500,0.0,0.0
2017-08-30 00:00:00+09:00,1541.48008963953,1541.48008963953,1460.124196019666,1539.767333984375,151800,0.0,0.0
2017-08-31 00:00:00+09:00,1537.1982751737978,1537.1982751737978,1480.6773358080761,1492.6666259765625,73400,0.0,0.0
2017-09-01 00:00:00+09:00,1494.3793919703344,1515.7888388467002,1469.54443359375,1469.54443359375,46400,0.0,0.0
2017-09-04 00:00:00+09:00,1469.5445293351715,1469.5445293351715,1402.7470507290275,1441.2840576171875,53500,0.0,0.0
2017-09-05 00:00:00+09:00,1416.449045578689,1424.1564466731318,1344.5133020305573,1352.220703125,101700,0.0,0.0
2017-09-06 00:00:00+09:00,1317.965550564943,1362.497200096702,1288.8487027941776,1314.5400390625,95900,0.0,0.0
2017-09-07 00:00:00+09:00,1341.9439803936298,1442.9965583683893,1329.098313701923,1391.6138916015625,132200,0.0,0.0
2017-09-08 00:00:00+09:00,1421.5872708720246,1434.432938982314,1396.7523125254652,1412.1671142578125,68600,0.0,0.0
2017-09-11 00:00:00+09:00,1422.4435968951145,1429.2946196375353,1396.7522616110366,1405.3160400390625,51800,0.0,0.0
2017-09-12 00:00:00+09:00,1427.5820776440946,1427.5820776440946,1377.9121553265436,1417.3055419921875,49000,0.0,0.0
2017-09-13 00:00:00+09:00,1430.1509287764386,1442.9965958013765,1400.1777057182499,1404.4595947265625,50300,0.0,0.0
2017-09-14 00:00:00+09:00,1406.1723190715911,1419.0179858109784,1361.6406743750485,1376.1990966796875,40900,0.0,0.0
2017-09-15 00:00:00+09:00,1370.2044343037585,1400.1776563041533,1367.635300989439,1389.901123046875,37200,0.0,0.0
2017-09-18 00:00:00+09:00,1389.901123046875,1389.901123046875,1389.901123046875,1389.901123046875,0,0.0,0.0
2017-09-19 00:00:00+09:00,1421.5873290729412,1464.4062245269454,1420.7309511638612,1460.980712890625,77700,0.0,0.0
2017-09-20 00:00:00+09:00,1460.980712890625,1478.964648981307,1427.5819744365017,1460.980712890625,53300,0.0,0.0
2017-09-21 00:00:00+09:00,1490.9539304480088,1491.81030835177,1447.2786573561946,1451.560546875,41500,0.0,0.0
2017-09-22 00:00:00+09:00,1437.8584522167287,1442.1403415920017,1341.0877523355553,1347.0823974609375,161800,0.0,0.0
2017-09-25 00:00:00+09:00,1370.2043939092357,1378.7681713711684,1335.9492840615048,1344.5130615234375,104000,0.0,0.0
2017-09-26 00:00:00+09:00,1333.380156955397,1378.7681777123887,1323.103623953814,1369.3480224609375,77300,0.0,0.0
2017-09-27 00:00:00+09:00,1368.4836493017042,1425.5398216667784,1365.0256994613965,1412.572509765625,60200,15.0,0.0
2017-09-28 00:00:00+09:00,1441.9652822591718,1476.5447854308545,1437.6428443627115,1475.6802978515625,97300,0.0,0.0
2017-09-29 00:00:00+09:00,1465.3062924070855,1525.8204165772895,1460.9838549663566,1495.5633544921875,130000,0.0,0.0
2017-10-02 00:00:00+09:00,1518.904440943611,1581.1475369868324,1513.7175162733427,1563.8577880859375,167200,0.0,0.0
2017-10-03 00:00:00+09:00,1563.8578498150505,1607.9467112526224,1562.1288748567144,1596.7083740234375,108400,0.0,0.0
2017-10-04 00:00:00+09:00,1589.792459771021,1610.5401590828778,1569.9092479304916,1595.8438720703125,79700,0.0,0.0
2017-10-05 00:00:00+09:00,1561.2644396972657,1583.7411149088543,1525.8204518636069,1556.0775146484375,78600,0.0,0.0
2017-10-06 00:00:00+09:00,1555.212908574494,1560.399833227883,1534.4652099609375,1534.4652099609375,26400,0.0,0.0
2017-10-09 00:00:00+09:00,1534.4652099609375,1534.4652099609375,1534.4652099609375,1534.4652099609375,0,0.0,0.0
2017-10-10 00:00:00+09:00,1540.5166534117632,1556.9419151484767,1502.4792051793738,1550.8905029296875,55000,0.0,0.0
2017-10-11 00:00:00+09:00,1550.8906750836272,1556.0776004183551,1518.0401479636844,1546.5682373046875,70200,0.0,0.0
2017-10-12 00:00:00+09:00,1556.9419568694038,1575.9606814952378,1531.0073323796305,1538.7877197265625,48000,0.0,0.0
2017-10-13 00:00:00+09:00,1538.7877535616462,1540.516728565648,1506.801715987612,1518.904541015625,33600,0.0,0.0
2017-10-16 00:00:00+09:00,1505.0727951674432,1518.9045956974142,1476.5447065743786,1478.273681640625,38400,0.0,0.0
2017-10-17 00:00:00+09:00,1486.9184099409802,1528.4138074277053,1460.1192990641368,1505.9371337890625,48900,0.0,0.0
2017-10-18 00:00:00+09:00,1489.5119659475936,1525.8204410316323,1479.1381159235823,1518.904541015625,21500,0.0,0.0
2017-10-19 00:00:00+09:00,1524.9560241699219,1533.6008995903862,1469.6288214789497,1493.83447265625,27400,0.0,0.0
2017-10-20 00:00:00+09:00,1503.3438356187607,1503.3438356187607,1469.6288214789497,1493.83447265625,28800,0.0,0.0
2017-10-23 00:00:00+09:00,1512.8529365862044,1512.8529365862044,1469.6285669694557,1492.9697265625,27600,0.0,0.0
2017-10-24 00:00:00+09:00,1495.563070535525,1537.0584620879558,1480.8667860273724,1529.278076171875,26500,0.0,0.0
2017-10-25 00:00:00+09:00,1529.2784843137542,1536.194384751578,1499.8859074530037,1502.4793701171875,23900,0.0,0.0
2017-10-26 00:00:00+09:00,1502.4791947446797,1534.4652305361374,1500.7502198370335,1528.413818359375,24600,0.0,0.0
2017-10-27 00:00:00+09:00,1537.0586928976068,1556.0774168817168,1511.9885567367346,1528.413818359375,40900,0.0,0.0
2017-10-30 00:00:00+09:00,1538.7877358849244,1576.8251855360122,1538.7877358849244,1554.3485107421875,57100,0.0,0.0
2017-10-31 00:00:00+09:00,1547.4326395670573,1565.5868772379558,1521.4980143229168,1556.0775146484375,50200,0.0,0.0
2017-11-01 00:00:00+09:00,1572.5029224027685,1572.5029224027685,1536.194443710676,1550.0262451171875,30300,0.0,0.0
2017-11-02 00:00:00+09:00,1549.1614262730834,1556.941812900571,1534.4651404211625,1544.8389892578125,22300,0.0,0.0
2017-11-03 00:00:00+09:00,1544.8389892578125,1544.8389892578125,1544.8389892578125,1544.8389892578125,0,0.0,0.0
2017-11-06 00:00:00+09:00,1545.7036486282093,1545.7036486282093,1522.3624861489243,1540.5167236328125,19400,0.0,0.0
2017-11-07 00:00:00+09:00,1590.657069527324,1737.6199509510443,1590.657069527324,1720.3302001953125,272400,0.0,0.0
2017-11-08 00:00:00+09:00,1901.8725778174212,1947.6904171921137,1786.0312480776329,1866.4285888671875,400800,0.0,0.0
2017-11-09 00:00:00+09:00,1945.0969822598859,1945.0969822598859,1755.7742093199236,1824.0687255859375,246200,0.0,0.0
2017-11-10 00:00:00+09:00,1797.2696704101563,1945.0970458984375,1785.1668443467884,1945.0970458984375,223800,0.0,0.0
2017-11-13 00:00:00+09:00,1963.2510093064495,2013.3912816709471,1919.162149123874,1943.3677978515625,156800,0.0,0.0
2017-11-14 00:00:00+09:00,1884.5829876029525,1889.7699132569055,1790.3538382228048,1817.1529541015625,156200,0.0,0.0
2017-11-15 00:00:00+09:00,1817.1529879473055,1919.1625277083815,1763.5547551914858,1870.751220703125,124700,0.0,0.0
2017-11-16 00:00:00+09:00,1827.5265488921618,1884.5827230770637,1819.7461615033117,1845.6807861328125,87000,0.0,0.0
2017-11-17 00:00:00+09:00,1855.1903352003833,1858.648285498986,1785.1668416536772,1798.1341552734375,137200,0.0,0.0
2017-11-20 00:00:00+09:00,1926.942768646901,1926.942768646901,1843.0874754397455,1876.802490234375,233500,0.0,0.0
2017-11-21 00:00:00+09:00,1867.2933139534885,1887.1765297965117,1858.6484375000002,1858.6484375,73700,0.0,0.0
2017-11-22 00:00:00+09:00,1862.9704333427258,1863.8349207827919,1817.1525990192156,1839.6292724609375,59500,0.0,0.0
2017-11-23 00:00:00+09:00,1839.6292724609375,1839.6292724609375,1839.6292724609375,1839.6292724609375,0,0.0,0.0
2017-11-24 00:00:00+09:00,1844.8163470924042,1850.0032721545197,1815.4237717404167,1826.662109375,34900,0.0,0.0
2017-11-27 00:00:00+09:00,1849.1386644024453,1942.503309449413,1828.390965503119,1892.363037109375,103200,0.0,0.0
2017-11-28 00:00:00+09:00,1860.377421415441,1884.5830755974264,1816.2885512982537,1837.0362548828125,53100,0.0,0.0
2017-11-29 00:00:00+09:00,1875.9376038051448,1879.3955533052465,1850.867469929408,1860.3768310546875,32000,0.0,0.0
2017-11-30 00:00:00+09:00,1901.8723831427606,1901.8723831427606,1830.1199250514655,1840.4937744140625,54600,0.0,0.0
2017-12-01 00:00:00+09:00,1850.0032670080827,1871.6154547067754,1830.1200543252855,1848.2742919921875,56700,0.0,0.0
2017-12-04 00:00:00+09:00,1845.680732568472,1928.6715289743613,1845.680732568472,1871.6153564453125,53600,0.0,0.0
2017-12-05 00:00:00+09:00,1850.867809519239,1918.2978371430133,1833.5780588464763,1917.433349609375,92300,0.0,0.0
2017-12-06 00:00:00+09:00,1919.1624247139491,2010.7981080561467,1869.0221451493503,1879.39599609375,150900,0.0,0.0
2017-12-07 00:00:00+09:00,1954.6060452627696,2110.2137799586117,1936.4518095482547,2105.02685546875,280500,0.0,0.0
2017-12-08 00:00:00+09:00,2092.0600827804165,2108.4853478931554,2005.6113190291596,2041.9197998046875,119200,0.0,0.0
2017-12-11 00:00:00+09:00,2074.7703679457036,2074.7703679457036,2017.7141828271965,2022.03662109375,69800,0.0,0.0
2017-12-12 00:00:00+09:00,2031.5459827318537,2055.751636994191,1937.3168286391847,1955.4710693359375,113000,0.0,0.0
2017-12-13 00:00:00+09:00,1946.8257829051906,1961.5220698987023,1882.8537101099046,1887.1761474609375,119100,0.0,0.0
2017-12-14 00:00:00+09:00,1886.311639376427,1936.4519121004566,1880.260227151113,1893.2275390625,72300,0.0,0.0
2017-12-15 00:00:00+09:00,1901.0081706710562,1901.0081706710562,1820.6108264816937,1863.835205078125,103400,0.0,0.0
2017-12-18 00:00:00+09:00,1881.9893466277772,1883.7183216820977,1807.6434192919992,1821.4752197265625,79900,0.0,0.0
2017-12-19 00:00:00+09:00,1815.4238852120268,1850.003387787494,1790.353745844813,1804.185546875,43900,0.0,0.0
2017-12-20 00:00:00+09:00,1804.185371302539,1835.3069205918976,1773.9283094934403,1779.115234375,81000,0.0,0.0
2017-12-21 00:00:00+09:00,1802.456699425066,1865.564296095584,1781.7089964101012,1841.358642578125,108500,0.0,0.0
2017-12-22 00:00:00+09:00,1858.6482937536507,1858.6482937536507,1816.2884024076372,1850.00341796875,58500,0.0,0.0
2017-12-25 00:00:00+09:00,1862.970531322338,1871.615406177662,1819.7461570457176,1867.29296875,76100,0.0,0.0
2017-12-26 00:00:00+09:00,1867.2933307969593,1943.3682442738723,1867.2933307969593,1926.0784912109375,89100,0.0,0.0
2017-12-27 00:00:00+09:00,1932.12945012763,2028.9520444964419,1932.12945012763,2008.204345703125,152600,0.0,0.0
2017-12-28 00:00:00+09:00,1973.6250040853517,1998.6951421135932,1887.1762522638296,1937.3165283203125,117200,0.0,0.0
2017-12-29 00:00:00+09:00,1944.2323896108937,2022.9007521963056,1944.2323896108937,1978.8118896484375,80100,0.0,0.0
2018-01-01 00:00:00+09:00,1978.8118896484375,1978.8118896484375,1978.8118896484375,1978.8118896484375,0,0.0,0.0
2018-01-02 00:00:00+09:00,1978.8118896484375,1978.8118896484375,1978.8118896484375,1978.8118896484375,0,0.0,0.0
2018-01-03 00:00:00+09:00,1978.8118896484375,1978.8118896484375,1978.8118896484375,1978.8118896484375,0,0.0,0.0
2018-01-04 00:00:00+09:00,2007.3400630554443,2007.3400630554443,1942.5034977112762,1954.6063232421875,69500,0.0,0.0
2018-01-05 00:00:00+09:00,1968.4379441375388,1968.4379441375388,1890.6340728277546,1914.8397216796875,117300,0.0,0.0
2018-01-08 00:00:00+09:00,1914.8397216796875,1914.8397216796875,1914.8397216796875,1914.8397216796875,0,0.0,0.0
2018-01-09 00:00:00+09:00,1920.026709791007,1997.8305836681752,1903.6014475280494,1962.3865966796875,137100,0.0,0.0
2018-01-10 00:00:00+09:00,1996.9662016643713,1996.9662016643713,1897.5501353477466,1902.737060546875,98900,0.0,0.0
2018-01-11 00:00:00+09:00,1919.162810664849,1949.4198820041597,1897.5506168510558,1932.130126953125,79600,0.0,0.0
2018-01-12 00:00:00+09:00,1913.1111591569768,1920.0270603197675,1852.5970239825583,1858.6484375,113100,0.0,0.0
2018-01-15 00:00:00+09:00,1872.4798172976991,1895.8209784551498,1835.3068569358336,1884.5826416015625,74600,0.0,0.0
2018-01-16 00:00:00+09:00,1872.480094540153,1872.480094540153,1817.1528895306565,1820.61083984375,139700,0.0,0.0
2018-01-17 00:00:00+09:00,1815.4236555798661,1817.152630489942,1767.0123580977363,1768.7413330078125,195000,0.0,0.0
2018-01-18 00:00:00+09:00,1780.8441573783448,1806.7787810294858,1763.5544082775841,1768.7413330078125,64300,0.0,0.0
2018-01-19 00:00:00+09:00,1802.4566007000087,1832.7136659395774,1783.4378739779943,1820.61083984375,72200,0.0,0.0
2018-01-22 00:00:00+09:00,1817.15285986564,1827.5267106355675,1786.0313075558574,1789.4892578125,42500,0.0,0.0
2018-01-23 00:00:00+09:00,1786.89531263024,1802.4560845834785,1769.6055660155303,1782.5728759765625,51600,0.0,0.0
2018-01-24 00:00:00+09:00,1794.6761528622787,1794.6761528622787,1754.9097255830568,1758.36767578125,78400,0.0,0.0
2018-01-25 00:00:00+09:00,1772.1991628187236,1772.1991628187236,1733.2972299763615,1747.1290283203125,81000,0.0,0.0
2018-01-26 00:00:00+09:00,1754.9096483566746,1780.844273701847,1738.4843856380653,1775.6573486328125,32000,0.0,0.0
2018-01-29 00:00:00+09:00,1779.1154065696542,1813.6949091268875,1770.4705309303458,1774.79296875,48700,0.0,0.0
2018-01-30 00:00:00+09:00,1772.1994445277007,1773.9284195955327,1709.956342085752,1712.5498046875,121500,0.0,0.0
2018-01-31 00:00:00+09:00,1703.0403893892883,1727.246039593806,1685.750639243204,1687.4796142578125,53600,0.0,0.0
2018-02-01 00:00:00+09:00,1716.0076587818287,1757.5030580873843,1704.7693214699075,1750.587158203125,60400,0.0,0.0
2018-02-02 00:00:00+09:00,1763.554255802791,1763.554255802791,1709.9560382244708,1730.7037353515625,45800,0.0,0.0
2018-02-05 00:00:00+09:00,1657.2225070740124,1685.7505940502474,1651.171094685114,1670.1898193359375,70700,0.0,0.0
2018-02-06 00:00:00+09:00,1586.334469046644,1614.8625548660114,1452.3389144405241,1607.9466552734375,261300,0.0,0.0
2018-02-07 00:00:00+09:00,1759.231936470608,1759.231936470608,1609.6756096846545,1613.998046875,102600,0.0,0.0
2018-02-08 00:00:00+09:00,1613.9983411072064,1666.7320844427927,1613.9983411072064,1653.7647705078125,46700,0.0,0.0
2018-02-09 00:00:00+09:00,1522.3625010671392,1632.1524145455758,1522.3625010671392,1621.778564453125,97500,0.0,0.0
2018-02-12 00:00:00+09:00,1621.778564453125,1621.778564453125,1621.778564453125,1621.778564453125,0,0.0,0.0
2018-02-13 00:00:00+09:00,1728.9752748613312,1728.9752748613312,1609.6759808958993,1636.47509765625,173500,0.0,0.0
2018-02-14 00:00:00+09:00,1636.474613216605,1680.5634696741047,1562.1286984059193,1593.250244140625,86800,0.0,0.0
2018-02-15 00:00:00+09:00,1560.3997948056176,1620.0494268508185,1559.5353073846727,1561.2642822265625,94200,0.0,0.0
2018-02-16 00:00:00+09:00,1602.7598535520444,1649.4421793836573,1586.3345907594398,1622.64306640625,69200,0.0,0.0
2018-02-19 00:00:00+09:00,1657.2225745819385,1716.0077258973124,1637.3393616370327,1710.82080078125,55600,0.0,0.0
2018-02-20 00:00:00+09:00,1705.6338468560318,1720.3301344366464,1698.7179468180957,1709.091796875,31000,0.0,0.0
2018-02-21 00:00:00+09:00,1727.2461203060866,1727.2461203060866,1679.6993051825455,1684.88623046875,39100,0.0,0.0
2018-02-22 00:00:00+09:00,1684.8860419407365,1696.1243788033478,1661.5448807645437,1673.647705078125,19000,0.0,0.0
2018-02-23 00:00:00+09:00,1683.1570203936424,1685.7504826746804,1634.7457244809336,1656.35791015625,23700,0.0,0.0
2018-02-26 00:00:00+09:00,1711.685259389226,1711.685259389226,1680.563709218513,1709.091796875,31900,0.0,0.0
2018-02-27 00:00:00+09:00,1709.9562160685912,1720.33006571107,1673.6477423199153,1683.1571044921875,25600,0.0,0.0
2018-02-28 00:00:00+09:00,1677.970303330862,1722.9236550944916,1668.4609404577866,1712.5498046875,38300,0.0,0.0
2018-03-01 00:00:00+09:00,1720.329999603103,1733.2973111579001,1669.3252408209005,1722.9234619140625,61400,0.0,0.0
2018-03-02 00:00:00+09:00,1653.7645857612742,1682.2926732312806,1632.1523982839967,1671.9188232421875,89800,0.0,0.0
2018-03-05 00:00:00+09:00,1645.984267347441,1669.325430802473,1615.7272036094364,1646.8487548828125,50800,0.0,0.0
2018-03-06 00:00:00+09:00,1668.4610523897059,1698.7181181066176,1643.3909122242646,1645.984375,37500,0.0,0.0
2018-03-07 00:00:00+09:00,1639.0681382862795,1639.0681382862795,1597.5727423802978,1611.404541015625,29200,0.0,0.0
2018-03-08 00:00:00+09:00,1625.2364117532804,1625.2364117532804,1556.07741550846,1564.7222900390625,39100,0.0,0.0
2018-03-09 00:00:00+09:00,1586.3343268407534,1590.6567636986301,1556.0772688356165,1577.689453125,38900,0.0,0.0
2018-03-12 00:00:00+09:00,1602.7598535520444,1628.6944790140517,1591.5215158518413,1622.64306640625,51700,0.0,0.0
2018-03-13 00:00:00+09:00,1588.0635487973755,1601.8953488957739,1582.0121362543262,1592.385986328125,26300,0.0,0.0
2018-03-14 00:00:00+09:00,1572.502773686677,1594.1149613404248,1564.722386131328,1592.385986328125,27400,0.0,0.0
2018-03-15 00:00:00+09:00,1582.876410031267,1600.1661578197024,1561.2642252957226,1594.11474609375,25700,0.0,0.0
2018-03-16 00:00:00+09:00,1602.7595924289265,1604.4885671780407,1567.315610072084,1570.7735595703125,17200,0.0,0.0
2018-03-19 00:00:00+09:00,1559.5355493790064,1562.129012044271,1491.2410325270432,1517.1756591796875,70200,0.0,0.0
2018-03-20 00:00:00+09:00,1486.918545809659,1529.2784346147016,1486.918545809659,1521.498046875,39500,0.0,0.0
2018-03-21 00:00:00+09:00,1521.498046875,1521.498046875,1521.498046875,1521.498046875,0,0.0,0.0
2018-03-22 00:00:00+09:00,1520.6333209172776,1524.0912704816149,1493.8342117936643,1514.5819091796875,10300,0.0,0.0
2018-03-23 00:00:00+09:00,1460.983747423792,1476.5445210649923,1396.1471905854582,1409.114501953125,100800,0.0,0.0
2018-03-26 00:00:00+09:00,1384.9088370935515,1435.9135945146,1365.8901139873979,1429.8621826171875,70900,0.0,0.0
2018-03-27 00:00:00+09:00,1450.610087196359,1471.3577880859375,1435.0493115291752,1471.3577880859375,22200,0.0,0.0
2018-03-28 00:00:00+09:00,1456.5307716316524,1522.8160043526138,1456.5307716316524,1503.628173828125,16200,15.0,0.0
2018-03-29 00:00:00+09:00,1510.6055977085152,1521.9438614326552,1484.4403737297303,1499.267333984375,25300,0.0,0.0
2018-03-30 00:00:00+09:00,1517.5830008489909,1530.6656129252754,1507.9890853263823,1528.9212646484375,11800,0.0,0.0
2018-04-02 00:00:00+09:00,1534.1542795969235,1562.063851482712,1509.7334041968588,1515.838623046875,13800,0.0,0.0
2018-04-03 00:00:00+09:00,1500.1392154173316,1518.4548686288224,1489.6731278679083,1502.7557373046875,21100,0.0,0.0
2018-04-04 00:00:00+09:00,1526.3046628365316,1538.5151001392237,1501.883788231147,1536.770751953125,20900,0.0,0.0
2018-04-05 00:00:00+09:00,1535.8987831428294,1539.387479981314,1503.6283373868473,1511.4779052734375,58700,0.0,0.0
2018-04-06 00:00:00+09:00,1520.1992072339328,1546.3644259470814,1507.9887718344635,1525.4322509765625,37700,0.0,0.0
2018-04-09 00:00:00+09:00,1523.6881349766977,1526.3046572462627,1492.2898677419173,1513.2220458984375,14200,0.0,0.0
2018-04-10 00:00:00+09:00,1507.9890377767208,1514.9664306640625,1485.3125108928602,1514.9664306640625,18100,0.0,0.0
2018-04-11 00:00:00+09:00,1514.966320652689,1529.79327946161,1501.0115358913517,1509.7332763671875,12800,0.0,0.0
2018-04-12 00:00:00+09:00,1493.1621787577708,1508.8613138148035,1456.5308636246946,1473.1021728515625,35200,0.0,0.0
2018-04-13 00:00:00+09:00,1475.718505859375,1500.1393794787973,1473.9741577437019,1475.718505859375,19100,0.0,0.0
2018-04-16 00:00:00+09:00,1487.9290841424247,1491.4177807054784,1471.3577754679193,1476.5908203125,16900,0.0,0.0
2018-04-17 00:00:00+09:00,1474.8464991175074,1476.5908474310704,1430.365617121651,1448.6812744140625,31900,0.0,0.0
2018-04-18 00:00:00+09:00,1468.7413020023866,1489.6734820784302,1465.252605323046,1473.1021728515625,14400,0.0,0.0
2018-04-19 00:00:00+09:00,1487.9288396350973,1500.1392755992774,1473.101881678593,1494.0340576171875,15600,0.0,0.0
2018-04-20 00:00:00+09:00,1501.0114153335471,1578.6348993339454,1498.3948934009493,1573.40185546875,62200,0.0,0.0
2018-04-23 00:00:00+09:00,1587.35689706666,1599.5673347364034,1579.5073299932533,1585.612548828125,30600,0.0,0.0
2018-04-24 00:00:00+09:00,1613.522127202826,1698.1230171156226,1606.5447342203272,1685.0404052734375,79900,0.0,0.0
2018-04-25 00:00:00+09:00,1650.1533447265626,1693.762048339844,1618.7550781250002,1657.1307373046875,36000,0.0,0.0
2018-04-26 00:00:00+09:00,1671.957828139646,1671.957828139646,1620.4995538254889,1628.34912109375,18000,0.0,0.0
2018-04-27 00:00:00+09:00,1630.9657981178977,1637.9431919066374,1582.9962158203125,1582.9962158203125,21300,0.0,0.0
2018-04-30 00:00:00+09:00,1582.9962158203125,1582.9962158203125,1582.9962158203125,1582.9962158203125,0,0.0,0.0
2018-05-01 00:00:00+09:00,1586.484502207269,1586.484502207269,1553.3418902865017,1575.146240234375,15200,0.0,0.0
2018-05-02 00:00:00+09:00,1571.6575457101844,1610.0332016542732,1570.7853717114551,1592.5897216796875,26400,0.0,0.0
2018-05-03 00:00:00+09:00,1592.5897216796875,1592.5897216796875,1592.5897216796875,1592.5897216796875,0,0.0,0.0
2018-05-04 00:00:00+09:00,1592.5897216796875,1592.5897216796875,1592.5897216796875,1592.5897216796875,0,0.0,0.0
2018-05-07 00:00:00+09:00,1608.2889892578125,1701.6116149902346,1596.0785522460938,1657.1307373046875,91900,0.0,0.0
2018-05-08 00:00:00+09:00,1658.875271688043,1663.236142538958,1595.206557264685,1630.9656982421875,69500,0.0,0.0
2018-05-09 00:00:00+09:00,1634.4541495988176,1645.792412109375,1596.9506659100507,1613.52197265625,37700,0.0,0.0
2018-05-10 00:00:00+09:00,1617.8830271181853,1628.3491167814836,1600.4395443460216,1604.8004150390625,26800,0.0,0.0
2018-05-11 00:00:00+09:00,1609.1613095766538,1617.8830510919745,1562.9360795454545,1611.77783203125,50700,0.0,0.0
2018-05-14 00:00:00+09:00,1522.8159903833423,1578.635133215263,1420.771619893737,1543.7481689453125,132600,0.0,0.0
2018-05-15 00:00:00+09:00,1567.2968078613283,1677.190740966797,1567.2968078613283,1639.687255859375,119400,0.0,0.0
2018-05-16 00:00:00+09:00,1628.3490431193213,1633.5820877142417,1582.9959899633468,1583.8681640625,45600,0.0,0.0
2018-05-17 00:00:00+09:00,1744.348120019139,1770.5133418194262,1700.7394170186606,1737.3707275390625,190700,0.0,0.0
2018-05-18 00:00:00+09:00,1757.4307079463042,1808.888976814211,1737.3707048283068,1800.167236328125,99100,0.0,0.0
2018-05-21 00:00:00+09:00,1814.1220462683475,1844.6481383930552,1779.23508384011,1842.0316162109375,82300,0.0,0.0
2018-05-22 00:00:00+09:00,1849.0090520378458,1849.0090520378458,1794.0620849254003,1797.55078125,52400,0.0,0.0
2018-05-23 00:00:00+09:00,1780.1072564795315,1814.1220448199047,1732.137683179005,1737.3707275390625,44500,0.0,0.0
2018-05-24 00:00:00+09:00,1741.7316223144533,1768.7690185546876,1738.2429260253907,1744.34814453125,28400,0.0,0.0
2018-05-25 00:00:00+09:00,1738.2431167656566,1759.1752967969542,1705.9726725507398,1724.288330078125,23300,0.0,0.0
2018-05-28 00:00:00+09:00,1743.4759704589844,1812.3777221679688,1729.5211853027345,1779.235107421875,35700,0.0,0.0
2018-05-29 00:00:00+09:00,1795.80653341173,1795.80653341173,1739.1152149698833,1755.6865234375,44800,0.0,0.0
2018-05-30 00:00:00+09:00,1735.6263916989267,1760.047265551977,1690.2733402575477,1749.5811767578125,77000,0.0,0.0
2018-05-31 00:00:00+09:00,1759.17496489356,1801.039317057611,1736.4984408046992,1778.36279296875,80400,0.0,0.0
2018-06-01 00:00:00+09:00,1765.2805011233152,1765.2805011233152,1708.5891806821019,1746.96484375,69700,0.0,0.0
2018-06-04 00:00:00+09:00,1758.3030823511167,1777.4909136069323,1735.6265545033343,1757.430908203125,49100,0.0,0.0
2018-06-05 00:00:00+09:00,1758.3030364663093,1760.9195588420032,1685.912584072111,1708.589111328125,43800,0.0,0.0
2018-06-06 00:00:00+09:00,1708.5890075683594,1745.2203186035158,1669.3411743164063,1744.34814453125,57500,0.0,0.0
2018-06-07 00:00:00+09:00,1717.3109765886622,1812.3779631037278,1710.3335830829694,1790.5736083984375,96600,0.0,0.0
2018-06-08 00:00:00+09:00,1762.6637522379558,1800.167236328125,1748.7089674602184,1800.167236328125,45400,0.0,0.0
2018-06-11 00:00:00+09:00,1798.423085775894,1862.0917983179115,1798.423085775894,1844.6483154296875,87200,0.0,0.0
2018-06-12 00:00:00+09:00,1849.008965521725,1862.0915761268316,1810.633307746746,1834.1820068359375,45200,0.0,0.0
2018-06-13 00:00:00+09:00,1833.3098308247675,1840.2872231399904,1781.8515625,1781.8515625,20500,0.0,0.0
2018-06-14 00:00:00+09:00,1760.9194581061076,1768.7690247841438,1727.7768432432883,1733.0098876953125,27400,0.0,0.0
2018-06-15 00:00:00+09:00,1738.2429140171905,1800.1672727202615,1735.6263918184693,1767.024658203125,26600,0.0,0.0
2018-06-18 00:00:00+09:00,1746.0925955618884,1766.152600406006,1724.2882424704565,1760.9195556640625,27200,0.0,0.0
2018-06-19 00:00:00+09:00,1764.408326962681,1772.2578944083875,1724.2883155735149,1746.96484375,32100,0.0,0.0
2018-06-20 00:00:00+09:00,1753.069976128472,1774.0021549479166,1721.6717078993054,1766.152587890625,57900,0.0,0.0
2018-06-21 00:00:00+09:00,1766.1528119816444,1808.8893491604595,1740.859759365611,1741.73193359375,29600,0.0,0.0
2018-06-22 00:00:00+09:00,1724.2879359410122,1757.4305467481736,1693.761847039679,1746.09228515625,41900,0.0,0.0
2018-06-25 00:00:00+09:00,1770.5134492577924,1770.5134492577924,1699.8673461100677,1701.6116943359375,16300,0.0,0.0
2018-06-26 00:00:00+09:00,1671.0855467230451,1697.2507692709007,1666.7246762984025,1681.5516357421875,17600,0.0,0.0
2018-06-27 00:00:00+09:00,1683.2961101092951,1726.0326434747642,1680.6795876583478,1705.1004638671875,15400,0.0,0.0
2018-06-28 00:00:00+09:00,1705.1001948360056,1705.1001948360056,1674.5741043913713,1698.122802734375,14700,0.0,0.0
2018-06-29 00:00:00+09:00,1712.9501459385322,1729.5214559043327,1690.2736165116473,1716.4388427734375,26200,0.0,0.0
2018-07-02 00:00:00+09:00,1721.671748204385,1721.671748204385,1622.243896484375,1622.243896484375,33500,0.0,0.0
2018-07-03 00:00:00+09:00,1640.559339735243,1656.2584721729008,1543.748023036353,1554.214111328125,42800,0.0,0.0
2018-07-04 00:00:00+09:00,1558.574965316211,1596.9506219887983,1551.5975731939225,1588.2288818359375,34000,0.0,0.0
2018-07-05 00:00:00+09:00,1599.5672168245396,1607.4167833193167,1537.6428589212996,1539.38720703125,29100,0.0,0.0
2018-07-06 00:00:00+09:00,1556.830955969177,1580.3796595048452,1535.898775048583,1563.808349609375,34000,0.0,0.0
2018-07-09 00:00:00+09:00,1563.8082292454217,1630.965637863323,1563.8082292454217,1622.243896484375,36500,0.0,0.0
2018-07-10 00:00:00+09:00,1657.1308045495355,1658.8751527648508,1587.3568759369234,1654.5142822265625,41900,0.0,0.0
2018-07-11 00:00:00+09:00,1619.627282747747,1642.3038090543928,1600.4394527959696,1617.8829345703125,22900,0.0,0.0
2018-07-12 00:00:00+09:00,1617.0103870738637,1652.7695164535985,1609.1608220880682,1640.55908203125,24000,0.0,0.0
2018-07-13 00:00:00+09:00,1631.837929558381,1643.176194167819,1612.6500971424084,1616.1387939453125,22900,0.0,0.0
2018-07-16 00:00:00+09:00,1616.1387939453125,1616.1387939453125,1616.1387939453125,1616.1387939453125,0,0.0,0.0
2018-07-17 00:00:00+09:00,1590.845690317623,1614.394392970351,1572.5300326988345,1596.0787353515625,43100,0.0,0.0
2018-07-18 00:00:00+09:00,1604.8001156777354,1617.8827253164127,1578.6348964003812,1602.18359375,36400,0.0,0.0
2018-07-19 00:00:00+09:00,1604.8002746482464,1607.4167968351728,1583.8680971528345,1603.9281005859375,19000,0.0,0.0
2018-07-20 00:00:00+09:00,1603.9283394626134,1623.9883458832987,1592.5900749639652,1597.8231201171875,10600,0.0,0.0
2018-07-23 00:00:00+09:00,1606.5448777373263,1645.792716769997,1601.3118325329701,1616.1387939453125,28500,0.0,0.0
2018-07-24 00:00:00+09:00,1634.4542114257813,1657.1307373046875,1626.6046447753906,1657.1307373046875,30800,0.0,0.0
2018-07-25 00:00:00+09:00,1660.6194156137185,1698.9950743779011,1649.2811527970282,1691.1455078125,25300,0.0,0.0
2018-07-26 00:00:00+09:00,1676.3188060515224,1692.0179415920675,1663.2361931010682,1668.46923828125,14700,0.0,0.0
2018-07-27 00:00:00+09:00,1668.4691288212425,1679.8073926344553,1658.0030391475075,1663.236083984375,14200,0.0,0.0
2018-07-30 00:00:00+09:00,1671.0855969471536,1671.0855969471536,1626.604717278936,1643.176025390625,9000,0.0,0.0
2018-07-31 00:00:00+09:00,1627.4769924081631,1685.912661481768,1613.5222057637202,1659.7474365234375,24900,0.0,0.0
2018-08-01 00:00:00+09:00,1658.002849986566,1658.002849986566,1616.1384960679152,1648.408935546875,13100,0.0,0.0
2018-08-02 00:00:00+09:00,1654.514196403056,1661.4915889023837,1619.627233906418,1621.37158203125,11800,0.0,0.0
2018-08-03 00:00:00+09:00,1617.8831795886556,1622.244050692668,1575.1466427693326,1576.8909912109375,20800,0.0,0.0
2018-08-06 00:00:00+09:00,1577.7631704787577,1589.1014353854596,1574.2744735843878,1582.9962158203125,5800,0.0,0.0
2018-08-07 00:00:00+09:00,1569.913330078125,1589.101159667969,1551.597674560547,1552.4698486328125,22200,0.0,0.0
2018-08-08 00:00:00+09:00,1549.853375828076,1552.4698981282922,1510.6055413248328,1531.5377197265625,31600,0.0,0.0
2018-08-09 00:00:00+09:00,1525.4323493398635,1547.2366996734809,1514.0940871663827,1535.8984375,15000,0.0,0.0
2018-08-10 00:00:00+09:00,1548.9811897409438,1779.2351503781113,1526.3046633145561,1769.6412353515625,193200,0.0,0.0
2018-08-13 00:00:00+09:00,1700.7394707471806,1748.7090455631267,1688.5290335213033,1739.9873046875,73400,0.0,0.0
2018-08-14 00:00:00+09:00,1739.9873463626907,1769.641266050075,1713.8221231091165,1765.2803955078125,71600,0.0,0.0
2018-08-15 00:00:00+09:00,1769.6411623481433,1798.4229062404493,1733.0098519397538,1783.595947265625,81400,0.0,0.0
2018-08-16 00:00:00+09:00,1752.1977727995447,1763.53603613772,1723.4160274026383,1735.62646484375,18100,0.0,0.0
2018-08-17 00:00:00+09:00,1739.9874085146064,1747.8369757710632,1718.1830550244483,1739.115234375,10300,0.0,0.0
2018-08-20 00:00:00+09:00,1739.1152782012196,1787.95703125,1739.1152782012196,1787.95703125,29400,0.0,0.0
2018-08-21 00:00:00+09:00,1769.6411310148476,1785.3402637690454,1740.8593876321515,1753.06982421875,14000,0.0,0.0
2018-08-22 00:00:00+09:00,1731.2654152171208,1737.3706333060477,1641.4314919086253,1698.122802734375,51500,0.0,0.0
2018-08-23 00:00:00+09:00,1698.123003670339,1716.4386601043796,1698.123003670339,1707.7169189453125,8800,0.0,0.0
2018-08-24 00:00:00+09:00,1701.6114127571648,1755.6861988109547,1701.6114127571648,1746.09228515625,15300,0.0,0.0
2018-08-27 00:00:00+09:00,1773.1297581697072,1787.9567163049187,1729.5210577720263,1738.2427978515625,16800,0.0,0.0
2018-08-28 00:00:00+09:00,1744.3483006313938,1744.3483006313938,1696.3787223640304,1705.1004638671875,11900,0.0,0.0
2018-08-29 00:00:00+09:00,1717.3108232462482,1718.1829973565814,1646.6647203092516,1678.06298828125,35000,0.0,0.0
2018-08-30 00:00:00+09:00,1683.2962414029982,1690.2736351497463,1658.003189071036,1676.31884765625,34400,0.0,0.0
2018-08-31 00:00:00+09:00,1672.8299122234478,1741.7316656466242,1658.8751267200196,1717.310791015625,27100,0.0,0.0
2018-09-03 00:00:00+09:00,1700.7395533174433,1709.461294616507,1658.8751950819371,1662.3638916015625,22900,0.0,0.0
2018-09-04 00:00:00+09:00,1661.4916320416912,1667.59685063712,1651.0255430209563,1664.108154296875,10800,0.0,0.0
2018-09-05 00:00:00+09:00,1664.10802036393,1681.5515006612459,1659.7471502896012,1669.341064453125,7500,0.0,0.0
2018-09-06 00:00:00+09:00,1665.8526091532203,1665.8526091532203,1622.2439021073246,1628.34912109375,17300,0.0,0.0
2018-09-07 00:00:00+09:00,1585.612493287778,1622.2438050138983,1585.612493287778,1617.8829345703125,34100,0.0,0.0
2018-09-10 00:00:00+09:00,1615.2665060525412,1615.2665060525412,1572.5299732250173,1587.35693359375,27100,0.0,0.0
2018-09-11 00:00:00+09:00,1577.7630306357455,1586.4847720986297,1569.9134633191497,1582.1239013671875,23000,0.0,0.0
2018-09-12 00:00:00+09:00,1571.657740361273,1575.1464367882681,1527.176860917086,1543.7481689453125,26700,0.0,0.0
2018-09-13 00:00:00+09:00,1551.5978062470929,1587.356946244918,1544.6204130767856,1582.1239013671875,11600,0.0,0.0
2018-09-14 00:00:00+09:00,1579.5073424754028,1596.9508249985988,1572.5299494661242,1580.3795166015625,18400,0.0,0.0
2018-09-17 00:00:00+09:00,1580.3795166015625,1580.3795166015625,1580.3795166015625,1580.3795166015625,0,0.0,0.0
2018-09-18 00:00:00+09:00,1568.1689943057709,1568.1689943057709,1543.7481200896632,1547.23681640625,45000,0.0,0.0
2018-09-19 00:00:00+09:00,1567.2967895711377,1582.123748626624,1550.7254823914761,1569.0411376953125,53800,0.0,0.0
2018-09-20 00:00:00+09:00,1572.529749560788,1596.078447973512,1555.0862692550668,1588.2288818359375,42500,0.0,0.0
2018-09-21 00:00:00+09:00,1603.0560105678942,1638.8151489973195,1594.3342694875466,1637.07080078125,40900,0.0,0.0
2018-09-24 00:00:00+09:00,1637.07080078125,1637.07080078125,1637.07080078125,1637.07080078125,0,0.0,0.0
2018-09-25 00:00:00+09:00,1635.3263730992476,1635.3263730992476,1591.7176698166008,1610.0333251953125,42700,0.0,0.0
2018-09-26 00:00:00+09:00,1610.9131237713873,1645.2253093678287,1597.7161293112176,1629.388916015625,32900,16.0,0.0
2018-09-27 00:00:00+09:00,1629.389053832604,1629.389053832604,1589.7980671034102,1595.9566650390625,36700,0.0,0.0
2018-09-28 00:00:00+09:00,1600.355585509985,1605.63438348308,1576.6009946310571,1597.7161865234375,34700,0.0,0.0
2018-10-01 00:00:00+09:00,1597.7162619218138,1618.8314548106484,1567.803071995965,1573.961669921875,58800,0.0,0.0
2018-10-02 00:00:00+09:00,1583.6391668450342,1640.8261367588827,1583.6391668450342,1605.6341552734375,54000,0.0,0.0
2018-10-03 00:00:00+09:00,1616.1918991859181,1683.056670191977,1610.9131014749137,1638.1868896484375,76000,0.0,0.0
2018-10-04 00:00:00+09:00,1628.5093977644638,1630.2689973298493,1555.4860158009571,1562.5244140625,102900,0.0,0.0
2018-10-05 00:00:00+09:00,1582.759653542907,1582.759653542907,1476.3038902973863,1505.3372802734375,138500,0.0,0.0
2018-10-08 00:00:00+09:00,1505.3372802734375,1505.3372802734375,1505.3372802734375,1505.3372802734375,0,0.0,0.0
2018-10-09 00:00:00+09:00,1495.6594204683915,1542.2888024006415,1451.6694375134389,1534.37060546875,136000,0.0,0.0
2018-10-10 00:00:00+09:00,1548.447536892361,1551.9667358398438,1505.3373497856987,1520.2939453125,64700,0.0,0.0
2018-10-11 00:00:00+09:00,1460.467602317787,1486.861595130759,1441.9918073487065,1456.068603515625,78500,0.0,0.0
2018-10-12 00:00:00+09:00,1454.3089205625827,1500.058505480462,1443.7513240430721,1496.539306640625,44400,0.0,0.0
2018-10-15 00:00:00+09:00,1501.8178933943564,1512.3754884270056,1468.3855091243004,1473.664306640625,24100,0.0,0.0
2018-10-16 00:00:00+09:00,1451.66954232865,1477.1837342847293,1450.7897426060267,1465.746337890625,32100,0.0,0.0
2018-10-17 00:00:00+09:00,1486.8614969767498,1493.8998945955746,1460.4675059061565,1469.2655029296875,32100,0.0,0.0
2018-10-18 00:00:00+09:00,1471.025199442976,1473.664598724273,1441.9918073487065,1456.068603515625,36400,0.0,0.0
2018-10-19 00:00:00+09:00,1441.991817246999,1468.385810241148,1441.991817246999,1461.347412109375,22400,0.0,0.0
2018-10-22 00:00:00+09:00,1461.3470794877671,1478.0632712459053,1435.8328920674508,1477.1834716796875,31500,0.0,0.0
2018-10-23 00:00:00+09:00,1477.1836416982046,1477.1836416982046,1428.794659986828,1440.2320556640625,24000,0.0,0.0
2018-10-24 00:00:00+09:00,1464.8666304060555,1464.8666304060555,1420.876641504973,1449.9100341796875,24800,0.0,0.0
2018-10-25 00:00:00+09:00,1409.4389028222467,1415.597499775902,1356.650928933773,1361.0499267578125,50700,0.0,0.0
2018-10-26 00:00:00+09:00,1375.126877098059,1387.4440724143562,1323.2186968365197,1357.5308837890625,32900,0.0,0.0
2018-10-29 00:00:00+09:00,1346.0936164474233,1376.0068079240327,1302.9834287311332,1318.81982421875,41300,0.0,0.0
2018-10-30 00:00:00+09:00,1292.4256560782267,1353.1318305298248,1288.0266579295603,1350.492431640625,24300,0.0,0.0
2018-10-31 00:00:00+09:00,1350.4925200008122,1365.4491146848602,1334.6561256294672,1354.01171875,32500,0.0,0.0
2018-11-01 00:00:00+09:00,1359.2904376068407,1390.0834248665426,1354.0116397908919,1375.1268310546875,38900,0.0,0.0
2018-11-02 00:00:00+09:00,1386.564477445522,1390.9634764221894,1368.0886817435196,1377.7664794921875,25600,0.0,0.0
2018-11-05 00:00:00+09:00,1386.5642425304152,1396.2420386394472,1375.1268471288317,1383.0450439453125,26400,0.0,0.0
2018-11-06 00:00:00+09:00,1383.044949643071,1398.001542609949,1353.131763709315,1376.8863525390625,35500,0.0,0.0
2018-11-07 00:00:00+09:00,1376.8864692951745,1392.7228631912212,1362.8096747209108,1374.2470703125,27600,0.0,0.0
2018-11-08 00:00:00+09:00,1390.0833187318656,1434.0732971727473,1383.9247217501422,1402.4005126953125,66100,0.0,0.0
2018-11-09 00:00:00+09:00,1409.4390331091683,1526.452386045198,1398.8814373555415,1463.1068115234375,109900,0.0,0.0
2018-11-12 00:00:00+09:00,1287.146898091133,1295.0650950035188,1249.3155128430683,1250.1953125,220400,0.0,0.0
2018-11-13 00:00:00+09:00,1250.1954446644238,1259.8732419137614,1240.5176474150862,1255.4742431640625,75200,0.0,0.0
2018-11-14 00:00:00+09:00,1255.4740669179491,1259.8730650501075,1215.0032841020939,1229.080078125,89600,0.0,0.0
2018-11-15 00:00:00+09:00,1223.8014908730777,1282.7480759834273,1223.8014908730777,1276.5894775390625,49800,0.0,0.0
2018-11-16 00:00:00+09:00,1267.7914989826909,1281.868295640375,1236.9985062940063,1265.152099609375,81300,0.0,0.0
2018-11-19 00:00:00+09:00,1263.3922670316829,1273.9498625779086,1241.397276310379,1270.4306640625,27200,0.0,0.0
2018-11-20 00:00:00+09:00,1265.1519280464934,1265.1519280464934,1238.7579378925332,1260.7529296875,33100,0.0,0.0
2018-11-21 00:00:00+09:00,1235.2388626195961,1258.1136563718107,1235.2388626195961,1241.3974609375,14800,0.0,0.0
2018-11-22 00:00:00+09:00,1241.3972665388033,1254.5942608677062,1229.959871453754,1245.7962646484375,26300,0.0,0.0
2018-11-23 00:00:00+09:00,1245.7962646484375,1245.7962646484375,1245.7962646484375,1245.7962646484375,0,0.0,0.0
2018-11-26 00:00:00+09:00,1245.7963817144034,1245.7963817144034,1183.330602687763,1201.806396484375,67300,0.0,0.0
2018-11-27 00:00:00+09:00,1199.1672416617116,1251.0754348077432,1188.609643055739,1248.43603515625,56300,0.0,0.0
2018-11-28 00:00:00+09:00,1234.3587598411677,1263.392144783975,1231.7193612100036,1251.074951171875,38200,0.0,0.0
2018-11-29 00:00:00+09:00,1253.7145869119609,1266.0317828535522,1221.1619976377556,1226.4407958984375,67300,0.0,0.0
2018-11-30 00:00:00+09:00,1226.4408739462665,1230.839872776777,1212.3640776886336,1224.6812744140625,15300,0.0,0.0
2018-12-03 00:00:00+09:00,1234.3590810710466,1236.118680616408,1199.1670901638179,1207.965087890625,69600,0.0,0.0
2018-12-04 00:00:00+09:00,1206.2054824545482,1206.2054824545482,1172.773091255954,1183.3306884765625,62800,0.0,0.0
2018-12-05 00:00:00+09:00,1172.7728437943892,1172.7728437943892,1149.8980546431108,1161.33544921875,36000,0.0,0.0
2018-12-06 00:00:00+09:00,1161.3355377289463,1183.3305289738128,1150.7779419314104,1164.854736328125,29900,0.0,0.0
2018-12-07 00:00:00+09:00,1164.854559700229,1201.8061393886046,1157.8161635691097,1177.1717529296875,37200,0.0,0.0
2018-12-10 00:00:00+09:00,1151.6576596897141,1152.5374592769483,1085.6726906471406,1086.552490234375,88700,0.0,0.0
2018-12-11 00:00:00+09:00,1108.5477390335416,1115.5861373766115,1085.6729444185637,1091.83154296875,39300,0.0,0.0
2018-12-12 00:00:00+09:00,1090.9516941305117,1112.0668882104571,1076.8748980772148,1087.4324951171875,29800,0.0,0.0
2018-12-13 00:00:00+09:00,1087.4323974034023,1127.0233827457591,1087.4323974034023,1119.9849853515625,26100,0.0,0.0
2018-12-14 00:00:00+09:00,1100.6295458434863,1112.0669432023715,1090.0719482814384,1094.470947265625,18100,0.0,0.0
2018-12-17 00:00:00+09:00,1080.3941853499214,1080.3941853499214,1045.2021923417806,1046.9617919921875,37000,0.0,0.0
2018-12-18 00:00:00+09:00,999.4523657446509,1019.6877569525092,958.1017837112014,976.5775756835938,97100,0.0,0.0
2018-12-19 00:00:00+09:00,979.2169301787768,1018.8079111833097,979.2169301787768,1003.851318359375,65600,0.0,0.0
2018-12-20 00:00:00+09:00,1030.2454008049922,1030.2454008049922,951.0634314860772,958.9816284179688,50500,0.0,0.0
2018-12-21 00:00:00+09:00,932.5876017214541,944.9047964611714,879.7996242655228,940.5057983398438,80300,0.0,0.0
2018-12-24 00:00:00+09:00,940.5057983398438,940.5057983398438,940.5057983398438,940.5057983398438,0,0.0,0.0
2018-12-25 00:00:00+09:00,863.0834511496804,903.5542347917653,861.3238518608941,871.0016479492188,94900,0.0,0.0
2018-12-26 00:00:00+09:00,886.8381330885059,919.3907232911594,885.0785336180921,896.5159301757812,46300,0.0,0.0
2018-12-27 00:00:00+09:00,941.3857910156249,951.9433886718749,922.9099951171875,945.7847900390625,41000,0.0,0.0
2018-12-28 00:00:00+09:00,926.4291179518846,949.3039109877336,926.4291179518846,947.5443115234375,20700,0.0,0.0
2018-12-31 00:00:00+09:00,947.5443115234375,947.5443115234375,947.5443115234375,947.5443115234375,0,0.0,0.0
2019-01-04 00:00:00+09:00,936.106885604276,936.106885604276,901.7946971281795,922.0300903320312,15200,0.0,0.0
2019-01-07 00:00:00+09:00,949.3038038122955,990.6543865548144,949.3038038122955,974.8179931640625,14600,0.0,0.0
2019-01-08 00:00:00+09:00,974.8180304761203,974.8180304761203,913.2320538214918,932.587646484375,91900,0.0,0.0
2019-01-09 00:00:00+09:00,945.7847530741087,962.5009487098372,932.5877565195863,936.9867553710938,54700,0.0,0.0
2019-01-10 00:00:00+09:00,948.4239989129667,973.0583884951217,940.5058022615597,972.1785888671875,37100,0.0,0.0
2019-01-11 00:00:00+09:00,972.1785948204798,972.1785948204798,948.4240047207938,965.1401977539062,36200,0.0,0.0
2019-01-15 00:00:00+09:00,964.2605907893245,980.0969873533828,961.6211913619815,970.419189453125,19300,0.0,0.0
2019-01-16 00:00:00+09:00,976.577587006858,988.0149821700014,966.0199914716488,972.1785888671875,26400,0.0,0.0
2019-01-17 00:00:00+09:00,975.6979983847081,977.4575980211097,950.1838036568843,953.7030029296875,27000,0.0,0.0
2019-01-18 00:00:00+09:00,975.697787378924,975.697787378924,961.6209933319783,972.1785888671875,19600,0.0,0.0
2019-01-21 00:00:00+09:00,977.4571713038854,989.7743633815221,976.5773718697685,985.3753662109375,13100,0.0,0.0
2019-01-22 00:00:00+09:00,994.1736566840277,994.1736566840277,982.7362606336806,989.774658203125,8300,0.0,0.0
2019-01-23 00:00:00+09:00,989.7746869191288,990.6544866408346,973.0584922067169,983.6160888671875,9100,0.0,0.0
2019-01-24 00:00:00+09:00,983.6159840303309,988.0149821700014,966.8997910995829,972.1785888671875,37200,0.0,0.0
2019-01-25 00:00:00+09:00,980.9766173935956,988.0150146484375,965.1402235702012,988.0150146484375,18600,0.0,0.0
2019-01-28 00:00:00+09:00,991.534174257326,994.1735731240269,985.3755769016905,988.894775390625,11400,0.0,0.0
2019-01-29 00:00:00+09:00,995.0534852493641,995.0534852493641,976.5776910935405,983.6160888671875,8200,0.0,0.0
2019-01-30 00:00:00+09:00,985.3757172592259,994.1737147347546,977.45751953125,977.45751953125,12200,0.0,0.0
2019-01-31 00:00:00+09:00,997.6930275165929,1009.1304255392699,987.1354293418142,994.173828125,17100,0.0,0.0
2019-02-01 00:00:00+09:00,1008.2506256913716,1008.2506256913716,994.173828125,994.173828125,7800,0.0,0.0
2019-02-04 00:00:00+09:00,1001.2120736683702,1020.5676673596744,987.1352782565126,1010.0100708007812,19200,0.0,0.0
2019-02-05 00:00:00+09:00,1039.9234322434818,1064.5578282695542,1024.0870347981497,1046.08203125,52100,0.0,0.0
2019-02-06 00:00:00+09:00,1046.9615147300954,1047.8413143223056,1024.9665249248415,1031.1251220703125,46600,0.0,0.0
2019-02-07 00:00:00+09:00,1032.8846710649636,1036.4038692627998,1025.846274669291,1026.72607421875,40900,0.0,0.0
2019-02-08 00:00:00+09:00,1028.485800927317,1040.8029961480036,1016.1686057066306,1029.3656005859375,44900,0.0,0.0
2019-02-12 00:00:00+09:00,1032.8849051032269,1032.8849051032269,988.8949176627145,999.4525146484375,44300,0.0,0.0
2019-02-13 00:00:00+09:00,997.6929988913724,997.6929988913724,925.5494134336188,956.3424072265625,78600,0.0,0.0
2019-02-14 00:00:00+09:00,958.9817334968092,961.6211327633141,942.2655381422776,960.7413330078125,24300,0.0,0.0
2019-02-15 00:00:00+09:00,960.7411892361112,960.7411892361112,941.385597511574,950.18359375,16600,0.0,0.0
2019-02-18 00:00:00+09:00,953.7027922453703,960.7411892361112,944.0249963831019,950.18359375,29200,0.0,0.0
2019-02-19 00:00:00+09:00,952.8229813395558,958.1017790201073,950.18358249928,954.5825805664062,12900,0.0,0.0
2019-02-20 00:00:00+09:00,954.5825918692129,956.3421911168981,946.6643952546297,950.18359375,19400,0.0,0.0
2019-02-21 00:00:00+09:00,954.5825528436849,958.1017511951824,944.0249577891925,951.0633544921875,23300,0.0,0.0
2019-02-22 00:00:00+09:00,946.6643565528157,951.9431540800618,943.1451582013182,951.0633544921875,16200,0.0,0.0
2019-02-25 00:00:00+09:00,956.3421520194337,956.3421520194337,944.0249577891925,951.0633544921875,19100,0.0,0.0
2019-02-26 00:00:00+09:00,955.4624777299487,958.1018768396999,930.828086038937,931.7078857421875,36500,0.0,0.0
2019-02-27 00:00:00+09:00,932.5876394701402,950.1836326676901,932.5876394701402,949.3038330078125,16400,0.0,0.0
2019-02-28 00:00:00+09:00,949.3039349428158,949.3039349428158,933.4675393645297,938.746337890625,13600,0.0,0.0
2019-03-01 00:00:00+09:00,936.9865445948359,946.6643398911206,936.9865445948359,943.1451416015625,17700,0.0,0.0
2019-03-04 00:00:00+09:00,949.303760937409,950.1835605304929,939.6259654134873,944.0249633789062,15800,0.0,0.0
2019-03-05 00:00:00+09:00,939.6259708900877,952.8229648632631,939.6259708900877,946.6643676757812,14000,0.0,0.0
2019-03-06 00:00:00+09:00,947.5444440028464,1023.2072315462492,937.8666455961321,1021.4476318359375,135700,0.0,0.0
2019-03-07 00:00:00+09:00,1029.365436922901,1030.2452364416386,988.0148595422373,991.5340576171875,136900,0.0,0.0
2019-03-08 00:00:00+09:00,967.7798908321749,1045.202282098749,967.7798908321749,1028.486083984375,130500,0.0,0.0
2019-03-11 00:00:00+09:00,1099.7495876522514,1126.1435777559054,1071.5959982083539,1117.3455810546875,176700,0.0,0.0
2019-03-12 00:00:00+09:00,1168.3739099555337,1174.532507372468,1101.509138000247,1112.946533203125,104400,0.0,0.0
2019-03-13 00:00:00+09:00,1112.9466954268994,1151.6578848330525,1095.3507002422846,1134.0618896484375,60900,0.0,0.0
2019-03-14 00:00:00+09:00,1147.2589695223382,1164.854965987405,1135.8215718200452,1156.936767578125,61300,0.0,0.0
2019-03-15 00:00:00+09:00,1142.8598010347089,1156.0567964277195,1112.066811784351,1152.53759765625,60300,0.0,0.0
2019-03-18 00:00:00+09:00,1154.2971102416798,1163.9749061354744,1091.8313367453695,1110.30712890625,90600,0.0,0.0
2019-03-19 00:00:00+09:00,1129.662815824468,1169.2538023603722,1119.1052194148936,1157.81640625,78600,0.0,0.0
2019-03-20 00:00:00+09:00,1155.177012140545,1212.3639929395817,1146.3790150945392,1201.806396484375,66400,0.0,0.0
2019-03-22 00:00:00+09:00,1189.4892807991648,1192.128680090879,1147.2588921317388,1158.6962890625,61600,0.0,0.0
2019-03-25 00:00:00+09:00,1135.8214006832138,1141.1001988273651,1092.7112158393118,1130.5426025390625,37200,0.0,0.0
2019-03-26 00:00:00+09:00,1135.8212000943934,1142.8595963769303,1123.5040065999538,1132.302001953125,24600,0.0,0.0
2019-03-27 00:00:00+09:00,1145.665381427144,1154.574132449128,1117.157378156795,1149.2288818359375,29100,16.0,0.0
2019-03-28 00:00:00+09:00,1156.3560115793493,1157.246886780874,1117.1575027122526,1148.338134765625,26500,0.0,0.0
2019-03-29 00:00:00+09:00,1145.665381427144,1150.1197569381359,1140.3201308139535,1149.2288818359375,20300,0.0,0.0
2019-04-01 00:00:00+09:00,1158.1376415978323,1171.5007682316534,1155.465016271068,1166.155517578125,18400,0.0,0.0
2019-04-02 00:00:00+09:00,1162.592174684067,1162.592174684067,1099.3400333794166,1125.1754150390625,59600,0.0,0.0
2019-04-03 00:00:00+09:00,1115.37578751299,1126.9571654983483,1109.139660905489,1125.1754150390625,9800,0.0,0.0
2019-04-04 00:00:00+09:00,1124.2844794453924,1138.5384823543673,1120.7209787181487,1134.0841064453125,11100,0.0,0.0
2019-04-05 00:00:00+09:00,1129.6295677185058,1140.320068359375,1123.3934423446656,1140.320068359375,17500,0.0,0.0
2019-04-08 00:00:00+09:00,1145.6653186798096,1175.0641954421997,1124.2843173980712,1140.320068359375,35700,0.0,0.0
2019-04-09 00:00:00+09:00,1149.2289504635123,1151.0107007743084,1101.1216920720165,1102.9034423828125,33300,0.0,0.0
2019-04-10 00:00:00+09:00,1104.685118140244,1104.685118140244,1088.6493664253048,1095.7763671875,15700,0.0,0.0
2019-04-11 00:00:00+09:00,1096.666965788388,1099.3395904003826,1052.1232222551473,1062.813720703125,43500,0.0,0.0
2019-04-12 00:00:00+09:00,1066.3775038067329,1075.2862548828125,1054.7961274078293,1075.2862548828125,14200,0.0,0.0
2019-04-15 00:00:00+09:00,1071.7227903138985,1075.2862908635707,1065.4866643519722,1069.9410400390625,21100,0.0,0.0
2019-04-16 00:00:00+09:00,1061.0321089509246,1104.684983290635,1055.6868590317763,1097.5579833984375,38200,0.0,0.0
2019-04-17 00:00:00+09:00,1098.449048677824,1106.4669249455453,1083.3041712832394,1105.5760498046875,16000,0.0,0.0
2019-04-18 00:00:00+09:00,1112.7028879229383,1112.7028879229383,1091.3218876746193,1093.1036376953125,29500,0.0,0.0
2019-04-19 00:00:00+09:00,1091.3219348635216,1101.1215604010715,1080.6314342771034,1085.9766845703125,22800,0.0,0.0
2019-04-22 00:00:00+09:00,1079.740645949905,1079.740645949905,1052.1235172168629,1054.796142578125,27600,0.0,0.0
2019-04-23 00:00:00+09:00,1056.5778216613974,1066.3774473260478,1054.7960715405518,1065.486572265625,12200,0.0,0.0
2019-04-24 00:00:00+09:00,1061.9231996927301,1070.8319513680049,1056.5779486875654,1064.5958251953125,7600,0.0,0.0
2019-04-25 00:00:00+09:00,1062.8140748602577,1065.48670036284,1055.687073520038,1064.5958251953125,8600,0.0,0.0
2019-04-26 00:00:00+09:00,1057.4688040922777,1057.4688040922777,1043.2148016782285,1049.450927734375,21700,0.0,0.0
2019-05-07 00:00:00+09:00,1049.4507539464514,1050.3416289498016,1032.524128882799,1038.76025390625,18300,0.0,0.0
2019-05-08 00:00:00+09:00,1031.6334108549972,1038.760411966258,1009.3615323823074,1033.4151611328125,26900,0.0,0.0
2019-05-09 00:00:00+09:00,1033.4152286943968,1045.8874814545018,1017.3794751456907,1041.43310546875,25500,0.0,0.0
2019-05-10 00:00:00+09:00,1043.2147157428208,1058.3595920601801,1025.397214192986,1044.1055908203125,31900,0.0,0.0
2019-05-13 00:00:00+09:00,1041.4328206380208,1085.9765683128721,1041.4328206380208,1085.085693359375,46100,0.0,0.0
2019-05-14 00:00:00+09:00,924.7283318461243,926.510082003824,855.2400756958375,888.2024536132812,300000,0.0,0.0
2019-05-15 00:00:00+09:00,901.5655890036757,918.4922156746933,895.3294633880375,905.1290893554688,105500,0.0,0.0
2019-05-16 00:00:00+09:00,907.8016871948242,908.6925622558593,885.5298106689453,890.8750610351562,67200,0.0,0.0
2019-05-17 00:00:00+09:00,901.565523814006,901.565523814006,882.8571483198418,887.3115234375,61300,0.0,0.0
2019-05-20 00:00:00+09:00,898.8928690937969,899.7837440879433,881.9662442050137,891.765869140625,60000,0.0,0.0
2019-05-21 00:00:00+09:00,890.8750669614927,904.2381929659151,886.4206916266853,889.9841918945312,69000,0.0,0.0
2019-05-22 00:00:00+09:00,891.7658400184829,906.9107144243911,884.6388402980555,896.22021484375,72200,0.0,0.0
2019-05-23 00:00:00+09:00,892.656840967533,895.3294662398908,886.4207153320312,886.4207153320312,30800,0.0,0.0
2019-05-24 00:00:00+09:00,882.8572998046875,894.4386770977864,876.621173569942,882.8572998046875,47200,0.0,0.0
2019-05-27 00:00:00+09:00,887.3116324112001,889.093382677086,873.9485054170555,880.1846313476562,38800,0.0,0.0
2019-05-28 00:00:00+09:00,881.0754138096667,881.0754138096667,873.9484134957361,875.7301635742188,23100,0.0,0.0
2019-05-29 00:00:00+09:00,873.0575542646585,873.9484293200306,860.5853034894491,864.1488037109375,43400,0.0,0.0
2019-05-30 00:00:00+09:00,860.5853690265739,863.2579943962216,849.003992424767,854.3492431640625,48500,0.0,0.0
2019-05-31 00:00:00+09:00,853.4583620707194,872.1667395273845,853.4583620707194,855.2401123046875,29500,0.0,0.0
2019-06-03 00:00:00+09:00,848.1130814985795,848.1130814985795,822.2777040159548,823.1685791015625,47600,0.0,0.0
2019-06-04 00:00:00+09:00,822.2777599640708,835.6408871574198,815.1507587942848,832.96826171875,35500,0.0,0.0
2019-06-05 00:00:00+09:00,841.8768745132639,852.5673745070832,836.5316245163543,844.5494995117188,21800,0.0,0.0
2019-06-06 00:00:00+09:00,841.8770691305084,848.1131955685121,832.9683170762172,842.7679443359375,23200,0.0,0.0
2019-06-07 00:00:00+09:00,842.7678430543388,863.2579703167592,837.4225924641421,857.9127197265625,26100,0.0,0.0
2019-06-10 00:00:00+09:00,857.9126469271171,861.4761470181954,849.0038966994211,859.6943969726562,55200,0.0,0.0
2019-06-11 00:00:00+09:00,857.9126783233328,865.0396787663096,853.4583030464723,864.1488037109375,19700,0.0,0.0
2019-06-12 00:00:00+09:00,864.1488074100379,884.6389337713068,864.1488074100379,881.96630859375,24900,0.0,0.0
2019-06-13 00:00:00+09:00,881.0753582800963,881.9662332631905,869.4939834998727,874.8392333984375,22100,0.0,0.0
2019-06-14 00:00:00+09:00,875.7301849975586,898.8929365844726,875.7301849975586,890.8750610351562,29100,0.0,0.0
2019-06-17 00:00:00+09:00,891.7659124853127,896.220287672552,888.2024123355212,894.4385375976562,21200,0.0,0.0
2019-06-18 00:00:00+09:00,897.1111486963479,903.3472738610693,881.9662732963102,887.3115234375,54500,0.0,0.0
2019-06-19 00:00:00+09:00,886.4205902281623,898.8928397389103,886.4205902281623,896.22021484375,21000,0.0,0.0
2019-06-20 00:00:00+09:00,902.456555042965,902.456555042965,893.5478032656405,900.6748046875,13400,0.0,0.0
2019-06-21 00:00:00+09:00,898.893011365618,903.3473870413644,897.1112610953195,898.0021362304688,9600,0.0,0.0
2019-06-24 00:00:00+09:00,893.5476862182617,896.2203114013672,890.8750610351562,890.8750610351562,12900,0.0,0.0
2019-06-25 00:00:00+09:00,894.4385791652301,896.2203293229297,887.3115785344314,888.2024536132812,11700,0.0,0.0
2019-06-26 00:00:00+09:00,888.2025508630409,888.2025508630409,875.7302983935498,882.8572998046875,12000,0.0,0.0
2019-06-27 00:00:00+09:00,884.6390009958172,890.8751268840052,877.5119999807451,881.0755004882812,13100,0.0,0.0
2019-06-28 00:00:00+09:00,881.966332364034,889.984208112798,878.40283203125,878.40283203125,10100,0.0,0.0
2019-07-01 00:00:00+09:00,879.2936852416992,894.4385612792969,879.2936852416992,890.8750610351562,9300,0.0,0.0
2019-07-02 00:00:00+09:00,890.8750804912487,897.1112060546875,887.3115801692837,897.1112060546875,13000,0.0,0.0
2019-07-03 00:00:00+09:00,896.2204227975235,902.456548999892,890.875171766922,901.565673828125,10800,0.0,0.0
2019-07-04 00:00:00+09:00,904.2383191399671,925.6193237304688,904.2383191399671,925.6193237304688,29900,0.0,0.0
2019-07-05 00:00:00+09:00,930.0735281612097,952.3454038355682,927.4009030802866,951.4545288085938,24100,0.0,0.0
2019-07-08 00:00:00+09:00,955.9090372903495,1007.5797960628008,955.9090372903495,995.1075439453125,105500,0.0,0.0
2019-07-09 00:00:00+09:00,1014.70679311635,1015.59766826395,1001.3436659023507,1013.81591796875,51300,0.0,0.0
2019-07-10 00:00:00+09:00,1027.1788330078125,1044.1054573158337,1005.797833881891,1027.1788330078125,48700,0.0,0.0
2019-07-11 00:00:00+09:00,1028.9605596834149,1042.3236838351474,1016.488310475131,1030.7423095703125,38900,0.0,0.0
2019-07-12 00:00:00+09:00,1041.4328324250935,1043.2145823522537,1023.6153331534923,1027.1788330078125,35400,0.0,0.0
2019-07-16 00:00:00+09:00,1035.1968665331701,1061.032244441485,1027.1789906305896,1058.359619140625,52100,0.0,0.0
2019-07-17 00:00:00+09:00,1062.8138730033606,1062.8138730033606,1030.7423730636112,1039.651123046875,27400,0.0,0.0
2019-07-18 00:00:00+09:00,1028.9607034518024,1029.851578519726,1003.1253264820169,1018.2702026367188,27900,0.0,0.0
2019-07-19 00:00:00+09:00,1030.7425319015929,1063.7049119191893,1027.17903135915,1052.12353515625,26900,0.0,0.0
2019-07-22 00:00:00+09:00,1058.3595860473945,1058.3595860473945,1030.74245880205,1044.9964599609375,11400,0.0,0.0
2019-07-23 00:00:00+09:00,1041.43310546875,1043.2148558630506,1028.069977511495,1041.43310546875,12400,0.0,0.0
2019-07-24 00:00:00+09:00,1033.414934400659,1039.651059004801,1025.3970599096194,1030.7423095703125,9800,0.0,0.0
2019-07-25 00:00:00+09:00,1030.7426031029458,1043.2148558630506,1016.4885999485404,1041.43310546875,22900,0.0,0.0
2019-07-26 00:00:00+09:00,1036.978596101756,1043.2147216796875,1032.5242206889477,1043.2147216796875,5500,0.0,0.0
2019-07-29 00:00:00+09:00,1043.2148619351321,1044.105737137468,1036.978735518782,1040.542236328125,12200,0.0,0.0
2019-07-30 00:00:00+09:00,1037.8695329864786,1053.9052854274714,1037.8695329864786,1052.12353515625,17400,0.0,0.0
2019-07-31 00:00:00+09:00,1055.6870356986929,1060.1414113767464,1046.7782843425857,1052.12353515625,7700,0.0,0.0
2019-08-01 00:00:00+09:00,1052.123157594734,1059.2501561220479,1046.7779086992484,1053.9049072265625,12300,0.0,0.0
2019-08-02 00:00:00+09:00,1051.2325880262588,1051.2325880262588,1020.9428354899089,1026.2880859375,23800,0.0,0.0
2019-08-05 00:00:00+09:00,1028.0700380894598,1033.4152895873253,982.6354003576032,987.9806518554688,22800,0.0,0.0
2019-08-06 00:00:00+09:00,944.3274613948666,1035.1967076800331,938.0913366498063,1027.1788330078125,42100,0.0,0.0
2019-08-07 00:00:00+09:00,1030.742449411693,1032.5241995403217,1019.1610735756066,1028.06982421875,5900,0.0,0.0
2019-08-08 00:00:00+09:00,1020.0520877523281,1036.978716282716,1020.0520877523281,1025.3973388671875,4300,0.0,0.0
2019-08-09 00:00:00+09:00,1025.3971230736531,1040.5419980452014,1018.2701230870422,1039.651123046875,7000,0.0,0.0
2019-08-13 00:00:00+09:00,1030.7426016709592,1037.8696032382607,1012.0342225567932,1014.7068481445312,20500,0.0,0.0
2019-08-14 00:00:00+09:00,907.8017163978298,955.9089712412868,896.2203402318123,950.563720703125,127900,0.0,0.0
2019-08-15 00:00:00+09:00,918.4922509742396,944.327629517647,908.6926246301886,936.3097534179688,36200,0.0,0.0
2019-08-16 00:00:00+09:00,929.1827487030179,931.8553740588271,908.692620975147,909.58349609375,10800,0.0,0.0
2019-08-19 00:00:00+09:00,936.3097251333842,951.4546017530488,926.5100990853658,949.6728515625,21600,0.0,0.0
2019-08-20 00:00:00+09:00,959.4725453551387,960.3634205133143,946.1094179825044,948.7820434570312,8800,0.0,0.0
2019-08-21 00:00:00+09:00,936.3097251333842,956.7998523246952,922.9465987042682,949.6728515625,7100,0.0,0.0
2019-08-22 00:00:00+09:00,940.764129028901,948.7820051285793,930.96450268485,936.3097534179688,5500,0.0,0.0
2019-08-23 00:00:00+09:00,936.3097000409972,944.3275756835938,935.4188249695976,944.3275756835938,2700,0.0,0.0
2019-08-26 00:00:00+09:00,930.9644383486906,938.0914388336566,917.6013124393792,918.4921875,15100,0.0,0.0
2019-08-27 00:00:00+09:00,926.5100392512077,934.5279145908817,919.3830389492754,922.0556640625,10200,0.0,0.0
2019-08-28 00:00:00+09:00,922.9464897163148,931.8552396170513,918.4921147659464,920.2738647460938,4300,0.0,0.0
2019-08-29 00:00:00+09:00,922.0557791726632,925.6192797684995,912.2561525341131,914.0379028320312,13800,0.0,0.0
2019-08-30 00:00:00+09:00,916.7104910236516,917.6013661364053,910.474365234375,910.474365234375,9200,0.0,0.0
2019-09-02 00:00:00+09:00,910.4743772020528,913.1470025754443,908.692626953125,908.692626953125,6900,0.0,0.0
2019-09-03 00:00:00+09:00,908.6925268954918,929.1826525019587,908.6925268954918,923.83740234375,9300,0.0,0.0
2019-09-04 00:00:00+09:00,922.946507366884,922.946507366884,915.8195073099969,917.6012573242188,4200,0.0,0.0
2019-09-05 00:00:00+09:00,918.4921471334374,956.7997730565585,918.4921471334374,952.3453979492188,22800,0.0,0.0
2019-09-06 00:00:00+09:00,943.4366360508961,1003.1252617500558,942.5457610404609,1000.45263671875,47100,0.0,0.0
2019-09-09 00:00:00+09:00,997.780005838523,1023.6153809896991,976.3990057134118,1001.343505859375,25600,0.0,0.0
2019-09-10 00:00:00+09:00,1001.3435763461696,1028.9607034518024,1001.3435763461696,1018.2702026367188,14400,0.0,0.0
2019-09-11 00:00:00+09:00,1009.3614305187923,1012.034055665797,1001.343555077778,1003.1253051757812,10900,0.0,0.0
2019-09-12 00:00:00+09:00,997.7802057549505,999.56195612237,988.8714539178527,989.7623291015625,15200,0.0,0.0
2019-09-13 00:00:00+09:00,995.9983265828744,1001.3435769938737,987.0895758978755,990.653076171875,13900,0.0,0.0
2019-09-17 00:00:00+09:00,988.8712805764474,988.8712805764474,974.6172801357058,979.0716552734375,12200,0.0,0.0
2019-09-18 00:00:00+09:00,977.2899388025342,977.2899388025342,957.6906875229938,964.8176879882812,17500,0.0,0.0
2019-09-19 00:00:00+09:00,991.5438808020323,1005.7978808854398,979.9625057342637,1001.343505859375,23600,0.0,0.0
2019-09-20 00:00:00+09:00,1006.6890004288226,1006.6890004288226,965.708740234375,965.708740234375,26500,0.0,0.0
2019-09-24 00:00:00+09:00,980.8533876837922,992.4347628335555,980.8533876837922,981.7442626953125,6800,0.0,0.0
2019-09-25 00:00:00+09:00,992.4348606750043,992.4348606750043,975.5082337873696,976.3991088867188,7400,0.0,0.0
2019-09-26 00:00:00+09:00,976.3991933882567,985.3079451527481,963.9269409179686,963.9269409179688,9100,0.0,0.0
2019-09-27 00:00:00+09:00,982.0118990734012,983.8203924418605,963.0227187045784,972.065185546875,8000,16.0,0.0
2019-09-30 00:00:00+09:00,981.1074586189459,997.3838957204583,980.2032121133062,988.3414306640625,10500,0.0,0.0
2019-10-01 00:00:00+09:00,989.2455923858282,1004.6177816642187,989.2455923858282,995.5753173828125,8100,0.0,0.0
2019-10-02 00:00:00+09:00,992.8626861021406,1001.9051513671875,982.9159743105891,1001.9051513671875,17400,0.0,0.0
2019-10-03 00:00:00+09:00,979.2990830398531,988.341549180572,973.8736033554218,978.3948364257812,8300,0.0,0.0
2019-10-04 00:00:00+09:00,979.2991605258917,997.3840942382812,973.8736804121748,997.3840942382812,10800,0.0,0.0
2019-10-07 00:00:00+09:00,1010.0433058130891,1011.8517987509817,986.5328976204836,1007.33056640625,11100,0.0,0.0
2019-10-08 00:00:00+09:00,1010.9475336298211,1017.2772587956608,995.5753439413534,1003.7135620117188,15000,0.0,0.0
2019-10-09 00:00:00+09:00,1003.713730690696,1005.5222238991477,994.6712646484375,994.6712646484375,6800,0.0,0.0
2019-10-10 00:00:00+09:00,995.5755111398458,995.5755111398458,974.7778392450081,979.299072265625,15500,0.0,0.0
2019-10-11 00:00:00+09:00,991.9585356368596,991.9585356368596,975.6820965835656,978.3948364257812,9000,0.0,0.0
2019-10-15 00:00:00+09:00,990.1499481904342,991.054194718462,978.3947433260729,981.1074829101562,9900,0.0,0.0
2019-10-16 00:00:00+09:00,985.6287553185372,988.3414950120745,981.1075224959751,982.916015625,14500,0.0,0.0
2019-10-17 00:00:00+09:00,985.6286987971738,992.8626708984375,982.9159592591999,992.8626708984375,10400,0.0,0.0
2019-10-18 00:00:00+09:00,1007.33054782077,1007.33054782077,994.6710974890906,1003.7135620117188,10100,0.0,0.0
2019-10-21 00:00:00+09:00,999.1926052296818,1007.3308255437697,993.7671250202899,1001.0010986328125,9200,0.0,0.0
2019-10-23 00:00:00+09:00,1001.0009945269429,1006.4264741720754,992.8627750592442,1004.6179809570312,8400,0.0,0.0
2019-10-24 00:00:00+09:00,1004.6180203858519,1013.6604868159676,1003.7137737428403,1006.426513671875,13400,0.0,0.0
2019-10-25 00:00:00+09:00,1001.9053276663786,1002.8095743519981,997.3840942382812,997.3840942382812,7700,0.0,0.0
2019-10-28 00:00:00+09:00,1000.0965762026675,1005.5220549162443,1000.0965762026675,1003.7135620117188,9800,0.0,0.0
2019-10-29 00:00:00+09:00,1007.3306804279704,1008.2349269992702,987.437255859375,987.437255859375,22500,0.0,0.0
2019-10-30 00:00:00+09:00,983.8202729339318,992.8627386778098,981.1075332107685,982.0117797851562,12000,0.0,0.0
2019-10-31 00:00:00+09:00,983.8201952058689,994.6711532412278,983.8201952058689,993.7669067382812,7800,0.0,0.0
2019-11-01 00:00:00+09:00,992.8628362624257,992.8628362624257,988.3416029461123,989.245849609375,4100,0.0,0.0
2019-11-05 00:00:00+09:00,995.5754897434352,1003.7137090056432,994.6712431587455,996.479736328125,9100,0.0,0.0
2019-11-06 00:00:00+09:00,997.3838102390938,997.3838102390938,994.6710709546719,995.5753173828125,4300,0.0,0.0
2019-11-07 00:00:00+09:00,998.2883585281165,1002.8095920359432,997.3841118265512,1001.0010986328125,7200,0.0,0.0
2019-11-08 00:00:00+09:00,995.5754750010731,1004.617940714071,986.5330092880752,987.437255859375,17600,0.0,0.0
2019-11-11 00:00:00+09:00,976.5862748084959,981.1075075622389,965.7353161995126,973.87353515625,26200,0.0,0.0
2019-11-12 00:00:00+09:00,976.5864051496479,976.5864051496479,960.3099650638204,963.022705078125,24800,0.0,0.0
2019-11-13 00:00:00+09:00,963.0225339334362,963.9267804441718,936.7993851221031,941.3206176757812,28700,0.0,0.0
2019-11-14 00:00:00+09:00,928.661218585163,933.1824513922963,920.5229995323233,921.42724609375,40100,0.0,0.0
2019-11-15 00:00:00+09:00,915.0975347728377,938.6079457452623,915.0975347728377,930.4697265625,40900,0.0,0.0
2019-11-18 00:00:00+09:00,941.3207253608995,956.6929178019517,934.0867524474633,947.6504516601562,19700,0.0,0.0
2019-11-19 00:00:00+09:00,958.5013427734375,959.4055893232238,953.9801100245062,958.5013427734375,8900,0.0,0.0
2019-11-20 00:00:00+09:00,967.5438735064339,967.5438735064339,951.2674345128677,953.075927734375,17000,0.0,0.0
2019-11-21 00:00:00+09:00,961.2141181807876,961.2141181807876,937.7037070117373,950.3631591796875,11600,0.0,0.0
2019-11-22 00:00:00+09:00,963.9267750117938,1003.7136212599354,960.3097889892355,988.3414306640625,35900,0.0,0.0
2019-11-25 00:00:00+09:00,988.3416514225142,1009.139325697645,976.5864442235273,1005.5223388671875,18800,0.0,0.0
2019-11-26 00:00:00+09:00,1010.0434133557306,1010.0434133557306,995.5754683121392,998.2882080078125,14300,0.0,0.0
2019-11-27 00:00:00+09:00,998.2881499743852,1001.0008895123591,990.1499313604636,992.8626708984375,11300,0.0,0.0
2019-11-28 00:00:00+09:00,996.4796492148188,996.4796492148188,986.5329376527833,988.3414306640625,11600,0.0,0.0
2019-11-29 00:00:00+09:00,988.3416234008679,1003.713816994477,988.3416234008679,1002.8095703125,15800,0.0,0.0
2019-12-02 00:00:00+09:00,1003.7136595151078,1010.9476318359375,1003.7136595151078,1010.9476318359375,10000,0.0,0.0
2019-12-03 00:00:00+09:00,1010.947488621303,1015.4687206813268,1004.6177637372698,1012.7559814453125,11800,0.0,0.0
2019-12-04 00:00:00+09:00,1009.1390407252956,1010.9475336298211,995.5753439413534,1003.7135620117188,8800,0.0,0.0
2019-12-05 00:00:00+09:00,1003.7136444201968,1007.3306305262156,1001.9051513671875,1001.9051513671875,6500,0.0,0.0
2019-12-06 00:00:00+09:00,1006.4264706139492,1010.04345703125,995.5755113620468,1010.04345703125,13400,0.0,0.0
2019-12-09 00:00:00+09:00,1013.6605707960656,1038.0752321800921,985.6289225403315,1029.93701171875,27900,0.0,0.0
2019-12-10 00:00:00+09:00,1032.6495790397764,1032.6495790397764,1022.7028668073443,1029.0325927734375,11500,0.0,0.0
2019-12-11 00:00:00+09:00,1019.086032664119,1019.086032664119,999.1926052296818,1001.0010986328125,11300,0.0,0.0
2019-12-12 00:00:00+09:00,1007.330803722385,1007.330803722385,994.671350174707,1002.8095703125,5000,0.0,0.0
2019-12-13 00:00:00+09:00,1002.8094624209534,1004.6179555903329,995.5754897434352,996.479736328125,8900,0.0,0.0
2019-12-16 00:00:00+09:00,995.5755148818104,1021.7986664999507,991.0542818442,1004.6179809570312,23500,0.0,0.0
2019-12-17 00:00:00+09:00,1004.6179774052988,1017.2774298658516,1001.000990987998,1010.04345703125,19100,0.0,0.0
2019-12-18 00:00:00+09:00,1019.9900434974677,1023.6070294673169,1008.2348390954579,1015.4688110351562,21400,0.0,0.0
2019-12-19 00:00:00+09:00,1015.4690642319194,1031.7455051546037,1015.4690642319194,1029.93701171875,15800,0.0,0.0
2019-12-20 00:00:00+09:00,1044.4048465180886,1054.3515593420705,991.0542959167317,1013.6604614257812,51300,0.0,0.0
2019-12-23 00:00:00+09:00,1013.660393818437,1030.8410784594275,1013.660393818437,1024.5113525390625,20600,0.0,0.0
2019-12-24 00:00:00+09:00,1021.7985257729092,1028.1282511538034,1014.5645539090302,1016.373046875,18500,0.0,0.0
2019-12-25 00:00:00+09:00,1029.0327532651613,1029.0327532651613,998.2883652062724,1005.5223388671875,12800,0.0,0.0
2019-12-26 00:00:00+09:00,1005.5220890791815,1016.373046875,999.1923636982873,1016.373046875,24500,0.0,0.0
2019-12-27 00:00:00+09:00,1019.0858950731231,1044.4047992985422,1012.7561690167682,1038.0750732421875,21900,0.0,0.0
2019-12-30 00:00:00+09:00,1038.9794203252377,1043.5006536599863,1035.3624336574387,1039.8836669921875,12000,0.0,0.0
2020-01-06 00:00:00+09:00,1034.4580463041132,1034.4580463041132,1017.2773619686427,1020.8943481445312,6600,0.0,0.0
2020-01-07 00:00:00+09:00,1029.0324868706598,1029.0324868706598,1017.2772827148438,1017.2772827148438,7300,0.0,0.0
2020-01-08 00:00:00+09:00,1027.2239990234375,1033.5537243695326,1001.905097639057,1027.2239990234375,29000,0.0,0.0
2020-01-09 00:00:00+09:00,1029.0324729392173,1098.6594504579518,1029.0324729392173,1086.0,57100,0.0,0.0
2020-01-10 00:00:00+09:00,1106.7979071894779,1150.2017466871043,1103.1809205646757,1142.9677734375,79200,0.0,0.0
2020-01-14 00:00:00+09:00,1097.7553704639806,1100.4681102591962,1051.6387939453125,1051.6387939453125,90500,0.0,0.0
2020-01-15 00:00:00+09:00,1051.6387008745512,1057.9684265032026,1044.4047287275207,1054.3514404296875,19900,0.0,0.0
2020-01-16 00:00:00+09:00,1049.830040328728,1055.2555185733208,1038.0748374654434,1042.5960693359375,11600,0.0,0.0
2020-01-17 00:00:00+09:00,1039.8834654590014,1044.404697917519,1031.74524703367,1036.2664794921875,14300,0.0,0.0
2020-01-20 00:00:00+09:00,1031.7454697990922,1034.4582098599137,1022.7030029296875,1022.7030029296875,14700,0.0,0.0
2020-01-21 00:00:00+09:00,1019.9899527413504,1023.6069383893695,1011.8517350333078,1012.7559814453125,19800,0.0,0.0
2020-01-22 00:00:00+09:00,1006.42642133802,1029.9368318993754,1005.5221747779678,1024.5113525390625,13700,0.0,0.0
2020-01-23 00:00:00+09:00,1018.1815398409698,1021.7985257729092,1003.7135961132117,1016.373046875,14300,0.0,0.0
2020-01-24 00:00:00+09:00,1010.9477036355752,1015.4689366572012,1008.2349638225996,1010.04345703125,7600,0.0,0.0
2020-01-27 00:00:00+09:00,960.3097348420516,981.1074032990829,957.596995478091,977.4904174804688,56800,0.0,0.0
2020-01-28 00:00:00+09:00,967.5439275630642,967.5439275630642,952.1717343214082,963.9269409179688,24900,0.0,0.0
2020-01-29 00:00:00+09:00,963.9268726345282,968.4481056206189,957.5971464540013,959.4056396484375,14000,0.0,0.0
2020-01-30 00:00:00+09:00,959.4055838769721,959.4055838769721,927.7569548141124,933.1824340820312,24300,0.0,0.0
2020-01-31 00:00:00+09:00,933.1824809011068,948.5546729314545,933.1824809011068,939.51220703125,13100,0.0,0.0
2020-02-03 00:00:00+09:00,911.4806086724926,922.3315682995461,908.7678687657292,915.0975952148438,23800,0.0,0.0
2020-02-04 00:00:00+09:00,915.0974624799483,922.3314345153628,906.9592439401068,916.001708984375,16600,0.0,0.0
2020-02-05 00:00:00+09:00,930.4697805047035,930.4697805047035,914.1933411955833,925.9485473632812,10200,0.0,0.0
2020-02-06 00:00:00+09:00,930.4697092828732,948.5546404642702,930.4697092828732,942.2249145507812,14700,0.0,0.0
2020-02-07 00:00:00+09:00,951.2673842963557,953.0758774223943,942.2249186661621,952.171630859375,8500,0.0,0.0
2020-02-10 00:00:00+09:00,951.2672676717428,964.8309644541346,935.8950779850321,962.1182250976562,30600,0.0,0.0
2020-02-12 00:00:00+09:00,949.4588730105681,958.5013384678116,940.4164075533246,948.5546264648438,16100,0.0,0.0
2020-02-13 00:00:00+09:00,951.2673370186276,951.2673370186276,940.416378801685,945.8418579101562,6500,0.0,0.0
2020-02-14 00:00:00+09:00,945.8419657232217,945.8419657232217,925.0442934367647,936.7994995117188,9700,0.0,0.0
2020-02-17 00:00:00+09:00,841.8535559082031,868.9809529836554,841.8535559082031,859.0342407226562,67000,0.0,0.0
2020-02-18 00:00:00+09:00,867.1724672647047,867.1724672647047,859.0342480724395,863.5554809570312,23300,0.0,0.0
2020-02-19 00:00:00+09:00,863.5555030245231,935.8952310265773,863.5555030245231,907.8635864257812,61200,0.0,0.0
2020-02-20 00:00:00+09:00,927.7569931640625,927.7569931640625,887.0658969726562,904.24658203125,32000,0.0,0.0
2020-02-21 00:00:00+09:00,902.4380372585445,902.4380372585445,881.6403670612032,887.9700927734375,10800,0.0,0.0
2020-02-25 00:00:00+09:00,859.034199617347,859.034199617347,841.853515625,841.853515625,45500,0.0,0.0
2020-02-26 00:00:00+09:00,838.236629969168,839.1408766034389,817.4389573809361,828.2899169921875,45000,0.0,0.0
2020-02-27 00:00:00+09:00,841.8534984757415,841.8534984757415,813.8218567434666,817.4388427734375,30200,0.0,0.0
2020-02-28 00:00:00+09:00,809.300817743048,809.300817743048,765.8969750037561,775.8436889648438,68300,0.0,0.0
2020-03-02 00:00:00+09:00,754.1415838833514,793.9284300354706,752.3330908764368,786.6944580078125,30400,0.0,0.0
2020-03-03 00:00:00+09:00,802.9710906769012,802.9710906769012,769.5139618986971,775.8436889648438,30600,0.0,0.0
2020-03-04 00:00:00+09:00,774.9393558696605,798.4497680664062,768.6096295089982,798.4497680664062,18600,0.0,0.0
2020-03-05 00:00:00+09:00,793.9285317650842,794.8327783844067,753.2374338955754,757.7586669921875,35900,0.0,0.0
2020-03-06 00:00:00+09:00,752.3330336084906,752.3330336084906,714.3546833542158,718.8759155273438,51900,0.0,0.0
2020-03-09 00:00:00+09:00,689.9401253724709,719.7802618564704,670.9509476099258,705.3123168945312,60300,0.0,0.0
2020-03-10 00:00:00+09:00,684.5146570253612,723.3972597361809,653.7702734865735,719.7802734375,67100,0.0,0.0
2020-03-11 00:00:00+09:00,723.3972631526899,729.7269892052759,708.9293178896361,714.3547973632812,24100,0.0,0.0
2020-03-12 00:00:00+09:00,700.791111930472,700.791111930472,658.291521916624,661.9085083007812,27000,0.0,0.0
2020-03-13 00:00:00+09:00,621.2174107219679,630.2598766713415,592.2815196839723,615.7919311523438,38700,0.0,0.0
2020-03-16 00:00:00+09:00,649.2490179531816,649.2490179531816,610.3664165994395,623.9301147460938,18400,0.0,0.0
2020-03-17 00:00:00+09:00,587.7603236607143,632.97265625,586.8560770089285,632.97265625,32300,0.0,0.0
2020-03-18 00:00:00+09:00,647.4404936454666,651.057479643486,626.6428241568552,642.0150146484375,14500,0.0,0.0
2020-03-19 00:00:00+09:00,660.1000639449718,660.1000639449718,610.3664974833644,622.1217041015625,24500,0.0,0.0
2020-03-23 00:00:00+09:00,613.0791801280545,623.930139068374,597.7069882959352,601.323974609375,21500,0.0,0.0
2020-03-24 00:00:00+09:00,598.611263090389,636.5896211716524,598.611263090389,634.7811279296875,18600,0.0,0.0
2020-03-25 00:00:00+09:00,669.1424954581481,686.3231811523438,638.3981105316926,686.3231811523438,21200,0.0,0.0
2020-03-26 00:00:00+09:00,686.3231286317604,686.3231286317604,645.6320340488497,654.6744995117188,10700,0.0,0.0
2020-03-27 00:00:00+09:00,654.6744502797989,710.7377319335938,654.6744502797989,710.7377319335938,22200,0.0,0.0
2020-03-30 00:00:00+09:00,683.3314331920434,683.3314331920434,644.0490112304688,644.0490112304688,37800,8.0,0.0
2020-03-31 00:00:00+09:00,657.7522495814732,678.7637797764369,657.7522495814732,665.0606079101562,16800,0.0,0.0
2020-04-01 00:00:00+09:00,678.7637717585584,678.7637717585584,644.9626148876746,645.8761596679688,15300,0.0,0.0
2020-04-02 00:00:00+09:00,623.0374735296228,623.9510182122176,596.544677734375,596.544677734375,25800,0.0,0.0
2020-04-03 00:00:00+09:00,605.6801041932863,611.1613721045378,586.4956665039062,586.4956665039062,19900,0.0,0.0
2020-04-06 00:00:00+09:00,577.3602470930232,602.0259538517441,573.7060683139534,589.236328125,30700,0.0,0.0
2020-04-07 00:00:00+09:00,605.6800905623526,631.259340239194,601.1123674057737,629.4322509765625,15900,0.0,0.0
2020-04-08 00:00:00+09:00,637.6541791823814,664.1469745925377,629.4322771585398,662.3198852539062,24000,0.0,0.0
2020-04-09 00:00:00+09:00,664.1469788246967,686.985595703125,660.4928001241482,686.985595703125,14800,0.0,0.0
2020-04-10 00:00:00+09:00,693.3804931640625,699.7753066715044,669.6283287078495,693.3804931640625,7400,0.0,0.0
2020-04-13 00:00:00+09:00,684.2449248342804,685.1584694602273,663.2333984375,663.2333984375,7300,0.0,0.0
2020-04-14 00:00:00+09:00,687.8992100377237,687.8992100377237,663.2335013112714,679.6773071289062,10600,0.0,0.0
2020-04-15 00:00:00+09:00,669.6282300219658,670.5417746741103,644.9625244140625,644.9625244140625,9700,0.0,0.0
2020-04-16 00:00:00+09:00,646.7896214351272,649.530255424259,637.6541748046875,637.6541748046875,12300,0.0,0.0
2020-04-17 00:00:00+09:00,657.7521776379584,657.7521776379584,630.3458369030434,647.7031860351562,30400,0.0,0.0
2020-04-20 00:00:00+09:00,651.3573723464716,674.1959898901767,645.8761041359824,668.7147216796875,36100,0.0,0.0
2020-04-21 00:00:00+09:00,666.8876808006446,666.8876808006446,650.4438749726835,653.1845092773438,3100,0.0,0.0
2020-04-22 00:00:00+09:00,647.7032238560864,649.5303133451022,616.6427025428185,641.3084106445312,19800,0.0,0.0
2020-04-23 00:00:00+09:00,633.0865243765023,655.0115988137838,633.0865243765023,653.1845092773438,11600,0.0,0.0
2020-04-24 00:00:00+09:00,657.7521306818182,674.1959339488636,655.9250414299242,663.2333984375,38400,0.0,0.0
2020-04-27 00:00:00+09:00,682.4179082989123,767.3775675650419,680.5908188523289,763.723388671875,77200,0.0,0.0
2020-04-28 00:00:00+09:00,767.3775109990585,793.870306021645,764.6368770312047,788.3890380859375,35200,0.0,0.0
2020-04-30 00:00:00+09:00,782.9077594965484,789.3025720011876,756.4149648344714,769.20458984375,27100,0.0,0.0
2020-05-01 00:00:00+09:00,771.0317852783203,771.0317852783203,730.8358154296875,730.8358154296875,21500,0.0,0.0
2020-05-07 00:00:00+09:00,713.4784775167552,735.403552370023,706.1701192323326,719.873291015625,11400,0.0,0.0
2020-05-08 00:00:00+09:00,723.527349115728,758.2420451591594,719.8731705848405,748.1930541992188,13500,0.0,0.0
2020-05-11 00:00:00+09:00,748.1931303833885,768.2911143497311,748.1931303833885,761.8963012695312,11000,0.0,0.0
2020-05-12 00:00:00+09:00,771.9453441023262,773.772433674166,758.2421723135275,771.0317993164062,7900,0.0,0.0
2020-05-13 00:00:00+09:00,743.6253237003571,759.1555823034358,725.3544312261469,755.5014038085938,20500,0.0,0.0
2020-05-14 00:00:00+09:00,743.6253679302376,749.1066359985196,713.4783935546875,713.4783935546875,14000,0.0,0.0
2020-05-15 00:00:00+09:00,725.3545169186283,725.3545169186283,694.2939960430194,703.429443359375,6900,0.0,0.0
2020-05-18 00:00:00+09:00,696.121044671795,713.4783935546875,696.121044671795,713.4783935546875,4300,0.0,0.0
2020-05-19 00:00:00+09:00,731.7492544724166,744.5388793945312,725.3544420113592,744.5388793945312,11400,0.0,0.0
2020-05-20 00:00:00+09:00,737.23055155137,745.4524536132812,724.4409261217304,745.4524536132812,8900,0.0,0.0
2020-05-21 00:00:00+09:00,758.2421497307201,758.2421497307201,738.1441650390625,738.1441650390625,8500,0.0,0.0
2020-05-22 00:00:00+09:00,744.5389108868724,749.1066342665464,738.1440981553286,743.6253662109375,6000,0.0,0.0
2020-05-25 00:00:00+09:00,753.6743309039118,769.20458984375,745.4524291122327,769.20458984375,9500,0.0,0.0
2020-05-26 00:00:00+09:00,769.2047097445665,779.2537023896855,764.6369858149668,771.0317993164062,14500,0.0,0.0
2020-05-27 00:00:00+09:00,767.3775675650419,776.513014797959,759.1556650554164,763.723388671875,8400,0.0,0.0
2020-05-28 00:00:00+09:00,773.7723978175152,783.8213899969634,771.9453083303428,775.5994873046875,16600,0.0,0.0
2020-05-29 00:00:00+09:00,771.9452534197064,774.6858874555161,767.3775300266905,770.1181640625,6900,0.0,0.0
2020-06-01 00:00:00+09:00,770.1182357220232,771.0317804856318,748.1931613954175,760.9827880859375,14000,0.0,0.0
2020-06-02 00:00:00+09:00,765.5504265662832,765.5504265662832,753.6743459632264,754.587890625,9000,0.0,0.0
2020-06-03 00:00:00+09:00,763.7233129554907,763.7233129554907,744.5388756683312,748.1930541992188,18900,0.0,0.0
2020-06-04 00:00:00+09:00,761.8963053875659,761.8963053875659,751.8473133500801,758.2421264648438,5900,0.0,0.0
2020-06-05 00:00:00+09:00,745.4524751420454,753.6743774414062,744.5389304421165,753.6743774414062,6000,0.0,0.0
2020-06-08 00:00:00+09:00,743.625400797526,773.7723765055339,743.625400797526,767.3775634765625,34600,0.0,0.0
2020-06-09 00:00:00+09:00,776.5130106608073,776.5130106608073,760.9827504475911,767.3775634765625,14400,0.0,0.0
2020-06-10 00:00:00+09:00,762.8098568128114,779.253662109375,761.8963120741134,779.253662109375,10900,0.0,0.0
2020-06-11 00:00:00+09:00,759.1556476579112,770.1181840861843,751.8472900390625,751.8472900390625,15100,0.0,0.0
2020-06-12 00:00:00+09:00,729.9220597136724,729.9220597136724,712.5647141134724,728.094970703125,16800,0.0,0.0
2020-06-15 00:00:00+09:00,720.7867932604505,720.7867932604505,703.429443359375,703.429443359375,14700,0.0,0.0
2020-06-16 00:00:00+09:00,719.8732161295978,740.8847440115532,718.0461267485583,732.662841796875,15600,0.0,0.0
2020-06-17 00:00:00+09:00,732.6628497914043,732.6628497914043,717.1325898831077,725.3544921875,7200,0.0,0.0
2020-06-18 00:00:00+09:00,727.1815258402481,750.0201416015625,719.8731687966276,750.0201416015625,7200,0.0,0.0
2020-06-19 00:00:00+09:00,758.2420432756356,758.2420432756356,744.538873818847,750.0201416015625,5000,0.0,0.0
2020-06-22 00:00:00+09:00,741.7983649451116,750.0202680048482,741.7983649451116,746.3660888671875,3600,0.0,0.0
2020-06-23 00:00:00+09:00,746.366000238742,747.2795449146768,730.8357407478502,743.6253662109375,9500,0.0,0.0
2020-06-24 00:00:00+09:00,743.625351071669,743.625351071669,699.7752075195312,699.7752075195312,16600,0.0,0.0
2020-06-25 00:00:00+09:00,725.3545105924311,725.3545105924311,700.6888030533938,708.9107055664062,18700,0.0,0.0
2020-06-26 00:00:00+09:00,711.6513356526692,718.0461486816406,707.0836120605469,712.5648803710938,3900,0.0,0.0
2020-06-29 00:00:00+09:00,709.8242462158203,720.7867828369141,694.2939860026041,712.5648803710938,9600,0.0,0.0
2020-06-30 00:00:00+09:00,718.9595685017383,723.5272913003516,710.7376674642343,714.391845703125,9800,0.0,0.0
2020-07-01 00:00:00+09:00,712.5647915284146,725.3544159917451,702.5158008786549,709.8241577148438,10200,0.0,0.0
2020-07-02 00:00:00+09:00,725.3544234535009,725.3544234535009,697.9480850358623,702.5158081054688,3400,0.0,0.0
2020-07-03 00:00:00+09:00,696.1211275243948,700.6888514582819,688.8127692301754,693.3804931640625,7400,0.0,0.0
2020-07-06 00:00:00+09:00,684.2449830866047,697.0346089386909,684.2449830866047,695.20751953125,3700,0.0,0.0
2020-07-07 00:00:00+09:00,686.9855437163072,713.4783372904734,676.9365530502442,677.85009765625,24300,0.0,0.0
2020-07-08 00:00:00+09:00,682.4179522854755,690.6398553250596,668.7147805528355,670.5418701171875,23400,0.0,0.0
2020-07-09 00:00:00+09:00,675.1095875508076,676.9366770976299,667.8012293635188,676.0231323242188,6200,0.0,0.0
2020-07-10 00:00:00+09:00,689.7262482080148,689.7262482080148,642.221923828125,642.221923828125,32800,0.0,0.0
2020-07-13 00:00:00+09:00,645.876102626578,659.579273120777,639.4812897292852,642.221923828125,14400,0.0,0.0
2020-07-14 00:00:00+09:00,643.1355210530942,650.4438792468794,643.1355210530942,649.5303344726562,2800,0.0,0.0
2020-07-15 00:00:00+09:00,646.7896374117944,653.1844502110634,644.0490033549647,651.3573608398438,6100,0.0,0.0
2020-07-16 00:00:00+09:00,651.3573608398438,657.7521736391129,651.3573608398438,651.3573608398438,4200,0.0,0.0
2020-07-17 00:00:00+09:00,655.0115692395123,655.0115692395123,639.4813088809743,652.2709350585938,19300,0.0,0.0
2020-07-20 00:00:00+09:00,652.2709687953256,652.2709687953256,640.3948867304248,649.5303344726562,14600,0.0,0.0
2020-07-21 00:00:00+09:00,649.5302714686239,651.3573608398438,640.3948246125252,651.3573608398438,7900,0.0,0.0
2020-07-22 00:00:00+09:00,651.3573608398438,651.3573608398438,649.5302714686239,651.3573608398438,1500,0.0,0.0
2020-07-27 00:00:00+09:00,651.3573874039074,651.3573874039074,626.6916798865084,627.605224609375,10700,0.0,0.0
2020-07-28 00:00:00+09:00,629.4323140551082,634.9135823923081,625.7781351636418,627.605224609375,5800,0.0,0.0
2020-07-29 00:00:00+09:00,621.2104075275868,631.2593994140625,615.7291392258728,631.2593994140625,11700,0.0,0.0
2020-07-30 00:00:00+09:00,630.3458629066389,630.3458629066389,615.7291472450357,623.9510498046875,15300,0.0,0.0
2020-07-31 00:00:00+09:00,608.420738148912,621.2103632751655,585.582121852031,586.4956665039062,15900,0.0,0.0
2020-08-03 00:00:00+09:00,577.3602699326591,601.1124329362179,577.3602699326591,595.6311645507812,7400,0.0,0.0
2020-08-04 00:00:00+09:00,599.2853382005094,627.605224609375,599.2853382005094,627.605224609375,11900,0.0,0.0
2020-08-05 00:00:00+09:00,600.1989277430943,616.6427339826312,600.1989277430943,613.902099609375,8200,0.0,0.0
2020-08-06 00:00:00+09:00,613.9020786199095,614.8156233797605,596.5447281827394,605.68017578125,12700,0.0,0.0
2020-08-07 00:00:00+09:00,600.1988989294197,612.988525390625,600.1988989294197,612.988525390625,2900,0.0,0.0
2020-08-11 00:00:00+09:00,612.9884782835495,628.5187377929688,611.1613889295002,628.5187377929688,13800,0.0,0.0
2020-08-12 00:00:00+09:00,621.2104197349042,621.2104197349042,612.0749723858615,620.296875,8500,0.0,0.0
2020-08-13 00:00:00+09:00,619.3832929516673,627.6051950704947,614.8155695523187,626.691650390625,21100,0.0,0.0
2020-08-14 00:00:00+09:00,619.3833428744612,624.8646113954741,609.3343505859375,609.3343505859375,18600,0.0,0.0
2020-08-17 00:00:00+09:00,623.9510447957233,623.9510447957233,597.4582478717468,601.1124267578125,14900,0.0,0.0
2020-08-18 00:00:00+09:00,610.2477713500795,612.0748604858582,601.112325671186,611.1613159179688,13600,0.0,0.0
2020-08-19 00:00:00+09:00,606.5937080439816,616.6427001953125,605.6801633029514,616.6427001953125,8900,0.0,0.0
2020-08-20 00:00:00+09:00,623.0375475202288,623.0375475202288,610.2479204450335,613.902099609375,13000,0.0,0.0
2020-08-21 00:00:00+09:00,621.2103941603301,621.2103941603301,612.074947187384,615.7291259765625,6900,0.0,0.0
2020-08-24 00:00:00+09:00,610.2478519215304,621.2103881835938,607.5072178560144,621.2103881835938,12900,0.0,0.0
2020-08-25 00:00:00+09:00,618.4697502091614,624.8645629882812,613.9020267955044,624.8645629882812,18900,0.0,0.0
2020-08-26 00:00:00+09:00,624.8645784435355,638.5677490234375,616.6426760955942,638.5677490234375,17600,0.0,0.0
2020-08-27 00:00:00+09:00,661.4064331054688,661.4064331054688,650.4438955401847,661.4064331054688,23500,0.0,0.0
2020-08-28 00:00:00+09:00,662.3199724096714,675.1095994630996,640.3948974609375,640.3948974609375,31500,0.0,0.0
2020-08-31 00:00:00+09:00,636.7406289743823,669.6282367836761,635.8270843130131,667.8011474609375,15000,0.0,0.0
2020-09-01 00:00:00+09:00,675.1095940280675,675.1095940280675,663.2335118597795,670.5418701171875,6700,0.0,0.0
2020-09-02 00:00:00+09:00,671.4553076443898,671.4553076443898,648.616691738118,655.925048828125,10300,0.0,0.0
2020-09-03 00:00:00+09:00,664.1470674967898,666.8877018881108,657.7522539170407,661.4064331054688,5900,0.0,0.0
2020-09-04 00:00:00+09:00,657.7521399812325,660.492773897821,649.5302382314671,654.0979614257812,8900,0.0,0.0
2020-09-07 00:00:00+09:00,654.0979595556232,664.1469505543828,654.0979595556232,655.925048828125,7600,0.0,0.0
2020-09-08 00:00:00+09:00,654.097957695855,662.319859398736,654.097957695855,657.7521362304688,7400,0.0,0.0
2020-09-09 00:00:00+09:00,657.7521573916547,657.7521573916547,636.7406301416435,637.6541748046875,14600,0.0,0.0
2020-09-10 00:00:00+09:00,647.7031660981711,652.2708894133909,637.6541748046875,637.6541748046875,7800,0.0,0.0
2020-09-11 00:00:00+09:00,638.5678394426618,643.1355636160714,635.8272049386161,639.4813842773438,13000,0.0,0.0
2020-09-14 00:00:00+09:00,639.4812472039761,655.9250507035069,639.4812472039761,654.0979614257812,13700,0.0,0.0
2020-09-15 00:00:00+09:00,658.6657651877632,666.8876679432277,655.9251309359418,664.1470336914062,16600,0.0,0.0
2020-09-16 00:00:00+09:00,666.8876147460937,685.1585083007812,666.8876147460937,685.1585083007812,22400,0.0,0.0
2020-09-17 00:00:00+09:00,682.4178608999202,697.9481201171875,682.4178608999202,697.9481201171875,12400,0.0,0.0
2020-09-18 00:00:00+09:00,703.4295066197712,706.170141061147,689.7263344128926,701.6024169921875,22700,0.0,0.0
2020-09-23 00:00:00+09:00,699.7752291771673,715.3054888325353,699.7752291771673,707.9971313476562,16900,0.0,0.0
2020-09-24 00:00:00+09:00,700.6887464770382,707.0835590263723,699.7752018271333,705.2564697265625,16300,0.0,0.0
2020-09-25 00:00:00+09:00,705.2564346922258,709.8241577148438,705.2564346922258,709.8241577148438,14800,0.0,0.0
2020-09-28 00:00:00+09:00,719.8732019722936,719.8732019722936,682.4178703975931,688.8126831054688,21800,0.0,0.0
2020-09-29 00:00:00+09:00,702.6628466281539,705.4328709906828,698.0461393572724,699.892822265625,8000,8.0,0.0
2020-09-30 00:00:00+09:00,701.7395051739776,704.5095295365064,686.966041907157,699.892822265625,18500,0.0,0.0
2020-10-02 00:00:00+09:00,686.0426940074941,694.3527670170062,668.4992065429688,668.4992065429688,16300,0.0,0.0
2020-10-05 00:00:00+09:00,669.4225683072221,691.582763671875,669.4225683072221,691.582763671875,4800,0.0,0.0
2020-10-06 00:00:00+09:00,685.1194321289063,692.5061645507812,685.1194321289063,692.5061645507812,4800,0.0,0.0
2020-10-07 00:00:00+09:00,692.5060795802697,706.356201171875,687.8893723830679,706.356201171875,9400,0.0,0.0
2020-10-08 00:00:00+09:00,707.2795506527549,707.2795506527549,699.8928190532483,701.739501953125,8200,0.0,0.0
2020-10-09 00:00:00+09:00,701.739501953125,704.50952630294,701.739501953125,701.739501953125,6600,0.0,0.0
2020-10-12 00:00:00+09:00,701.7395084118717,701.7395084118717,686.0427036184483,698.046142578125,5400,0.0,0.0
2020-10-13 00:00:00+09:00,695.2760604736976,697.12274323724,683.2726225106722,696.1994018554688,3900,0.0,0.0
2020-10-14 00:00:00+09:00,697.1228076042013,697.1228076042013,692.5061002690742,694.352783203125,5000,0.0,0.0
2020-10-15 00:00:00+09:00,680.5026182517028,694.3527393830128,680.5026182517028,684.1959838867188,7800,0.0,0.0
2020-10-16 00:00:00+09:00,684.1960718615302,684.1960718615302,669.422607421875,669.422607421875,6300,0.0,0.0
2020-10-19 00:00:00+09:00,682.3493425386994,695.276123046875,677.7326352143509,695.276123046875,15600,0.0,0.0
2020-10-20 00:00:00+09:00,697.1228359507866,699.8928604644983,678.656005859375,678.656005859375,16500,0.0,0.0
2020-10-21 00:00:00+09:00,678.656005859375,692.5061284279337,665.7292247953869,678.656005859375,12200,0.0,0.0
2020-10-22 00:00:00+09:00,678.6560226966594,679.5793642241379,669.422607421875,669.422607421875,7500,0.0,0.0
2020-10-23 00:00:00+09:00,675.8859813456633,679.5793473639457,674.9626398410927,678.656005859375,1100,0.0,0.0
2020-10-26 00:00:00+09:00,678.6559624434834,678.6559624434834,668.4992065429688,668.4992065429688,4700,0.0,0.0
2020-10-27 00:00:00+09:00,669.42261589898,673.1159820556641,664.805908203125,664.805908203125,6200,0.0,0.0
2020-10-28 00:00:00+09:00,669.42261589898,670.345957438151,664.805908203125,664.805908203125,1000,0.0,0.0
2020-10-29 00:00:00+09:00,663.8824508922726,663.8824508922726,656.4957198670456,661.1124267578125,4700,0.0,0.0
2020-10-30 00:00:00+09:00,661.1125522474615,668.4992846748074,655.5725029269521,659.265869140625,10300,0.0,0.0
2020-11-02 00:00:00+09:00,655.5724033900669,665.7291589355468,646.3389892578125,646.3389892578125,7600,0.0,0.0
2020-11-04 00:00:00+09:00,657.4190720314704,661.112437604681,648.1856580984442,654.6490478515625,3500,0.0,0.0
2020-11-05 00:00:00+09:00,651.8791521221189,658.3425431488254,647.2624442458998,650.955810546875,3800,0.0,0.0
2020-11-06 00:00:00+09:00,650.9557445978714,660.1891594148625,649.1090616344733,653.7257690429688,4400,0.0,0.0
2020-11-09 00:00:00+09:00,657.4191415960139,657.4191415960139,650.0324096679688,650.0324096679688,2100,0.0,0.0
2020-11-10 00:00:00+09:00,690.6594556434328,690.6594556434328,670.3459422421554,673.115966796875,16400,0.0,0.0
2020-11-11 00:00:00+09:00,678.6560108622567,683.2727184191427,667.5759127257301,675.885986328125,13000,0.0,0.0
2020-11-12 00:00:00+09:00,674.9625667197225,686.9660049787601,674.9625667197225,686.0426635742188,8800,0.0,0.0
2020-11-13 00:00:00+09:00,676.8092041015625,690.6593242400664,674.9625214164286,676.8092041015625,11900,0.0,0.0
2020-11-16 00:00:00+09:00,674.0393049707164,691.5827937302282,628.7955708014492,674.962646484375,34800,0.0,0.0
2020-11-17 00:00:00+09:00,673.1159735317888,674.0393150592672,660.1891921470905,669.422607421875,8200,0.0,0.0
2020-11-18 00:00:00+09:00,673.1159186290471,674.0392600812132,663.8825041073867,665.7291870117188,3600,0.0,0.0
2020-11-19 00:00:00+09:00,662.9591838599599,662.9591838599599,651.8790860795706,653.7257690429688,9100,0.0,0.0
2020-11-20 00:00:00+09:00,686.9661051432291,686.9661051432291,664.805908203125,664.805908203125,11800,0.0,0.0
2020-11-24 00:00:00+09:00,660.1891335334567,672.1925723249741,660.1891335334567,668.4992065429688,8100,0.0,0.0
2020-11-25 00:00:00+09:00,665.7291351958588,669.4225007170563,660.1890869140625,660.1890869140625,10900,0.0,0.0
2020-11-26 00:00:00+09:00,660.1891382987225,668.499211368217,658.3424553943904,665.7291870117188,2400,0.0,0.0
2020-11-27 00:00:00+09:00,658.3424715237946,661.1124959481584,650.9557397254912,656.4957885742188,10300,0.0,0.0
2020-11-30 00:00:00+09:00,656.4957337548069,658.342416550179,650.9556853686903,652.8023681640625,4900,0.0,0.0
2020-12-01 00:00:00+09:00,650.9557478691296,654.6491138144863,648.185723410112,651.8790893554688,6300,0.0,0.0
2020-12-02 00:00:00+09:00,650.9557478691296,654.6491138144863,648.185723410112,651.8790893554688,3700,0.0,0.0
2020-12-03 00:00:00+09:00,651.8790236716546,654.6490478515625,650.0323408850494,654.6490478515625,4300,0.0,0.0
2020-12-04 00:00:00+09:00,650.0323580766476,651.8790409120926,643.5689681525901,644.4923095703125,12400,0.0,0.0
2020-12-07 00:00:00+09:00,644.4923064313616,650.0323549107143,642.6456236049107,646.3389892578125,10700,0.0,0.0
2020-12-08 00:00:00+09:00,646.3389924057575,648.1856752412026,642.6456267348675,644.4923095703125,9100,0.0,0.0
2020-12-09 00:00:00+09:00,638.9522673417238,646.3389987560789,633.4122187809573,640.7989501953125,24700,0.0,0.0
2020-12-10 00:00:00+09:00,645.4156702336347,650.9557189051682,633.4122314453125,633.4122314453125,23100,0.0,0.0
2020-12-11 00:00:00+09:00,633.4122314453125,638.9522801168458,633.4122314453125,633.4122314453125,12900,0.0,0.0
2020-12-14 00:00:00+09:00,635.2589671332308,643.5690408311947,635.2589671332308,638.0289916992188,8700,0.0,0.0
2020-12-15 00:00:00+09:00,640.7988921589935,642.6455748453305,637.105526786319,638.9522094726562,9300,0.0,0.0
2020-12-16 00:00:00+09:00,639.8756167296921,641.7222996062568,635.2589095382801,636.1822509765625,14900,0.0,0.0
2020-12-17 00:00:00+09:00,638.9522094726562,638.9522094726562,634.3355027568134,638.9522094726562,10000,0.0,0.0
2020-12-18 00:00:00+09:00,645.4156637440557,645.4156637440557,637.1055908203125,637.1055908203125,14200,0.0,0.0
2020-12-21 00:00:00+09:00,636.1822622528524,640.7989695260951,628.795530615664,629.7188720703125,23700,0.0,0.0
2020-12-22 00:00:00+09:00,627.8722256747159,627.8722256747159,600.1719804243609,609.4053955078125,30100,0.0,0.0
2020-12-23 00:00:00+09:00,604.7886879660866,613.0987615411932,604.7886879660866,609.4053955078125,17600,0.0,0.0
2020-12-24 00:00:00+09:00,605.7119798645673,617.7154184899323,600.1719312682451,602.9419555664062,21200,0.0,0.0
2020-12-25 00:00:00+09:00,612.1753634796839,612.1753634796839,602.0186078261748,606.6353149414062,30900,0.0,0.0
2020-12-28 00:00:00+09:00,603.8652328840649,604.78857421875,600.1718675453244,604.78857421875,19400,0.0,0.0
2020-12-29 00:00:00+09:00,604.7885998909188,662.9591064453125,604.7885998909188,662.9591064453125,20000,0.0,0.0
2020-12-30 00:00:00+09:00,632.4889790419991,651.8791521221189,631.5656374667553,650.955810546875,27100,0.0,0.0
2021-01-04 00:00:00+09:00,646.3389892578125,648.1856720842634,634.3355508858816,646.3389892578125,5900,0.0,0.0
2021-01-05 00:00:00+09:00,650.0324505974265,650.0324505974265,627.8722534179688,627.8722534179688,13400,0.0,0.0
2021-01-06 00:00:00+09:00,627.8722054617746,633.4122543334961,618.638790675572,620.4854736328125,12000,0.0,0.0
2021-01-07 00:00:00+09:00,629.7188867622818,629.7188867622818,615.8687646194163,621.4088134765625,14300,0.0,0.0
2021-01-08 00:00:00+09:00,622.3320892153407,626.0254547299718,619.5620650793674,624.1787719726562,4900,0.0,0.0
2021-01-12 00:00:00+09:00,626.0255375512585,626.0255375512585,609.4053905366234,612.1754150390625,23700,0.0,0.0
2021-01-13 00:00:00+09:00,621.4088200453685,621.4088200453685,614.0220881577565,617.7154541015625,11400,0.0,0.0
2021-01-14 00:00:00+09:00,635.2589858111213,635.2589858111213,623.2555456722484,627.8722534179688,22300,0.0,0.0
2021-01-15 00:00:00+09:00,626.0255208575177,630.6422282384729,614.9454231432253,621.4088134765625,15200,0.0,0.0
2021-01-18 00:00:00+09:00,623.2554305939985,627.8721374872873,615.8686995647363,624.1787719726562,9000,0.0,0.0
2021-01-19 00:00:00+09:00,623.2554305939985,625.1021133513141,612.1753340501052,624.1787719726562,29400,0.0,0.0
2021-01-20 00:00:00+09:00,621.4087239524532,640.7988921589935,617.7153585797789,638.9522094726562,19300,0.0,0.0
2021-01-21 00:00:00+09:00,638.9523232239733,653.7257873447588,636.182298701326,643.5690307617188,35900,0.0,0.0
2021-01-22 00:00:00+09:00,645.4156369825738,654.6490509594347,643.5689541872016,652.8023681640625,9800,0.0,0.0
2021-01-25 00:00:00+09:00,658.3424911499023,679.579345703125,651.8791006337042,679.579345703125,19700,0.0,0.0
2021-01-26 00:00:00+09:00,685.1193252954728,685.1193252954728,673.1158869816707,684.1959838867188,11900,0.0,0.0
2021-01-27 00:00:00+09:00,684.1960616209601,684.1960616209601,674.962646484375,674.962646484375,10600,0.0,0.0
2021-01-28 00:00:00+09:00,653.7257434149473,671.2692308794727,653.7257434149473,668.4992065429688,5600,0.0,0.0
2021-01-29 00:00:00+09:00,664.8058635013205,668.4992294096611,654.6491072533836,655.5724487304688,7100,0.0,0.0
2021-02-01 00:00:00+09:00,662.9591064453125,663.8824478191917,647.262303089365,662.9591064453125,8300,0.0,0.0
2021-02-02 00:00:00+09:00,662.9590839630584,678.6558867866963,659.2657185927907,676.8092041015625,9100,0.0,0.0
2021-02-03 00:00:00+09:00,682.349357030725,686.966064453125,678.6559910928049,686.966064453125,10900,0.0,0.0
2021-02-04 00:00:00+09:00,686.9660964439655,686.9660964439655,666.6525828394396,669.422607421875,24300,0.0,0.0
2021-02-05 00:00:00+09:00,677.7326161464601,677.7326161464601,666.6525188797606,671.2692260742188,7400,0.0,0.0
2021-02-08 00:00:00+09:00,670.3458689219916,694.3527457704375,670.3458689219916,680.5026245117188,27600,0.0,0.0
2021-02-09 00:00:00+09:00,685.1193052742146,698.0460846190111,685.1193052742146,696.1994018554688,9600,0.0,0.0
2021-02-10 00:00:00+09:00,698.9695104650549,719.2830233187289,695.2761444916596,717.4363403320312,28200,0.0,0.0
2021-02-12 00:00:00+09:00,720.2064089550905,726.6697998046875,713.7430181054935,726.6697998046875,21900,0.0,0.0
2021-02-15 00:00:00+09:00,784.8402466525921,809.7704662521451,768.2201002528902,798.6903686523438,84300,0.0,0.0
2021-02-16 00:00:00+09:00,810.6937357696298,850.3974153118783,798.6902977684849,841.1640014648438,106500,0.0,0.0
2021-02-17 00:00:00+09:00,854.090891309869,854.090891309869,842.0874517563249,848.5508422851562,29100,0.0,0.0
2021-02-18 00:00:00+09:00,851.3208365885416,851.3208365885416,815.3105192057292,831.00732421875,66500,0.0,0.0
2021-02-19 00:00:00+09:00,828.2372594788217,831.0072837580151,804.230382392479,819.0038452148438,23100,0.0,0.0
2021-02-22 00:00:00+09:00,812.5405831947197,819.9273157692171,805.1538506202222,815.3106079101562,22200,0.0,0.0
2021-02-24 00:00:00+09:00,807.0005337638466,821.7739989128415,799.6138011893491,815.3106079101562,23100,0.0,0.0
2021-02-25 00:00:00+09:00,834.7006382611507,837.4706625031678,819.0038342230539,825.4672241210938,18500,0.0,0.0
2021-02-26 00:00:00+09:00,812.5404647151674,816.2338304638728,794.9969774088172,813.4638061523438,33900,0.0,0.0
2021-03-01 00:00:00+09:00,803.3070503434042,825.467244835636,803.3070503434042,813.4638061523438,21800,0.0,0.0
2021-03-02 00:00:00+09:00,826.3905273715249,833.7772583424435,811.6170654296875,811.6170654296875,15900,0.0,0.0
2021-03-03 00:00:00+09:00,815.310477935516,819.9271850585938,803.3070394155142,819.9271850585938,15000,0.0,0.0
2021-03-04 00:00:00+09:00,825.4672546037947,825.4672546037947,798.690352608817,807.9237670898438,13600,0.0,0.0
2021-03-05 00:00:00+09:00,805.1536788679447,809.7703857421875,784.8401686212763,809.7703857421875,28100,0.0,0.0
2021-03-08 00:00:00+09:00,810.6937441924979,810.6937441924979,790.3802335179706,799.6136474609375,14400,0.0,0.0
2021-03-09 00:00:00+09:00,807.0003912510016,830.0839264698517,794.9969529371995,828.2372436523438,22500,0.0,0.0
2021-03-10 00:00:00+09:00,826.3906201063126,829.16064453125,811.6171565066467,829.16064453125,9200,0.0,0.0
2021-03-11 00:00:00+09:00,830.083984375,833.7773502676584,825.4672770091769,830.083984375,7100,0.0,0.0
2021-03-12 00:00:00+09:00,831.0072678786057,831.0072678786057,820.8505123823116,828.2372436523438,6400,0.0,0.0
2021-03-15 00:00:00+09:00,823.620671653104,828.23737945385,812.5405729313132,820.8506469726562,17000,0.0,0.0
2021-03-16 00:00:00+09:00,812.5405174238149,818.08056640625,812.5405174238149,818.08056640625,25700,0.0,0.0
2021-03-17 00:00:00+09:00,817.1572249091774,819.0039079033224,806.0771269443072,818.08056640625,30400,0.0,0.0
2021-03-18 00:00:00+09:00,818.0805697203762,818.0805697203762,808.8471547122455,816.23388671875,16900,0.0,0.0
2021-03-19 00:00:00+09:00,817.1572246551514,886.4078369140625,814.3872001647949,886.4078369140625,113900,0.0,0.0
2021-03-22 00:00:00+09:00,912.2612447486733,993.5152827424823,905.7978553628021,978.7418212890625,151800,0.0,0.0
2021-03-23 00:00:00+09:00,961.1984510170541,999.9787919802783,904.8746224752288,946.4249877929688,65800,0.0,0.0
2021-03-24 00:00:00+09:00,928.8815540190666,932.5749200390231,869.7876976997621,915.9547729492188,84200,0.0,0.0
2021-03-25 00:00:00+09:00,941.8082789370887,982.435302734375,915.0313768888774,947.3483276367188,62900,0.0,0.0
2021-03-26 00:00:00+09:00,947.3482528023098,990.745297521324,906.7212322142965,955.6583251953125,49000,0.0,0.0
2021-03-29 00:00:00+09:00,983.3586695639952,987.0520354590714,928.8815226116237,933.4982299804688,24300,0.0,0.0
2021-03-30 00:00:00+09:00,931.6368311392577,1042.3908600159527,931.6368311392577,1020.984619140625,61300,8.0,0.0
2021-03-31 00:00:00+09:00,1007.9544780027933,1031.2221252327747,987.4789484404097,999.578125,75700,0.0,0.0
2021-04-01 00:00:00+09:00,993.9940338134766,1013.5388603210449,979.1027374267578,997.7168579101562,35300,0.0,0.0
2021-04-02 00:00:00+09:00,995.8554931404968,995.8554931404968,958.6272504062727,964.2114868164062,39000,0.0,0.0
2021-04-05 00:00:00+09:00,964.2115188079998,1051.6978921361388,963.2808127087643,1040.5294189453125,97400,0.0,0.0
2021-04-06 00:00:00+09:00,1024.7074014632428,1045.1829353707735,999.5783371221823,1021.915283203125,86100,0.0,0.0
2021-04-07 00:00:00+09:00,1018.1924873146618,1020.0538995400999,993.0634222712468,1002.3704833984375,29000,0.0,0.0
2021-04-08 00:00:00+09:00,1004.2317729234471,1004.2317729234471,966.0728269643541,987.4790649414062,28800,0.0,0.0
2021-04-09 00:00:00+09:00,994.924755461828,1021.915230586611,969.7956924146163,971.6571044921875,39800,0.0,0.0
2021-04-12 00:00:00+09:00,973.5184712804349,999.5782391540986,973.5184712804349,990.2711791992188,19200,0.0,0.0
2021-04-13 00:00:00+09:00,980.0334284064475,997.7168425942182,979.1027223965648,993.9940185546875,11900,0.0,0.0
2021-04-14 00:00:00+09:00,988.4098849953506,999.5783582721342,976.3107056121682,993.0634155273438,11500,0.0,0.0
2021-04-15 00:00:00+09:00,983.7562560162394,986.5483740560206,967.9342537908127,976.3106079101562,8700,0.0,0.0
2021-04-16 00:00:00+09:00,976.3106543538174,976.3106543538174,941.8745302250364,957.696533203125,18000,0.0,0.0
2021-04-19 00:00:00+09:00,959.557973347013,963.2807976858957,931.6367908053928,938.1517333984375,22100,0.0,0.0
2021-04-20 00:00:00+09:00,930.7061187491929,932.5675309866914,893.4778739992253,900.9235229492188,32700,0.0,0.0
2021-04-21 00:00:00+09:00,882.3093184944968,909.2997934273453,882.3093184944968,887.8935546875,24800,0.0,0.0
2021-04-22 00:00:00+09:00,893.477783203125,921.3989639282227,893.477783203125,908.3690795898438,17500,0.0,0.0
2021-04-23 00:00:00+09:00,903.7155378087496,928.8446001371082,886.9628295898438,886.9628295898438,15000,0.0,0.0
2021-04-26 00:00:00+09:00,891.6163524138622,908.3690604967949,891.6163524138622,907.4383544921875,4800,0.0,0.0
2021-04-27 00:00:00+09:00,899.0620687856763,906.5077173884562,894.4085384089389,901.8541870117188,3600,0.0,0.0
2021-04-28 00:00:00+09:00,901.8541805392738,902.7848866079418,877.6558227539062,877.6558227539062,12200,0.0,0.0
2021-04-30 00:00:00+09:00,872.0715902774892,881.378651006171,862.7645295488073,874.8637084960938,7800,0.0,0.0
2021-05-06 00:00:00+09:00,877.6558033220454,895.339218235215,877.6558033220454,891.6163940429688,8800,0.0,0.0
2021-05-07 00:00:00+09:00,894.40848150956,903.7155416709498,884.1707153320312,884.1707153320312,6800,0.0,0.0
2021-05-10 00:00:00+09:00,880.4479883367366,922.3297636804502,880.4479883367366,900.9235229492188,55400,0.0,0.0
2021-05-11 00:00:00+09:00,895.3391990860927,899.0620231987167,884.1707267482203,890.6856689453125,21500,0.0,0.0
2021-05-12 00:00:00+09:00,883.2399939764882,883.2399939764882,836.704693977727,880.4478759765625,53700,0.0,0.0
2021-05-13 00:00:00+09:00,863.6952745342873,865.556686763887,839.4969155494904,861.8338623046875,21400,0.0,0.0
2021-05-14 00:00:00+09:00,914.8840880628185,963.2808048270774,889.7550235890686,947.4588012695312,205000,0.0,0.0
2021-05-17 00:00:00+09:00,959.5578281580583,1046.113480940502,949.3200627751887,1017.2615966796875,135100,0.0,0.0
2021-05-18 00:00:00+09:00,1027.4995126163258,1028.4302186965942,989.340563325321,1012.6082153320312,46800,0.0,0.0
2021-05-19 00:00:00+09:00,999.5783757846733,1016.331085993355,993.0634329257416,1008.8854370117188,25400,0.0,0.0
2021-05-20 00:00:00+09:00,1010.7468101626537,1021.9152832031249,1006.0932797291239,1021.915283203125,20300,0.0,0.0
2021-05-21 00:00:00+09:00,1015.4003689765045,1019.1231934273808,1002.3704833984375,1002.3704833984375,17900,0.0,0.0
2021-05-24 00:00:00+09:00,1000.5090248848754,1114.9858714530983,1000.5090248848754,1092.64892578125,110300,0.0,0.0
2021-05-25 00:00:00+09:00,1070.312079067888,1104.7482068292024,1070.312079067888,1079.619140625,38800,0.0,0.0
2021-05-26 00:00:00+09:00,1075.896218000903,1081.4804544265132,1058.2128026531373,1062.8663330078125,11900,0.0,0.0
2021-05-27 00:00:00+09:00,1087.0646748402296,1087.0646748402296,1051.697844665633,1074.0347900390625,18900,0.0,0.0
2021-05-28 00:00:00+09:00,1088.926071245511,1088.926071245511,1061.935595975323,1085.2032470703125,16600,0.0,0.0
2021-05-31 00:00:00+09:00,1087.9953008595398,1114.0550685447981,1087.0645948707806,1102.8865966796875,27900,0.0,0.0
2021-06-01 00:00:00+09:00,1102.8866738044917,1102.8866738044917,1076.826904296875,1076.826904296875,8000,0.0,0.0
2021-06-02 00:00:00+09:00,1101.025502293823,1161.5214090132636,1092.6491459788233,1157.798583984375,115500,0.0,0.0
2021-06-03 00:00:00+09:00,1158.728900733852,1160.5903126225812,1095.4408965170633,1112.193603515625,80600,0.0,0.0
2021-06-04 00:00:00+09:00,1117.7780329688428,1198.7494641664193,1111.2630902288079,1175.4818115234375,68500,0.0,0.0
2021-06-07 00:00:00+09:00,1163.3825150747148,1181.0659293038505,1144.7683948335193,1172.6895751953125,43300,0.0,0.0
2021-06-08 00:00:00+09:00,1181.0659293038505,1181.0659293038505,1156.8675729902964,1172.6895751953125,58700,0.0,0.0
2021-06-09 00:00:00+09:00,1172.6896210688694,1172.6896210688694,1138.2534972755773,1168.966796875,45600,0.0,0.0
2021-06-10 00:00:00+09:00,1165.2440306340507,1208.0565109928098,1127.0850807490697,1156.86767578125,106200,0.0,0.0
2021-06-11 00:00:00+09:00,1142.907115775998,1142.907115775998,1098.2332219997375,1107.540283203125,67800,0.0,0.0
2021-06-14 00:00:00+09:00,1115.916454713736,1130.8077501894822,1088.9259816639458,1122.431396484375,29300,0.0,0.0
2021-06-15 00:00:00+09:00,1116.8473433462532,1116.8473433462532,1067.519919015127,1080.5498046875,83600,0.0,0.0
2021-06-16 00:00:00+09:00,1087.0646250261943,1112.1936874197793,1070.3119167638044,1110.332275390625,20700,0.0,0.0
2021-06-17 00:00:00+09:00,1110.33228319688,1170.8281745697193,1102.8866350279152,1164.313232421875,79600,0.0,0.0
2021-06-18 00:00:00+09:00,1168.03604432173,1170.828162355965,1111.262977625614,1113.1243896484375,69900,0.0,0.0
2021-06-21 00:00:00+09:00,1090.7874287683824,1196.887912454044,1089.8567227711396,1186.650146484375,125400,0.0,0.0
2021-06-22 00:00:00+09:00,1180.1351874231752,1237.8389584170527,1132.669182250792,1230.393310546875,122700,0.0,0.0
2021-06-23 00:00:00+09:00,1247.1460481616557,1247.1460481616557,1178.2738037109375,1178.2738037109375,76500,0.0,0.0
2021-06-24 00:00:00+09:00,1176.4124550081044,1222.9477578169694,1147.5605672666081,1220.1556396484375,152700,0.0,0.0
2021-06-25 00:00:00+09:00,1245.2847190067685,1296.4735527477044,1217.363536966258,1295.5428466796875,158000,0.0,0.0
2021-06-28 00:00:00+09:00,1295.5428972457628,1382.0985649496822,1277.8594812632416,1372.79150390625,144700,0.0,0.0
2021-06-29 00:00:00+09:00,1394.1976816956426,1441.6636908855476,1353.2466149435677,1387.6827392578125,159400,0.0,0.0
2021-06-30 00:00:00+09:00,1382.0984142452644,1382.0984142452644,1306.7112280137046,1332.77099609375,126600,0.0,0.0
2021-07-01 00:00:00+09:00,1355.108104686362,1355.108104686362,1277.8594970703125,1277.8594970703125,81000,0.0,0.0
2021-07-02 00:00:00+09:00,1286.235725402832,1333.701732635498,1286.235725402832,1310.43408203125,121600,0.0,0.0
2021-07-05 00:00:00+09:00,1298.3352008970123,1303.9194383202253,1239.7007079532764,1249.9384765625,91900,0.0,0.0
2021-07-06 00:00:00+09:00,1228.532024438495,1257.3839128912173,1211.7793150143336,1227.601318359375,93400,0.0,0.0
2021-07-07 00:00:00+09:00,1210.8486344645794,1248.0768784142974,1197.818749082178,1237.839111328125,48000,0.0,0.0
2021-07-08 00:00:00+09:00,1265.7602404673166,1289.0278919464952,1209.917876917288,1217.363525390625,81000,0.0,0.0
2021-07-09 00:00:00+09:00,1189.442427559682,1270.4138604217262,1178.273954061469,1269.483154296875,96900,0.0,0.0
2021-07-12 00:00:00+09:00,1284.3743524650586,1293.6814129901677,1240.6311679970456,1252.7303466796875,62800,0.0,0.0
2021-07-13 00:00:00+09:00,1256.4533061365928,1299.2657891605063,1252.7304815258176,1298.3350830078125,44100,0.0,0.0
2021-07-14 00:00:00+09:00,1312.295482692032,1326.2560729334366,1302.9884225310955,1318.8104248046875,37100,0.0,0.0
2021-07-15 00:00:00+09:00,1315.0876082433488,1316.9490202861562,1275.9979553443957,1283.443603515625,33200,0.0,0.0
2021-07-16 00:00:00+09:00,1265.760144104754,1298.3348536956853,1247.1460243385077,1287.1663818359375,29000,0.0,0.0
2021-07-19 00:00:00+09:00,1302.9885674477307,1376.5143508965668,1263.8989104242987,1302.057861328125,193000,0.0,0.0
2021-07-20 00:00:00+09:00,1266.690764964079,1275.0671182959502,1217.3633508986152,1226.67041015625,95600,0.0,0.0
2021-07-21 00:00:00+09:00,1263.8988042632918,1263.8988042632918,1218.294208233173,1234.1162109375,38800,0.0,0.0
2021-07-26 00:00:00+09:00,1250.8688591703058,1280.651451055313,1239.700387213428,1278.7900390625,57800,0.0,0.0
2021-07-27 00:00:00+09:00,1275.9979783505926,1275.9979783505926,1256.4531515487233,1266.69091796875,28900,0.0,0.0
2021-07-28 00:00:00+09:00,1247.1460838746489,1256.4531442020716,1230.393375285288,1242.4925537109375,21700,0.0,0.0
2021-07-29 00:00:00+09:00,1233.1854897655353,1238.7697259456056,1207.125720925207,1215.5020751953125,20900,0.0,0.0
2021-07-30 00:00:00+09:00,1211.7793371812352,1225.7399286234154,1166.1747384701134,1183.858154296875,73500,0.0,0.0
2021-08-02 00:00:00+09:00,1183.858125,1242.492607606132,1183.858125,1233.185546875,80400,0.0,0.0
2021-08-03 00:00:00+09:00,1210.848582976455,1237.8390586923022,1204.3336405622852,1217.363525390625,17700,0.0,0.0
2021-08-04 00:00:00+09:00,1203.4029048113416,1216.432789318193,1180.13525390625,1180.13525390625,14900,0.0,0.0
2021-08-05 00:00:00+09:00,1177.343135797639,1194.095844449305,1172.6896056166206,1180.13525390625,18400,0.0,0.0
2021-08-06 00:00:00+09:00,1188.5117364654195,1231.32421875,1186.6503241921769,1231.32421875,25800,0.0,0.0
2021-08-10 00:00:00+09:00,1232.2548569523085,1391.4055975405597,1209.9179109048346,1335.563232421875,209300,0.0,0.0
2021-08-11 00:00:00+09:00,1349.5237884030848,1467.7234581459757,1312.295545964379,1447.2479248046875,355000,0.0,0.0
2021-08-12 00:00:00+09:00,1448.178689994064,1521.7044718125287,1411.8811521343157,1518.912353515625,179600,0.0,0.0
2021-08-13 00:00:00+09:00,1535.6649515148451,1537.5263635772874,1467.7234112357035,1510.535888671875,101300,0.0,0.0
2021-08-16 00:00:00+09:00,1406.296760391793,1447.2478242284833,1308.5726307815096,1400.7125244140625,152900,0.0,0.0
2021-08-17 00:00:00+09:00,1385.8214034002447,1385.8214034002447,1289.0279675683942,1307.64208984375,117700,0.0,0.0
2021-08-18 00:00:00+09:00,1306.7112771586728,1320.6718677266074,1250.8689148869346,1296.4735107421875,65600,0.0,0.0
2021-08-19 00:00:00+09:00,1288.097273599794,1324.3948123789792,1284.3744491096213,1299.2657470703125,42100,0.0,0.0
2021-08-20 00:00:00+09:00,1291.8199774481513,1293.6813895194023,1218.2942006337394,1239.700439453125,100700,0.0,0.0
2021-08-23 00:00:00+09:00,1264.8294591240706,1409.0888897084935,1223.8783949581698,1392.336181640625,183500,0.0,0.0
2021-08-24 00:00:00+09:00,1387.68292932925,1497.5062597523565,1324.39490840746,1369.99951171875,176700,0.0,0.0
2021-08-25 00:00:00+09:00,1397.92047680907,1523.5657926341194,1397.92047680907,1496.5753173828125,275100,0.0,0.0
2021-08-26 00:00:00+09:00,1494.7140395669658,1526.3580478766025,1451.9015577362804,1488.1990966796875,122200,0.0,0.0
2021-08-27 00:00:00+09:00,1458.4164699891464,1503.0903631349531,1443.5251722738776,1453.762939453125,70700,0.0,0.0
2021-08-30 00:00:00+09:00,1451.9014453125,1521.7043994140624,1450.9707392578125,1512.3973388671875,62300,0.0,0.0
2021-08-31 00:00:00+09:00,1507.7439337261653,1507.7439337261653,1463.070039393538,1482.6148681640625,35300,0.0,0.0
2021-09-01 00:00:00+09:00,1501.2288641966213,1501.2288641966213,1444.4557949368607,1455.624267578125,49700,0.0,0.0
2021-09-02 00:00:00+09:00,1486.3376534918555,1622.2207451698837,1464.0007069146454,1621.2900390625,261800,0.0,0.0
2021-09-03 00:00:00+09:00,1622.2206787413222,1622.2206787413222,1469.5848833806929,1495.6446533203125,333300,0.0,0.0
2021-09-06 00:00:00+09:00,1504.951587444803,1541.2491210937499,1433.2872261379075,1498.4366455078125,125300,0.0,0.0
2021-09-07 00:00:00+09:00,1498.436814266372,1674.3402663759025,1463.0699826253024,1635.2506103515625,376800,0.0,0.0
2021-09-08 00:00:00+09:00,1624.08195110636,1660.3794846840954,1598.9528893986972,1623.1512451171875,122800,0.0,0.0
2021-09-09 00:00:00+09:00,1605.4679220173216,1633.3891032697968,1582.2002709735923,1615.7056884765625,65000,0.0,0.0
2021-09-10 00:00:00+09:00,1628.7357432134174,1650.1419844099366,1601.7452651830238,1638.9735107421875,46000,0.0,0.0
2021-09-13 00:00:00+09:00,1637.1120706576132,1714.3606788807979,1600.8145318539482,1685.5087890625,142100,0.0,0.0
2021-09-14 00:00:00+09:00,1664.1023934813657,1753.4501729971437,1648.2803908587798,1710.6376953125,123800,0.0,0.0
2021-09-15 00:00:00+09:00,1677.132330763001,1707.845630937906,1638.0426759949398,1701.3306884765625,131400,0.0,0.0
2021-09-16 00:00:00+09:00,1722.7368051836568,1799.0546971474926,1704.1226851924773,1731.1131591796875,178800,0.0,0.0
2021-09-17 00:00:00+09:00,1736.697600667629,1744.1432495450895,1678.9938218673112,1702.261474609375,110700,0.0,0.0
2021-09-21 00:00:00+09:00,1647.3497393342104,1669.6866849523012,1571.0318418057327,1641.7655029296875,115900,0.0,0.0
2021-09-22 00:00:00+09:00,1707.8455178556153,1819.530238369334,1693.8849277914005,1785.0941162109375,338500,0.0,0.0
2021-09-24 00:00:00+09:00,1832.560339506328,1861.412229056707,1754.3810258859464,1807.4312744140625,275400,0.0,0.0
2021-09-27 00:00:00+09:00,1813.0154685745697,1928.4230240690495,1791.609228442529,1865.135009765625,221700,0.0,0.0
2021-09-28 00:00:00+09:00,1856.7584874079776,1868.857665521413,1815.8074230240422,1839.0750732421875,90300,0.0,0.0
2021-09-29 00:00:00+09:00,1834.3932656572913,1919.604999794511,1807.23787785532,1869.039794921875,116400,12.0,0.0
2021-09-30 00:00:00+09:00,1865.2941728013511,1865.2941728013511,1661.1605735690748,1784.764404296875,299900,0.0,0.0
2021-10-01 00:00:00+09:00,1784.7644644768422,1856.866701499254,1760.4182545731708,1804.4287109375,128600,0.0,0.0
2021-10-04 00:00:00+09:00,1810.9832951376734,1866.2304587432177,1769.7820205843861,1839.0750732421875,105000,0.0,0.0
2021-10-05 00:00:00+09:00,1808.174247154208,1841.884383300014,1664.906168534532,1787.5736083984375,234000,0.0,0.0
2021-10-06 00:00:00+09:00,1825.029131849404,1946.7601668111392,1782.8914659011107,1833.4566650390625,293500,0.0,0.0
2021-10-07 00:00:00+09:00,1833.456769883209,1928.0324255309129,1827.8384141021572,1844.6934814453125,169200,0.0,0.0
2021-10-08 00:00:00+09:00,1888.7040288152698,2004.816720720621,1886.8312434619577,1986.0888671875,263500,0.0,0.0
2021-10-11 00:00:00+09:00,1980.4706167189356,2022.6082894150832,1936.460158569626,1971.106689453125,167500,0.0,0.0
2021-10-12 00:00:00+09:00,1993.579929986401,2035.7175987742771,1943.0147274409499,2003.8802490234375,198300,0.0,0.0
2021-10-13 00:00:00+09:00,2013.2443567034843,2111.5655927285384,1985.1525749820403,2036.6541748046875,243600,0.0,0.0
2021-10-14 00:00:00+09:00,2037.5904669857634,2060.063891253989,1817.5381876927238,1907.431884765625,463300,0.0,0.0
2021-10-15 00:00:00+09:00,1926.1597288264784,1943.951189617778,1844.6935662557912,1932.7144775390625,150900,0.0,0.0
2021-10-18 00:00:00+09:00,1958.9335544808202,1958.9335544808202,1713.598663814484,1769.7822265625,456800,0.0,0.0
2021-10-19 00:00:00+09:00,1778.2098004794614,1807.237975210827,1704.2347745511424,1721.08984375,301300,0.0,0.0
2021-10-20 00:00:00+09:00,1738.8811119890522,1766.0364982290537,1667.7152721876694,1726.7080078125,196500,0.0,0.0
2021-10-21 00:00:00+09:00,1722.96256493293,1816.6018347662414,1715.471423346265,1780.08251953125,154700,0.0,0.0
2021-10-22 00:00:00+09:00,1749.1815973794785,1765.1002735868935,1713.5986740923158,1744.4996337890625,86800,0.0,0.0
2021-10-25 00:00:00+09:00,1722.9625955099589,1746.3724133837354,1697.67999220628,1704.2347412109375,67100,0.0,0.0
2021-10-26 00:00:00+09:00,1720.1533456022275,1764.1638013688603,1720.1533456022275,1749.1815185546875,35500,0.0,0.0
2021-10-27 00:00:00+09:00,1753.8633940525012,1781.9551729214681,1720.153259409741,1726.7080078125,45700,0.0,0.0
2021-10-28 00:00:00+09:00,1696.7433833504865,1737.0082649642122,1674.2699610544535,1720.1531982421875,60200,0.0,0.0
2021-10-29 00:00:00+09:00,1735.1356548253862,1760.4182574591075,1714.5350156423542,1738.8812255859375,42600,0.0,0.0
2021-11-01 00:00:00+09:00,1732.32645899169,1790.3828051849252,1732.32645899169,1750.117919921875,101200,0.0,0.0
2021-11-02 00:00:00+09:00,1740.7538346014896,1784.7642865790422,1679.88831590913,1707.043701171875,147000,0.0,0.0
2021-11-04 00:00:00+09:00,1719.2169896600528,1729.517309314879,1669.5881767777094,1700.4891357421875,90900,0.0,0.0
2021-11-05 00:00:00+09:00,1685.506868987104,1723.8989698918106,1684.5704762821113,1715.471435546875,63100,0.0,0.0
2021-11-08 00:00:00+09:00,1727.644471447877,1727.644471447877,1661.160592058826,1668.6517333984375,72800,0.0,0.0
2021-11-09 00:00:00+09:00,1652.7330863218615,1660.2242277896091,1584.3764204286626,1605.9134521484375,159100,0.0,0.0
2021-11-10 00:00:00+09:00,1621.8321792822408,1657.415102384276,1610.595466723703,1624.641357421875,130200,0.0,0.0
2021-11-11 00:00:00+09:00,1491.6736485453105,1521.638216501023,1357.7694854932204,1458.89990234375,353200,0.0,0.0
2021-11-12 00:00:00+09:00,1493.546282000456,1521.6380615992105,1456.090575868783,1508.528564453125,119700,0.0,0.0
2021-11-15 00:00:00+09:00,1535.6839337116837,1554.4117865618261,1499.1646206539058,1519.7652587890625,64900,0.0,0.0
2021-11-16 00:00:00+09:00,1534.7474791271852,1543.1750125696162,1502.9101305668896,1513.21044921875,58200,0.0,0.0
2021-11-17 00:00:00+09:00,1517.8926514287225,1517.8926514287225,1481.3733340902154,1486.0552978515625,73500,0.0,0.0
2021-11-18 00:00:00+09:00,1471.0727353013215,1478.5638759012008,1442.0445654767886,1456.0904541015625,69000,0.0,0.0
2021-11-19 00:00:00+09:00,1438.2989920687378,1447.6629177983518,1398.0341114313967,1416.761962890625,96900,0.0,0.0
2021-11-22 00:00:00+09:00,1398.9707376762767,1414.889414075538,1362.451421230912,1402.71630859375,67200,0.0,0.0
2021-11-24 00:00:00+09:00,1405.5253555578306,1416.7620672611577,1354.9601528928588,1375.560791015625,73100,0.0,0.0
2021-11-25 00:00:00+09:00,1403.6524625528161,1403.6524625528161,1348.4053009179822,1364.323974609375,45100,0.0,0.0
2021-11-26 00:00:00+09:00,1358.7057320731028,1358.7057320731028,1300.6493879045759,1337.168701171875,86900,0.0,0.0
2021-11-29 00:00:00+09:00,1290.3489716674894,1315.631571257491,1268.8119423871178,1274.4302978515625,140100,0.0,0.0
2021-11-30 00:00:00+09:00,1288.476328417603,1323.122857597437,1247.275050474017,1250.084228515625,111300,0.0,0.0
2021-12-01 00:00:00+09:00,1254.7661828287278,1288.476319083828,1234.1655440061666,1262.25732421875,72300,0.0,0.0
2021-12-02 00:00:00+09:00,1234.16554548423,1254.766184331463,1207.0101579128775,1209.8193359375,104300,0.0,0.0
2021-12-03 00:00:00+09:00,1215.4376569475446,1307.204136439732,1214.5012642996653,1297.8402099609375,130000,0.0,0.0
2021-12-06 00:00:00+09:00,1290.349042714547,1325.9319626152385,1277.2395459090292,1295.031005859375,64500,0.0,0.0
2021-12-07 00:00:00+09:00,1317.504447371305,1451.408595185162,1290.3490607517117,1401.77978515625,355400,0.0,0.0
2021-12-08 00:00:00+09:00,1416.7622152802667,1522.5745948748934,1416.7622152802667,1510.4014892578125,228200,0.0,0.0
2021-12-09 00:00:00+09:00,1509.4649897458064,1631.1960373059521,1460.772570721748,1590.93115234375,299100,0.0,0.0
2021-12-10 00:00:00+09:00,1553.4755745005564,1571.2670367763312,1460.7726921162555,1499.164794921875,335700,0.0,0.0
2021-12-13 00:00:00+09:00,1507.5920983942972,1507.5920983942972,1331.5502881470127,1422.38037109375,319100,0.0,0.0
2021-12-14 00:00:00+09:00,1397.0977695600689,1441.1082220864248,1369.0059913517564,1396.161376953125,149600,0.0,0.0
2021-12-15 00:00:00+09:00,1409.2709350585938,1516.956089564732,1386.7975115094866,1481.3731689453125,201600,0.0,0.0
2021-12-16 00:00:00+09:00,1512.274217927054,1616.2138081375203,1490.7371857212818,1583.4400634765625,333000,0.0,0.0
2021-12-17 00:00:00+09:00,1508.528486195177,1565.648435082766,1454.2177151217318,1513.21044921875,209600,0.0,0.0
2021-12-20 00:00:00+09:00,1516.019669612095,1528.1927738152804,1406.4617317834259,1452.344970703125,186500,0.0,0.0
2021-12-21 00:00:00+09:00,1488.864410260126,1497.2919446578248,1410.2074225482704,1426.1260986328125,144100,0.0,0.0
2021-12-22 00:00:00+09:00,1462.645400059076,1534.7476380901574,1441.1083679199219,1516.9561767578125,162600,0.0,0.0
2021-12-23 00:00:00+09:00,1509.4648250876214,1509.4648250876214,1450.4720930897802,1494.4825439453125,150100,0.0,0.0
2021-12-24 00:00:00+09:00,1494.4827330807607,1562.839399443477,1492.6099477009602,1554.411865234375,113900,0.0,0.0
2021-12-27 00:00:00+09:00,1555.3481370721945,1632.1323316778055,1555.3481370721945,1593.740234375,149500,0.0,0.0
2021-12-28 00:00:00+09:00,1612.4681572094298,1634.005188345212,1557.2209903828582,1601.2314453125,123100,0.0,0.0
2021-12-29 00:00:00+09:00,1599.3586689056053,1613.4045588550107,1528.1928264952858,1589.058349609375,195400,0.0,0.0
2021-12-30 00:00:00+09:00,1577.8217648962557,1623.7050090979867,1546.9208045154983,1616.2138671875,69600,0.0,0.0
2022-01-04 00:00:00+09:00,1636.8143919159545,1648.051103988604,1583.440009570869,1643.369140625,98500,0.0,0.0
2022-01-05 00:00:00+09:00,1671.460903314697,1703.2982538540243,1612.4681655506488,1628.3868408203125,120400,0.0,0.0
2022-01-06 00:00:00+09:00,1553.4754028320312,1609.6589617047991,1531.9383719308037,1560.0301513671875,106600,0.0,0.0
2022-01-07 00:00:00+09:00,1575.94873429868,1648.987356565642,1575.94873429868,1641.4962158203125,178100,0.0,0.0
2022-01-11 00:00:00+09:00,1604.040586910972,1617.1500838267652,1472.945617753041,1479.5003662109375,212100,0.0,0.0
2022-01-12 00:00:00+09:00,1482.309613288565,1516.9561424683989,1420.507696373186,1500.10107421875,160500,0.0,0.0
2022-01-13 00:00:00+09:00,1462.6453515944138,1472.0092783011642,1423.3168594260621,1432.6807861328125,130000,0.0,0.0
2022-01-14 00:00:00+09:00,1407.398240018482,1416.76216709778,1351.2146775426943,1359.6422119140625,212500,0.0,0.0
2022-01-17 00:00:00+09:00,1378.3700125084804,1437.362750815569,1369.9424784646105,1380.2427978515625,93400,0.0,0.0
2022-01-18 00:00:00+09:00,1404.5888594421267,1461.708806392773,1395.2249337125124,1416.761962890625,142600,0.0,0.0
2022-01-19 00:00:00+09:00,1384.9247897401149,1393.3523239576002,1317.504516000231,1330.614013671875,152000,0.0,0.0
2022-01-20 00:00:00+09:00,1333.4230303141824,1399.9069033143978,1318.4407490746971,1391.4793701171875,92600,0.0,0.0
2022-01-21 00:00:00+09:00,1357.7694523867053,1369.0061650961127,1321.2501360811318,1362.451416015625,69500,0.0,0.0
2022-01-24 00:00:00+09:00,1339.0415893722598,1387.7340108039782,1315.6317713762412,1361.5150146484375,60700,0.0,0.0
2022-01-25 00:00:00+09:00,1367.1333488668765,1367.1333488668765,1286.6035762623892,1293.1583251953125,89400,0.0,0.0
2022-01-26 00:00:00+09:00,1278.1760665173183,1337.1688080488868,1278.1760665173183,1309.0770263671875,41900,0.0,0.0
2022-01-27 00:00:00+09:00,1295.967351639325,1315.6315961367425,1215.4375884594247,1237.9110107421875,94400,0.0,0.0
2022-01-28 00:00:00+09:00,1261.3209234068481,1261.3209234068481,1218.2468606921377,1235.1019287109375,39100,0.0,0.0
2022-01-31 00:00:00+09:00,1242.5928877105605,1332.4865706195383,1242.5928877105605,1319.3770751953125,69800,0.0,0.0
2022-02-01 00:00:00+09:00,1354.9602224324965,1388.6703592725587,1346.532688222481,1356.8330078125,63200,0.0,0.0
2022-02-02 00:00:00+09:00,1394.2885261520773,1452.3448650516266,1379.306245145742,1441.108154296875,85400,0.0,0.0
2022-02-03 00:00:00+09:00,1416.76201544756,1423.3167637014483,1382.115488962722,1422.38037109375,62300,0.0,0.0
2022-02-04 00:00:00+09:00,1395.2250366618655,1436.4263129122828,1383.0519323151511,1401.77978515625,56900,0.0,0.0
2022-02-07 00:00:00+09:00,1429.871442350794,1452.3448638415728,1364.3239630026897,1427.9986572265625,76700,0.0,0.0
2022-02-08 00:00:00+09:00,1417.6984433555972,1468.2636454303674,1417.6984433555972,1452.344970703125,84700,0.0,0.0
2022-02-09 00:00:00+09:00,1460.7725830078125,1532.874819476788,1412.080163574219,1460.7725830078125,194800,0.0,0.0
2022-02-10 00:00:00+09:00,1446.7266574022246,1535.6839599609375,1433.6171601830458,1535.6839599609375,100500,0.0,0.0
2022-02-14 00:00:00+09:00,1482.309561593192,1506.655770438058,1413.9528982979912,1428.9351806640625,171100,0.0,0.0
2022-02-15 00:00:00+09:00,1466.390954681168,1541.302369990551,1344.659904803421,1501.973876953125,193100,0.0,0.0
2022-02-16 00:00:00+09:00,1501.9737740962464,1585.3127179207888,1501.9737740962464,1582.5035400390625,134900,0.0,0.0
2022-02-17 00:00:00+09:00,1582.5035572052002,1597.4858394035925,1526.3199989612285,1558.1573486328125,93200,0.0,0.0
2022-02-18 00:00:00+09:00,1520.7016260764517,1563.7756869135924,1486.9914915082545,1556.2845458984375,55500,0.0,0.0
2022-02-21 00:00:00+09:00,1556.2845120141515,1580.630719783326,1540.3658377035374,1578.7579345703125,69400,0.0,0.0
2022-02-22 00:00:00+09:00,1509.4649918972525,1538.4931648183533,1486.0551750253967,1512.274169921875,85200,0.0,0.0
2022-02-24 00:00:00+09:00,1481.3731602970709,1500.1010131453272,1444.8538472429711,1493.5462646484375,76400,0.0,0.0
2022-02-25 00:00:00+09:00,1498.2282194050554,1547.857029172848,1498.2282194050554,1518.828857421875,57600,0.0,0.0
2022-02-28 00:00:00+09:00,1535.6839511004048,1583.4399764090151,1497.2918523228948,1560.966552734375,134500,0.0,0.0
2022-03-01 00:00:00+09:00,1589.9946900487996,1627.4503953503024,1576.8851931932734,1596.5494384765625,72700,0.0,0.0
2022-03-02 00:00:00+09:00,1562.8392951499688,1604.976963383491,1558.1573320129107,1595.613037109375,43700,0.0,0.0
2022-03-03 00:00:00+09:00,1610.595539503417,1660.2243555462549,1573.1398292824074,1592.8040771484375,69300,0.0,0.0
2022-03-04 00:00:00+09:00,1591.8676011205084,1591.8676011205084,1507.5922575317757,1531.0020751953125,77800,0.0,0.0
2022-03-07 00:00:00+09:00,1493.546220887382,1504.782932267099,1414.8892412293633,1488.8642578125,155000,0.0,0.0
2022-03-08 00:00:00+09:00,1443.9174104414521,1498.228182040417,1423.3167729383963,1436.42626953125,83700,0.0,0.0
2022-03-09 00:00:00+09:00,1437.3625950757657,1442.0445579261755,1356.8328340487196,1364.323974609375,110200,0.0,0.0
2022-03-10 00:00:00+09:00,1457.963404042895,1495.419111275853,1441.1083357880639,1486.9915771484375,122100,0.0,0.0
2022-03-11 00:00:00+09:00,1451.408519744873,1500.1009346008302,1446.726556777954,1498.2281494140625,34800,0.0,0.0
2022-03-14 00:00:00+09:00,1487.9278488914565,1530.0655161036123,1487.9278488914565,1513.21044921875,45900,0.0,0.0
2022-03-15 00:00:00+09:00,1498.2282616836428,1571.2668894407204,1498.2282616836428,1562.83935546875,45800,0.0,0.0
2022-03-16 00:00:00+09:00,1575.0126048636687,1614.3411003477793,1554.4119643719916,1604.9771728515625,57900,0.0,0.0
2022-03-17 00:00:00+09:00,1638.687177261396,1663.9697794248575,1604.9770410434473,1643.369140625,99200,0.0,0.0
2022-03-18 00:00:00+09:00,1643.3691484938822,1681.7612482592663,1640.5599704622687,1670.5245361328125,81200,0.0,0.0
2022-03-22 00:00:00+09:00,1678.0158015536724,1717.3442969025866,1643.3692699367718,1657.4151611328125,115100,0.0,0.0
2022-03-23 00:00:00+09:00,1685.506910327188,1754.7999721961946,1685.506910327188,1733.262939453125,182200,0.0,0.0
2022-03-24 00:00:00+09:00,1695.8072823717487,1760.4183825835933,1686.4433548048146,1725.7718505859375,113800,0.0,0.0
2022-03-25 00:00:00+09:00,1733.2627822833708,1741.6903160708102,1652.7330149811721,1690.188720703125,103700,0.0,0.0
2022-03-28 00:00:00+09:00,1690.188693366646,1690.188693366646,1600.295001087866,1634.9415283203125,72200,0.0,0.0
2022-03-29 00:00:00+09:00,1648.051157674553,1671.4609752551573,1615.2774130617067,1622.7685546875,41700,0.0,0.0
2022-03-30 00:00:00+09:00,1660.6614183531983,1751.6046563234818,1638.8729342561512,1737.394775390625,103300,20.0,0.0
2022-03-31 00:00:00+09:00,1737.3948273160565,1795.1816781700802,1699.5018103625982,1777.1824951171875,64000,0.0,0.0
2022-04-01 00:00:00+09:00,1760.1306125322099,1762.0252633530195,1686.2392305206315,1711.8170166015625,70900,0.0,0.0
2022-04-04 00:00:00+09:00,1709.9224795784,1807.4970033438155,1709.9224795784,1802.7603759765625,73200,0.0,0.0
2022-04-05 00:00:00+09:00,1831.1798666207903,1874.7568318895726,1819.8119626376297,1828.337890625,82200,0.0,0.0
2022-04-06 00:00:00+09:00,1802.7604163395101,1923.0707541614322,1746.8682121545228,1885.177734375,181000,0.0,0.0
2022-04-07 00:00:00+09:00,1867.1784225109013,1867.1784225109013,1798.0236661216086,1833.07470703125,73600,0.0,0.0
2022-04-08 00:00:00+09:00,1842.5479338147911,1845.3899100623203,1772.445853042403,1812.2335205078125,60900,0.0,0.0
2022-04-11 00:00:00+09:00,1802.7602564053273,1829.2853679026205,1780.971771961122,1804.6549072265625,47100,0.0,0.0
2022-04-12 00:00:00+09:00,1774.3405732207245,1774.3405732207245,1706.1331406142685,1724.13232421875,61800,0.0,0.0
2022-04-13 00:00:00+09:00,1724.1322397592905,1766.7618830500421,1724.1322397592905,1752.552001953125,41100,0.0,0.0
2022-04-14 00:00:00+09:00,1752.5519937924355,1781.9190812559846,1689.0811918550878,1700.4490966796875,136500,0.0,0.0
2022-04-15 00:00:00+09:00,1676.766010895288,1707.080424651587,1662.5561294470228,1691.9232177734375,54900,0.0,0.0
2022-04-18 00:00:00+09:00,1676.7660492245514,1735.5002272199877,1676.7660492245514,1722.2376708984375,98000,0.0,0.0
2022-04-19 00:00:00+09:00,1750.6572782872088,1796.1288959050582,1726.9741441112453,1788.55029296875,75300,0.0,0.0
2022-04-20 00:00:00+09:00,1817.917424609375,1817.917424609375,1756.34127421875,1776.235107421875,51900,0.0,0.0
2022-04-21 00:00:00+09:00,1780.024402538848,1780.024402538848,1705.1856969504665,1726.02685546875,63700,0.0,0.0
2022-04-22 00:00:00+09:00,1704.2384618050587,1704.2384618050587,1645.504284688931,1654.9775390625,78600,0.0,0.0
2022-04-25 00:00:00+09:00,1611.400615569084,1678.6607235675583,1597.1907335975752,1644.5570068359375,92900,0.0,0.0
2022-04-26 00:00:00+09:00,1662.556251196078,1662.556251196078,1622.7685802272829,1643.6097412109375,36100,0.0,0.0
2022-04-27 00:00:00+09:00,1605.7165751816306,1633.189012161139,1596.2433210507654,1622.7684326171875,45000,0.0,0.0
2022-04-28 00:00:00+09:00,1638.8730868730956,1684.344710092696,1617.0846007470373,1671.0821533203125,56900,0.0,0.0
2022-05-02 00:00:00+09:00,1671.0820607434985,1710.8697288564388,1658.766830137112,1693.81787109375,50300,0.0,0.0
2022-05-06 00:00:00+09:00,1689.0813057353294,1818.864894566367,1686.2393293375694,1791.3924560546875,194600,0.0,0.0
2022-05-09 00:00:00+09:00,1786.6558476224518,1880.4410697404915,1771.4986400074151,1806.5496826171875,146400,0.0,0.0
2022-05-10 00:00:00+09:00,1809.3915963291765,1914.5447205137516,1782.8664839222567,1900.3348388671875,192500,0.0,0.0
2022-05-11 00:00:00+09:00,1862.4417259301486,1879.4935830342902,1762.9725594893216,1781.9190673828125,196400,0.0,0.0
2022-05-12 00:00:00+09:00,1746.8680036349228,1780.0243919902493,1685.2918538321733,1718.4482421875,134100,0.0,0.0
2022-05-13 00:00:00+09:00,1731.710881978115,1888.0195775614789,1657.819498611434,1782.866455078125,376800,0.0,0.0
2022-05-16 00:00:00+09:00,1835.9166828053578,2029.1710704690797,1835.9166828053578,2020.6451416015625,318200,0.0,0.0
2022-05-17 00:00:00+09:00,1926.8601052478714,2169.375438061763,1861.494644450377,2127.693115234375,351600,0.0,0.0
2022-05-18 00:00:00+09:00,2106.8516409817353,2106.8516409817353,2006.4351508989726,2074.642578125,224300,0.0,0.0
2022-05-19 00:00:00+09:00,2022.5398973034273,2101.167912046371,1942.964557081653,2055.6962890625,277500,0.0,0.0
2022-05-20 00:00:00+09:00,2050.959601348301,2102.1151757006373,1993.1727488391803,2008.3299560546875,140200,0.0,0.0
2022-05-23 00:00:00+09:00,2041.4861898901256,2081.273855771975,1990.3306194706051,2074.642578125,114400,0.0,0.0
2022-05-24 00:00:00+09:00,2083.1684674296275,2118.2195057629137,2042.4334769341867,2090.7470703125,78000,0.0,0.0
2022-05-25 00:00:00+09:00,2092.641990367153,2194.0058169716285,2065.1695513808936,2159.902099609375,148100,0.0,0.0
2022-05-26 00:00:00+09:00,2235.6879536237398,2278.3175968072437,2172.217151550524,2255.581787109375,196800,0.0,0.0
2022-05-27 00:00:00+09:00,2292.527658770161,2356.945791330645,2290.6330078124997,2349.3671875,253800,0.0,0.0
2022-05-30 00:00:00+09:00,2349.366753472222,2384.417789713542,2314.315717230903,2344.630126953125,241900,0.0,0.0
2022-05-31 00:00:00+09:00,2320.9470796317414,2410.9429868011352,2274.5281380391066,2362.62939453125,169100,0.0,0.0
2022-06-01 00:00:00+09:00,2334.21000773762,2377.78698028467,2321.8947763656274,2372.10302734375,136700,0.0,0.0
2022-06-02 00:00:00+09:00,2374.944778868468,2397.680588478697,2326.631183446732,2340.841064453125,146600,0.0,0.0
2022-06-03 00:00:00+09:00,2372.1029500708405,2372.1029500708405,2172.2172781599193,2214.846923828125,292800,0.0,0.0
2022-06-06 00:00:00+09:00,2207.268119897168,2304.84263335185,2197.7948661637042,2291.580078125,119900,0.0,0.0
2022-06-07 00:00:00+09:00,2291.5803193968736,2383.4708902862894,2226.2148617538874,2337.999267578125,230700,0.0,0.0
2022-06-08 00:00:00+09:00,2382.523497321251,2469.6774383763427,2342.7358285787095,2381.576171875,216300,0.0,0.0
2022-06-09 00:00:00+09:00,2413.7850137661335,2563.462420428241,2407.153736255787,2532.20068359375,286500,0.0,0.0
2022-06-10 00:00:00+09:00,2514.201899690448,2632.617588259139,2464.9409732458726,2560.620849609375,259600,0.0,0.0
2022-06-13 00:00:00+09:00,2540.7267132588313,2667.6683163821285,2489.5711418509354,2607.98681640625,211200,0.0,0.0
2022-06-14 00:00:00+09:00,2557.7787302795346,2645.87999765583,2557.7787302795346,2640.196044921875,143800,0.0,0.0
2022-06-15 00:00:00+09:00,2632.6173321390734,2687.562206289511,2496.202472179366,2556.831298828125,255200,0.0,0.0
2022-06-16 00:00:00+09:00,2603.250219082203,2660.089743516312,2571.988480643443,2584.3037109375,99300,0.0,0.0
2022-06-17 00:00:00+09:00,2538.8322532748666,2685.6677007590474,2488.6240034899533,2666.72119140625,184300,0.0,0.0
2022-06-20 00:00:00+09:00,2686.6148487332207,2722.6132141252738,2377.7867666856077,2487.676513671875,273800,0.0,0.0
2022-06-21 00:00:00+09:00,2536.937076920051,2584.3033404921202,2490.5181386194226,2539.779052734375,87900,0.0,0.0
2022-06-22 00:00:00+09:00,2585.250968291272,2614.6180551425105,2394.8385664493717,2488.623779296875,108800,0.0,0.0
2022-06-23 00:00:00+09:00,2480.0979113249705,2592.8296345670146,2480.0979113249705,2580.514404296875,75500,0.0,0.0
2022-06-24 00:00:00+09:00,2586.198656840463,2609.8817947236175,2516.096568706326,2575.778076171875,92300,0.0,0.0
2022-06-27 00:00:00+09:00,2598.5133661392633,2735.8755382465156,2576.7248836670783,2684.719970703125,175300,0.0,0.0
2022-06-28 00:00:00+09:00,2652.5109700632047,2797.4517480702298,2650.6163193703023,2772.8212890625,139500,0.0,0.0
2022-06-29 00:00:00+09:00,2737.770292302087,2805.9777182694743,2714.087158285633,2803.1357421875,86100,0.0,0.0
2022-06-30 00:00:00+09:00,2780.3999859650658,2808.8197473207565,2718.8238363610694,2751.980224609375,86100,0.0,0.0
2022-07-01 00:00:00+09:00,2751.9806407342853,2764.295872517261,2603.250533816804,2641.1435546875,101500,0.0,0.0
2022-07-04 00:00:00+09:00,2679.0361844180047,2688.5094382525804,2563.4624876361813,2581.461669921875,70900,0.0,0.0
2022-07-05 00:00:00+09:00,2586.1982699248056,2687.5620848998806,2586.1982699248056,2651.563720703125,68500,0.0,0.0
2022-07-06 00:00:00+09:00,2636.4066487630207,2653.458506354733,2569.146543817935,2614.6181640625,60100,0.0,0.0
2022-07-07 00:00:00+09:00,2589.98787861597,2594.7245060457726,2305.790232827824,2511.35986328125,325700,0.0,0.0
2022-07-08 00:00:00+09:00,2516.0962471064813,2601.355532588252,2483.8871837022566,2557.778564453125,92300,0.0,0.0
2022-07-11 00:00:00+09:00,2557.778604487898,2626.933359349978,2517.990937306975,2588.093017578125,94000,0.0,0.0
2022-07-12 00:00:00+09:00,2595.671700448785,2624.091463592385,2534.0955469709857,2602.302978515625,63700,0.0,0.0
2022-07-13 00:00:00+09:00,2605.144946016787,2605.144946016787,2523.67495861408,2548.305419921875,68200,0.0,0.0
2022-07-14 00:00:00+09:00,2528.411521859571,2660.089753983393,2491.465830832024,2638.30126953125,95700,0.0,0.0
2022-07-15 00:00:00+09:00,2667.668307086614,2703.666672025993,2633.5645929335183,2646.8271484375,106100,0.0,0.0
2022-07-19 00:00:00+09:00,2660.0896301478124,2790.820530774735,2646.827075011748,2771.8740234375,137900,0.0,0.0
2022-07-20 00:00:00+09:00,2814.503646515398,2884.6057232041017,2782.2945842530203,2803.1357421875,162100,0.0,0.0
2022-07-21 00:00:00+09:00,2794.6097773197607,2818.2929110258606,2752.9274619970256,2776.610595703125,64400,0.0,0.0
2022-07-22 00:00:00+09:00,2769.032145950835,2769.032145950835,2652.5111216771597,2708.4033203125,87600,0.0,0.0
2022-07-25 00:00:00+09:00,2708.403250288997,2756.7168444704375,2669.562909868623,2701.77197265625,55100,0.0,0.0
2022-07-26 00:00:00+09:00,2673.3523439848314,2819.2404591420477,2673.3523439848314,2757.664306640625,104400,0.0,0.0
2022-07-27 00:00:00+09:00,2749.138265925268,2787.9786066912693,2667.668282855119,2674.299560546875,78000,0.0,0.0
2022-07-28 00:00:00+09:00,2653.458491118414,2694.1934840202675,2566.3045528167736,2649.669189453125,82000,0.0,0.0
2022-07-29 00:00:00+09:00,2666.721154794086,2666.721154794086,2548.305472964864,2589.98779296875,129100,0.0,0.0
2022-08-01 00:00:00+09:00,2579.5672462457856,2635.4594487902223,2549.25283130643,2616.512939453125,91500,0.0,0.0
2022-08-02 00:00:00+09:00,2617.460052663433,2617.460052663433,2486.7291488387664,2503.781005859375,191200,0.0,0.0
2022-08-03 00:00:00+09:00,2504.7283159326303,2533.1480774598535,2463.0459990260356,2492.4130859375,73100,0.0,0.0
2022-08-04 00:00:00+09:00,2499.991673583518,2529.358760313753,2397.6805327168945,2481.045166015625,116000,0.0,0.0
2022-08-05 00:00:00+09:00,2463.045828010509,2493.360238201408,2441.257345685801,2456.41455078125,50400,0.0,0.0
2022-08-08 00:00:00+09:00,2456.41477088257,2606.0921846116275,2415.6797785385857,2530.30615234375,338700,0.0,0.0
2022-08-09 00:00:00+09:00,2557.7788863102624,2684.7205051123274,2491.4661003688852,2672.4052734375,224500,0.0,0.0
2022-08-10 00:00:00+09:00,2656.3006017322764,2699.877573087371,2587.1458428426704,2659.142578125,121700,0.0,0.0
2022-08-12 00:00:00+09:00,2694.1934840202675,2694.1934840202675,2609.881521967594,2649.669189453125,110300,0.0,0.0
2022-08-15 00:00:00+09:00,2647.7744596580314,2647.7744596580314,2285.896161414966,2318.105224609375,638600,0.0,0.0
2022-08-16 00:00:00+09:00,2319.052569322183,2326.6311724899024,2224.3200297256885,2286.843505859375,374000,0.0,0.0
2022-08-17 00:00:00+09:00,2286.8434665920017,2329.473108678431,2214.846737734921,2302.947998046875,395900,0.0,0.0
2022-08-18 00:00:00+09:00,2338.946499929779,2370.2082392970055,2264.107790535509,2266.00244140625,337800,0.0,0.0
2022-08-19 00:00:00+09:00,2264.107775776326,2266.0024266347164,2217.6888297457654,2254.634521484375,196800,0.0,0.0
2022-08-22 00:00:00+09:00,2233.793222418064,2344.630290705983,2233.793222418064,2330.42041015625,193200,0.0,0.0
2022-08-23 00:00:00+09:00,2306.737250348387,2423.2582695651636,2299.158647472499,2400.5224609375,191700,0.0,0.0
2022-08-24 00:00:00+09:00,2445.0466799342985,2499.9915491463053,2419.468895990778,2436.520751953125,186900,0.0,0.0
2022-08-25 00:00:00+09:00,2445.994205125875,2485.781872289038,2400.5225855108315,2402.417236328125,147300,0.0,0.0
2022-08-26 00:00:00+09:00,2399.5751284459593,2562.515089793257,2399.5751284459593,2528.411376953125,309000,0.0,0.0
2022-08-29 00:00:00+09:00,2481.04529896349,2609.88155732891,2452.625536088765,2583.3564453125,227300,0.0,0.0
2022-08-30 00:00:00+09:00,2609.881701660156,2769.979708041487,2609.881701660156,2747.243896484375,266600,0.0,0.0
2022-08-31 00:00:00+09:00,2736.8231571272,2779.4528013192125,2687.5622349497635,2765.242919921875,158400,0.0,0.0
2022-09-01 00:00:00+09:00,2718.824195620888,2742.5073332134048,2614.618390213816,2699.877685546875,180500,0.0,0.0
2022-09-02 00:00:00+09:00,2699.8774314413263,2736.8231226084185,2572.935825892857,2599.4609375,172200,0.0,0.0
2022-09-05 00:00:00+09:00,2582.40893034476,2614.6179925720976,2543.56859060003,2578.61962890625,56400,0.0,0.0
2022-09-06 00:00:00+09:00,2578.619388863472,2605.1444964638313,2485.7815122622155,2539.779052734375,109900,0.0,0.0
2022-09-07 00:00:00+09:00,2543.5686272310923,2566.3044361895827,2430.8369078119117,2516.09619140625,160900,0.0,0.0
2022-09-08 00:00:00+09:00,2551.147206431128,2553.0418571600035,2452.6253685295915,2543.568603515625,120500,0.0,0.0
2022-09-09 00:00:00+09:00,2552.094651764291,2601.355573030714,2529.3588419490193,2541.674072265625,122600,0.0,0.0
2022-09-12 00:00:00+09:00,2624.091141507475,2860.922471968439,2624.091141507475,2851.44921875,385700,0.0,0.0
2022-09-13 00:00:00+09:00,2950.918725702751,3116.7006765849283,2908.289081190191,2969.865234375,416700,0.0,0.0
2022-09-14 00:00:00+09:00,2969.8649879311615,3078.807403756388,2913.025466631044,3012.49462890625,204000,0.0,0.0
2022-09-15 00:00:00+09:00,3017.2312274522233,3074.070748220554,2969.8649601452807,3036.177734375,150200,0.0,0.0
2022-09-16 00:00:00+09:00,3026.7045352935793,3050.387669372559,2908.288864898682,3031.441162109375,151000,0.0,0.0
2022-09-20 00:00:00+09:00,3031.4415099557523,3211.433349609375,3031.4415099557523,3211.433349609375,213600,0.0,0.0
2022-09-21 00:00:00+09:00,3145.1201762354654,3159.330056549782,2955.655105377907,3055.124267578125,233900,0.0,0.0
2022-09-22 00:00:00+09:00,3050.3877314814813,3050.3877314814813,2936.708685587762,2941.4453125,194200,0.0,0.0
2022-09-26 00:00:00+09:00,2936.708682105655,3078.807489304316,2931.9720551990326,2984.074951171875,133300,0.0,0.0
2022-09-27 00:00:00+09:00,2984.0749254318093,2998.2848060291035,2846.7127463246306,2965.12841796875,120700,0.0,0.0
2022-09-28 00:00:00+09:00,2998.2849266127787,2998.2849266127787,2815.45112224113,2870.39599609375,157100,0.0,0.0
2022-09-29 00:00:00+09:00,2970.692756529379,3008.901023494387,2913.380356081867,2951.588623046875,71900,25.0,0.0
2022-09-30 00:00:00+09:00,2918.1563288074562,2951.5885617070508,2835.053349885607,2870.39599609375,103600,0.0,0.0
2022-10-03 00:00:00+09:00,2808.3075364667748,2946.8125,2768.1888573743922,2946.8125,115300,0.0,0.0
2022-10-04 00:00:00+09:00,2999.349055989583,3051.8854248046873,2970.6928548177084,3008.901123046875,82100,0.0,0.0
2022-10-05 00:00:00+09:00,3051.8853186782526,3085.317552216199,2970.6927515146685,3042.333251953125,101700,0.0,0.0
2022-10-06 00:00:00+09:00,3018.4531731856496,3080.541608710038,2903.828369140625,2903.828369140625,129600,0.0,0.0
2022-10-07 00:00:00+09:00,2894.2762501800116,3137.853954403082,2884.724183347734,3109.19775390625,268700,0.0,0.0
2022-10-11 00:00:00+09:00,3104.4217360334856,3147.4060369939493,3061.4374350730222,3070.989501953125,111500,0.0,0.0
2022-10-12 00:00:00+09:00,3099.6456932357596,3123.525860363924,2970.6927907436707,3018.453125,109400,0.0,0.0
2022-10-13 00:00:00+09:00,3085.3176921583854,3090.0937257375776,2975.4689198369565,3075.765625,80600,0.0,0.0
2022-10-14 00:00:00+09:00,3090.0937992502704,3371.879787126261,3085.317765557457,3314.5673828125,366600,0.0,0.0
2022-10-17 00:00:00+09:00,3281.1349695459267,3357.5515044989615,3252.478768938539,3305.01513671875,179300,0.0,0.0
2022-10-18 00:00:00+09:00,3367.1034619004613,3438.7439610898327,3300.238995990381,3429.19189453125,164800,0.0,0.0
2022-10-19 00:00:00+09:00,3438.7440509822673,3496.0564518319716,3324.119249282858,3433.968017578125,231400,0.0,0.0
2022-10-20 00:00:00+09:00,3414.863998170883,3414.863998170883,3233.3747227436193,3309.791259765625,282300,0.0,0.0
2022-10-21 00:00:00+09:00,3324.1190115638765,3343.223143814244,3252.478515625,3252.478515625,127400,0.0,0.0
2022-10-24 00:00:00+09:00,3352.775129045759,3352.775129045759,3209.494140625,3209.494140625,123000,0.0,0.0
2022-10-25 00:00:00+09:00,3185.6142675349142,3262.030801688675,3113.9737667657632,3238.150634765625,149100,0.0,0.0
2022-10-26 00:00:00+09:00,3276.358876591435,3276.358876591435,3152.182009548611,3223.822509765625,103300,0.0,0.0
2022-10-27 00:00:00+09:00,3233.3747238228225,3257.2548916501696,3166.51025390625,3166.51025390625,68400,0.0,0.0
2022-10-28 00:00:00+09:00,3147.4060793208505,3209.494514876497,3109.1978112866063,3190.390380859375,69600,0.0,0.0
2022-10-31 00:00:00+09:00,3238.150269113788,3238.150269113788,3085.3172180641695,3128.301513671875,124900,0.0,0.0
2022-11-01 00:00:00+09:00,3133.0778761574074,3247.70267650463,3085.3175426793982,3223.822509765625,112900,0.0,0.0
2022-11-02 00:00:00+09:00,3242.92683313248,3242.92683313248,3133.0780596979484,3142.630126953125,109500,0.0,0.0
2022-11-04 00:00:00+09:00,3142.6297800164475,3257.254574424342,3133.0777138157896,3176.06201171875,101100,0.0,0.0
2022-11-07 00:00:00+09:00,3242.926702069409,3371.879604802655,3223.8225683311507,3305.01513671875,314600,0.0,0.0
2022-11-08 00:00:00+09:00,3343.223436344305,3343.223436344305,3228.5986328125,3228.5986328125,171100,0.0,0.0
2022-11-09 00:00:00+09:00,3219.0462156310564,3242.926380435441,3056.6610949612405,3080.541259765625,227900,0.0,0.0
2022-11-10 00:00:00+09:00,3056.6614583333335,3094.8697265625,2999.349055989583,3008.901123046875,128200,0.0,0.0
2022-11-11 00:00:00+09:00,3013.6769128477904,3013.6769128477904,2860.8438522913257,2918.15625,257000,0.0,0.0
2022-11-14 00:00:00+09:00,2961.1406393612133,2970.692705939798,2860.8439402860754,2922.932373046875,243200,0.0,0.0
2022-11-15 00:00:00+09:00,2860.843762806575,2908.6040927365675,2701.3242608403984,2858.933349609375,311900,0.0,0.0
2022-11-16 00:00:00+09:00,2894.2760988000323,2908.6041982990423,2679.354606314881,2789.203369140625,286700,0.0,0.0
2022-11-17 00:00:00+09:00,2775.830701138438,2894.2763332585914,2770.0994608745596,2845.560791015625,147900,0.0,0.0
2022-11-18 00:00:00+09:00,2864.6646660282463,2961.1405350742125,2849.3813600407666,2956.364501953125,196300,0.0,0.0
2022-11-21 00:00:00+09:00,2970.692887793923,3037.5573579371944,2899.0523840689893,2932.484619140625,198300,0.0,0.0
2022-11-22 00:00:00+09:00,2965.916595003498,2999.348827153296,2870.395931718361,2879.947998046875,130300,0.0,0.0
2022-11-24 00:00:00+09:00,2864.6648078742805,2894.2762146912537,2815.949267627002,2862.75439453125,143200,0.0,0.0
2022-11-25 00:00:00+09:00,2852.247183141787,2922.9324783703514,2836.963876065341,2889.500244140625,97300,0.0,0.0
2022-11-28 00:00:00+09:00,2908.604402642501,2922.932503148129,2856.068034121865,2903.828369140625,60700,0.0,0.0
2022-11-29 00:00:00+09:00,2875.1721132435086,2975.468814868282,2836.9638459578805,2965.916748046875,125400,0.0,0.0
2022-11-30 00:00:00+09:00,2918.156429222319,2937.2605629651816,2836.008654128008,2927.70849609375,169300,0.0,0.0
2022-12-01 00:00:00+09:00,2908.6042656652708,2913.380298942225,2742.3983076272552,2779.6513671875,430300,0.0,0.0
2022-12-02 00:00:00+09:00,2761.5025613667053,2761.5025613667053,2688.906852385775,2708.010986328125,206400,0.0,0.0
2022-12-05 00:00:00+09:00,2670.758195206926,2684.1310903188346,2588.6104109480575,2615.356201171875,191900,0.0,0.0
2022-12-06 00:00:00+09:00,2626.8182437434634,2673.623368813802,2563.7746058936204,2625.863037109375,291400,0.0,0.0
2022-12-07 00:00:00+09:00,2597.206952414773,2664.071419744318,2575.2371988636364,2626.818359375,131200,0.0,0.0
2022-12-08 00:00:00+09:00,2606.7586768312526,2615.3555357874566,2440.5527370113045,2476.8505859375,345300,0.0,0.0
2022-12-09 00:00:00+09:00,2457.7468630249737,2622.0424170243114,2452.9708294784814,2613.445556640625,241300,0.0,0.0
2022-12-12 00:00:00+09:00,2565.68504661704,2607.7141389666863,2531.297607421875,2531.297607421875,137600,0.0,0.0
2022-12-13 00:00:00+09:00,2551.3572991558704,2592.431190531274,2512.1938213328112,2516.0146484375,96900,0.0,0.0
2022-12-14 00:00:00+09:00,2521.7456325229273,2534.1633193497446,2484.492572042475,2499.77587890625,113500,0.0,0.0
2022-12-15 00:00:00+09:00,2488.3133084279184,2550.4017403080775,2488.3133084279184,2531.297607421875,88500,0.0,0.0
2022-12-16 00:00:00+09:00,2524.6113006523115,2567.595602025506,2494.044686342484,2546.5810546875,113800,0.0,0.0
2022-12-19 00:00:00+09:00,2559.953919809361,2617.266320999123,2531.2977192144804,2586.69970703125,166500,0.0,0.0
2022-12-20 00:00:00+09:00,2588.610363426585,2651.6540106539483,2468.2543096288914,2516.0146484375,286200,0.0,0.0
2022-12-21 00:00:00+09:00,2468.254032019413,2530.3424654873934,2384.1958451704545,2521.74560546875,164300,0.0,0.0
2022-12-22 00:00:00+09:00,2552.311959789553,2608.669147524427,2531.297415210447,2541.8046875,124100,0.0,0.0
2022-12-23 00:00:00+09:00,2532.2527633874015,2532.2527633874015,2379.4197033564756,2393.747802734375,193900,0.0,0.0
2022-12-26 00:00:00+09:00,2435.776919297602,2470.1643581582744,2404.2551003419862,2462.522705078125,112300,0.0,0.0
2022-12-27 00:00:00+09:00,2510.28323203639,2637.325724373087,2506.462405199196,2613.445556640625,207000,0.0,0.0
2022-12-28 00:00:00+09:00,2639.235931373487,2671.7129569495632,2517.924688780496,2535.118408203125,136700,0.0,0.0
2022-12-29 00:00:00+09:00,2493.089342106435,2542.760087619667,2475.8956225057013,2513.148681640625,97400,0.0,0.0
2022-12-30 00:00:00+09:00,2534.163215199407,2558.998587832345,2478.7612300951605,2496.91015625,71000,0.0,0.0
2023-01-04 00:00:00+09:00,2471.1195261101975,2471.1195261101975,2408.0758891858554,2450.10498046875,78200,0.0,0.0
2023-01-05 00:00:00+09:00,2478.7613100902504,2516.014370241896,2425.26973653917,2431.0009765625,67200,0.0,0.0
2023-01-06 00:00:00+09:00,2431.9559547567055,2518.879753610932,2416.672649463655,2501.68603515625,89700,0.0,0.0
2023-01-10 00:00:00+09:00,2597.2069909454435,2651.6537722929575,2550.4018631203876,2621.087158203125,254900,0.0,0.0
2023-01-11 00:00:00+09:00,2573.326634457237,2641.146304481908,2531.297543174342,2577.1474609375,171800,0.0,0.0
2023-01-12 00:00:00+09:00,2582.8787006578946,2598.1620065789475,2431.000848067434,2450.10498046875,198700,0.0,0.0
2023-01-13 00:00:00+09:00,2427.1799700674924,2447.2393086630914,2391.8373258752463,2421.44873046875,108600,0.0,0.0
2023-01-16 00:00:00+09:00,2405.2102423406222,2409.986275387367,2268.6156972037247,2290.58544921875,247400,0.0,0.0
2023-01-17 00:00:00+09:00,2315.420693667932,2347.8977165989177,2284.8540838505332,2327.83837890625,119300,0.0,0.0
2023-01-18 00:00:00+09:00,2324.0178352208454,2347.898002043912,2271.4814682100987,2322.107421875,80700,0.0,0.0
2023-01-19 00:00:00+09:00,2318.286789553696,2421.449118878706,2298.2274477404994,2400.4345703125,136300,0.0,0.0
2023-01-20 00:00:00+09:00,2416.6729671217527,2435.7771012491976,2379.4199055732356,2417.628173828125,63500,0.0,0.0
2023-01-23 00:00:00+09:00,2452.9707941280835,2467.2988945610746,2419.5385597844374,2439.597900390625,78300,0.0,0.0
2023-01-24 00:00:00+09:00,2445.329103885805,2445.329103885805,2383.2406696074545,2409.03125,111800,0.0,0.0
2023-01-25 00:00:00+09:00,2425.2695568679114,2468.2538538584813,2409.986251271265,2421.44873046875,84800,0.0,0.0
2023-01-26 00:00:00+09:00,2410.9414578710553,2436.7320360653966,2391.8373258752463,2421.44873046875,44200,0.0,0.0
2023-01-27 00:00:00+09:00,2422.4040785754837,2434.82176509815,2389.927052285434,2418.583251953125,76500,0.0,0.0
2023-01-30 00:00:00+09:00,2466.3436333759014,2537.028927283654,2442.4634665151743,2483.537353515625,200600,0.0,0.0
2023-01-31 00:00:00+09:00,2503.596834421887,2518.880142071925,2468.2541854811734,2498.82080078125,101700,0.0,0.0
2023-02-01 00:00:00+09:00,2521.745724584614,2536.073825292481,2479.7166291748704,2486.403076171875,91900,0.0,0.0
2023-02-02 00:00:00+09:00,2506.462276873284,2515.0591368168275,2405.2103708715426,2434.82177734375,130700,0.0,0.0
2023-02-03 00:00:00+09:00,2428.135254099782,2444.3737668140607,2392.79260878047,2409.986328125,105700,0.0,0.0
2023-02-06 00:00:00+09:00,2429.0905529343936,2435.7769995999624,2367.957326277767,2378.464599609375,93300,0.0,0.0
2023-02-07 00:00:00+09:00,2384.195972307222,2403.300106700709,2325.9283624070854,2341.211669921875,125900,0.0,0.0
2023-02-08 00:00:00+09:00,2234.2285043747643,2235.183711088905,2132.9765926758655,2217.989990234375,373600,0.0,0.0
2023-02-09 00:00:00+09:00,2206.5272923519738,2234.2282843338817,2175.9606805098683,2196.02001953125,161600,0.0,0.0
2023-02-10 00:00:00+09:00,2175.0052535125096,2196.9750035479897,2125.3345143018596,2155.901123046875,238600,0.0,0.0
2023-02-13 00:00:00+09:00,2159.722387869233,2160.6775945865566,2092.857917656563,2145.394287109375,224800,0.0,0.0
2023-02-14 00:00:00+09:00,2431.9562440095124,2571.416421395761,2388.9719427603263,2475.895751953125,1122100,0.0,0.0
2023-02-15 00:00:00+09:00,2469.2092975498285,2483.5373979224582,2362.2261481008613,2405.21044921875,358400,0.0,0.0
2023-02-16 00:00:00+09:00,2415.7177759334472,2578.1029170598554,2411.8969490834143,2522.700927734375,394300,0.0,0.0
2023-02-17 00:00:00+09:00,2500.7310196924836,2555.177798960043,2485.447713231414,2545.625732421875,167200,0.0,0.0
2023-02-20 00:00:00+09:00,2593.3862379604298,2713.7422843630134,2587.654997655545,2645.922607421875,481700,0.0,0.0
2023-02-21 00:00:00+09:00,2680.310011306447,2784.427542037881,2611.5351286214636,2633.5048828125,387500,0.0,0.0
2023-02-22 00:00:00+09:00,2585.74456376015,2670.7579609432505,2563.774809431933,2595.296630859375,206600,0.0,0.0
2023-02-24 00:00:00+09:00,2563.7746840747436,2586.6996439919544,2509.327904271368,2559.953857421875,140700,0.0,0.0
2023-02-27 00:00:00+09:00,2578.102809111926,2614.400662667411,2552.3122289540815,2574.281982421875,76900,0.0,0.0
2023-02-28 00:00:00+09:00,2636.370509399285,2733.801593442302,2636.370509399285,2704.190185546875,235500,0.0,0.0
2023-03-01 00:00:00+09:00,2677.4443371652187,2696.54847085887,2629.6840029310906,2659.29541015625,143100,0.0,0.0
2023-03-02 00:00:00+09:00,2660.250752121735,2717.5631561171763,2632.549756857272,2710.876708984375,100700,0.0,0.0
2023-03-03 00:00:00+09:00,2731.8909851117173,2760.5471842562456,2692.7275129475283,2714.697265625,154900,0.0,0.0
2023-03-06 00:00:00+09:00,2748.1296875503904,2792.069195936667,2739.532827213945,2776.785888671875,162400,0.0,0.0
2023-03-07 00:00:00+09:00,2782.5170531506255,2834.0982137651586,2731.89109921414,2751.950439453125,200500,0.0,0.0
2023-03-08 00:00:00+09:00,2697.503931144164,2724.2497208297295,2608.6697011171077,2622.997802734375,346900,0.0,0.0
2023-03-09 00:00:00+09:00,2595.29657625246,2650.698564262266,2589.5653361135146,2639.236083984375,183600,0.0,0.0
2023-03-10 00:00:00+09:00,2616.3111011913343,2622.042341281567,2565.685147060943,2588.610107421875,138600,0.0,0.0
2023-03-13 00:00:00+09:00,2546.5812121498866,2564.7301405185467,2508.3729419000756,2523.65625,151600,0.0,0.0
2023-03-14 00:00:00+09:00,2487.3583957355486,2493.089636278718,2397.568960559227,2416.673095703125,227400,0.0,0.0
2023-03-15 00:00:00+09:00,2444.3736365268423,2484.492312859053,2403.2997536152934,2410.94140625,85800,0.0,0.0
2023-03-16 00:00:00+09:00,2330.704281931304,2348.8532087168346,2304.913701762392,2322.107421875,152900,0.0,0.0
2023-03-17 00:00:00+09:00,2360.315583736796,2402.3446754747233,2352.6739306935365,2373.6884765625,81900,0.0,0.0
2023-03-20 00:00:00+09:00,2383.240436478844,2399.478948470884,2260.9739932446587,2280.078125,158500,0.0,0.0
2023-03-22 00:00:00+09:00,2335.480479558825,2361.2710615416836,2330.704445858296,2351.718994140625,86600,0.0,0.0
2023-03-23 00:00:00+09:00,2317.3314908105226,2332.614798251977,2289.6304960728867,2324.97314453125,86500,0.0,0.0
2023-03-24 00:00:00+09:00,2320.197083388978,2350.7636979087174,2279.123195128078,2346.94287109375,61500,0.0,0.0
2023-03-27 00:00:00+09:00,2369.8678583144365,2369.8678583144365,2319.2419024536284,2343.1220703125,60600,0.0,0.0
2023-03-28 00:00:00+09:00,2343.1219948673133,2343.1219948673133,2295.3616606873843,2318.28662109375,66800,0.0,0.0
2023-03-29 00:00:00+09:00,2318.286669981494,2346.94287109375,2303.0033627216244,2346.94287109375,88600,0.0,0.0
2023-03-30 00:00:00+09:00,2346.942827735171,2378.920166015625,2332.4076739713278,2378.920166015625,53800,35.0,0.0
2023-03-31 00:00:00+09:00,2406.052348736039,2437.0606754213204,2385.7031343488234,2429.30859375,90000,0.0,0.0
2023-04-03 00:00:00+09:00,2464.1930923666923,2532.023810599358,2458.3790308038924,2524.271728515625,185400,0.0,0.0
2023-04-04 00:00:00+09:00,2520.3954939769037,2520.3954939769037,2454.502801323913,2462.2548828125,208900,0.0,0.0
2023-04-05 00:00:00+09:00,2458.3790399152504,2469.0381528198886,2349.84989034075,2376.982177734375,203600,0.0,0.0
2023-04-06 00:00:00+09:00,2352.7569445805884,2384.734283613191,2295.5853384313896,2316.903564453125,189000,0.0,0.0
2023-04-07 00:00:00+09:00,2305.2751620997656,2370.198842579246,2305.2751620997656,2363.415771484375,170100,0.0,0.0
2023-04-10 00:00:00+09:00,2374.075328426568,2447.7201141246983,2374.075328426568,2409.9287109375,112800,0.0,0.0
2023-04-11 00:00:00+09:00,2463.223975185573,2564.0010378996953,2456.4409036567376,2545.58984375,318000,0.0,0.0
2023-04-12 00:00:00+09:00,2574.660301462041,2627.9558666033327,2533.9618698996,2565.939208984375,199800,0.0,0.0
2023-04-13 00:00:00+09:00,2536.8686979426893,2674.4681460358374,2532.0236469534943,2666.716064453125,258200,0.0,0.0
2023-04-14 00:00:00+09:00,2711.2907413895978,2800.439686424567,2702.569648940525,2727.763916015625,442200,0.0,0.0
2023-04-17 00:00:00+09:00,2713.228613353109,2753.9270425534055,2627.9557140762968,2633.769775390625,214700,0.0,0.0
2023-04-18 00:00:00+09:00,2622.141797307586,2644.429033574428,2564.0011809593025,2625.048828125,162700,0.0,0.0
2023-04-19 00:00:00+09:00,2606.637668909276,2652.18115234375,2594.0405351933573,2652.18115234375,105700,0.0,0.0
2023-04-20 00:00:00+09:00,2652.1810619516395,2666.716215743848,2596.9474775412473,2598.885498046875,122800,0.0,0.0
2023-04-21 00:00:00+09:00,2596.947590537383,2617.2968067318925,2558.1871787383175,2592.1025390625,114100,0.0,0.0
2023-04-24 00:00:00+09:00,2600.8236406250003,2674.4684232954546,2600.8236406250003,2664.7783203125,133100,0.0,0.0
2023-04-25 00:00:00+09:00,2694.817360190458,2736.4847986975383,2659.9329930682516,2666.716064453125,138900,0.0,0.0
2023-04-26 00:00:00+09:00,2626.9870443428513,2657.995375371612,2596.947723658739,2627.9560546875,85200,0.0,0.0
2023-04-27 00:00:00+09:00,2624.0795752917415,2708.3834612039946,2612.4514530969477,2698.693359375,103600,0.0,0.0
2023-04-28 00:00:00+09:00,2717.1045817998106,2733.5777550846165,2647.33584788769,2682.22021484375,142800,0.0,0.0
2023-05-01 00:00:00+09:00,2669.623436646486,2675.437498577476,2628.925003129552,2660.90234375,138800,0.0,0.0
2023-05-02 00:00:00+09:00,2626.986665474704,2640.5528083432564,2580.4741756396666,2606.637451171875,179400,0.0,0.0
2023-05-08 00:00:00+09:00,2644.42896198053,2800.439611624673,2642.4909414880563,2776.21435546875,330400,0.0,0.0
2023-05-09 00:00:00+09:00,2810.129637359291,2931.255914831674,2810.129637359291,2883.7744140625,471900,0.0,0.0
2023-05-10 00:00:00+09:00,2877.9604200500153,2900.24765562616,2800.4396006547286,2806.253662109375,160000,0.0,0.0
2023-05-11 00:00:00+09:00,2805.284702558137,2833.3860000967156,2778.152415279509,2817.8818359375,105800,0.0,0.0
2023-05-12 00:00:00+09:00,2800.4395636854724,2870.2083002201966,2746.174990825131,2867.30126953125,241500,0.0,0.0
2023-05-15 00:00:00+09:00,2857.611159704529,2940.946039234739,2810.129658576851,2911.875732421875,360600,0.0,0.0
2023-05-16 00:00:00+09:00,3115.367957181709,3333.395263671875,3115.367957181709,3333.395263671875,924200,0.0,0.0
2023-05-17 00:00:00+09:00,3347.930212874439,3522.352047409142,3343.0851619151417,3507.81689453125,454800,0.0,0.0
2023-05-18 00:00:00+09:00,3512.6622921575313,3677.394041031126,3507.8172407200727,3662.85888671875,401700,0.0,0.0
2023-05-19 00:00:00+09:00,3653.1685993074557,3706.4641624273254,3493.281909947845,3541.732421875,304400,0.0,0.0
2023-05-22 00:00:00+09:00,3498.127033715109,3532.042392767749,3425.451264316596,3493.281982421875,158200,0.0,0.0
2023-05-23 00:00:00+09:00,3483.5919478109417,3565.957821403134,3377.00081727987,3401.22607421875,246700,0.0,0.0
2023-05-24 00:00:00+09:00,3391.5358710534797,3406.071024786566,3265.5645387000645,3289.789794921875,204400,0.0,0.0
2023-05-25 00:00:00+09:00,3338.240207821941,3367.3105144212614,3207.423828125,3207.423828125,137100,0.0,0.0
2023-05-26 00:00:00+09:00,3226.803961617606,3304.324777512323,3168.663349696568,3255.874267578125,120800,0.0,0.0
2023-05-29 00:00:00+09:00,3284.944703663793,3532.042314116379,3212.2689358836205,3512.662109375,230100,0.0,0.0
2023-05-30 00:00:00+09:00,3522.352154622396,3633.788330078125,3420.6060813802083,3633.788330078125,199900,0.0,0.0
2023-05-31 00:00:00+09:00,3672.548924149462,3798.520259278599,3609.563256584893,3769.449951171875,327400,0.0,0.0
2023-06-01 00:00:00+09:00,3701.6189469047213,3716.154099837593,3546.577315620754,3565.95751953125,246500,0.0,0.0
2023-06-02 00:00:00+09:00,3507.817235086178,3619.25341796875,3473.9018750784385,3619.25341796875,118500,0.0,0.0
2023-06-05 00:00:00+09:00,3687.084239442635,3808.210528517623,3628.9436206866408,3788.830322265625,145000,0.0,0.0
2023-06-06 00:00:00+09:00,3745.2244988319085,4006.857258129351,3720.9992433414045,4002.01220703125,364800,0.0,0.0
2023-06-07 00:00:00+09:00,4002.0122739438657,4118.293502242477,3880.885994466146,3924.491455078125,297400,0.0,0.0
2023-06-08 00:00:00+09:00,3905.111330539246,4094.068330404048,3851.8157664748146,3919.646484375,233400,0.0,0.0
2023-06-09 00:00:00+09:00,3963.2522909007353,4123.138997012868,3963.2522909007353,4118.2939453125,179800,0.0,0.0
2023-06-12 00:00:00+09:00,4132.829016329974,4166.74437754253,4079.533448710244,4094.068603515625,181800,0.0,0.0
2023-06-13 00:00:00+09:00,4098.913417557084,4171.5891873719265,4050.4629043471896,4137.673828125,174500,0.0,0.0
2023-06-14 00:00:00+09:00,4205.5043653975235,4205.5043653975235,4035.9275764702043,4060.15283203125,149600,0.0,0.0
2023-06-15 00:00:00+09:00,4031.0828479689367,4089.2234659684887,3939.026869469646,4055.30810546875,128300,0.0,0.0
2023-06-16 00:00:00+09:00,4021.392925249578,4321.786131714005,3992.3226149465695,4307.2509765625,224200,0.0,0.0
2023-06-19 00:00:00+09:00,4341.166344026549,4423.532223321696,4278.180671624378,4379.9267578125,201200,0.0,0.0
2023-06-20 00:00:00+09:00,4355.701318359375,4375.081524447737,4181.279463564117,4215.19482421875,282700,0.0,0.0
2023-06-21 00:00:00+09:00,4215.19482421875,4316.940906182651,4147.364102909482,4215.19482421875,147300,0.0,0.0
2023-06-22 00:00:00+09:00,4210.349622586668,4302.405598224352,4161.89910909315,4297.560546875,144900,0.0,0.0
2023-06-23 00:00:00+09:00,4355.701657394478,4554.348785262302,4224.885256115667,4283.02587890625,217300,0.0,0.0
2023-06-26 00:00:00+09:00,4263.645073899788,4573.728352001591,4263.645073899788,4568.88330078125,289600,0.0,0.0
2023-06-27 00:00:00+09:00,4554.348282113259,4554.348282113259,4278.1803543680935,4384.771484375,387000,0.0,0.0
2023-06-28 00:00:00+09:00,4423.531432382771,4520.432449521495,4326.630415244046,4501.05224609375,298200,0.0,0.0
2023-06-29 00:00:00+09:00,4539.813471266608,4617.334298950989,4433.222333200583,4467.1376953125,224400,0.0,0.0
2023-06-30 00:00:00+09:00,4471.981655672661,4675.4737786826845,4471.981655672661,4622.17822265625,308700,0.0,0.0
2023-07-03 00:00:00+09:00,4675.474430269721,4690.009583938953,4539.812996023553,4583.41845703125,254100,0.0,0.0
2023-07-04 00:00:00+09:00,4627.024427775515,4874.122067373997,4549.503599666186,4830.5166015625,346500,0.0,0.0
2023-07-05 00:00:00+09:00,4782.065248153482,4782.065248153482,4656.093924493917,4704.54443359375,294700,0.0,0.0
2023-07-06 00:00:00+09:00,4680.319509504277,4815.980944562372,4515.587766933733,4743.30517578125,455100,0.0,0.0
2023-07-07 00:00:00+09:00,4675.474314249184,4845.051102848895,4660.9391609406375,4825.6708984375,230800,0.0,0.0
2023-07-10 00:00:00+09:00,4874.121449376807,5038.853188222543,4845.051142521676,5029.1630859375,294600,0.0,0.0
2023-07-11 00:00:00+09:00,5038.853312626135,5038.853312626135,4757.840339421985,4801.44580078125,423500,0.0,0.0
2023-07-12 00:00:00+09:00,4796.600532897364,4883.811451677317,4539.812827600838,4549.5029296875,362700,0.0,0.0
2023-07-13 00:00:00+09:00,4457.447591851952,4544.658522996881,4384.771815897844,4467.1376953125,280300,0.0,0.0
2023-07-14 00:00:00+09:00,4510.7426430473115,4554.348103613827,4215.194521429818,4336.32080078125,335100,0.0,0.0
2023-07-18 00:00:00+09:00,4404.151206928341,4452.601715255386,4307.250190274252,4413.84130859375,134400,0.0,0.0
2023-07-19 00:00:00+09:00,4486.517563017956,4496.2076657458565,4307.250662551795,4384.771484375,159400,0.0,0.0
2023-07-20 00:00:00+09:00,4379.926752320022,4384.771804037191,4297.560873128164,4307.2509765625,70100,0.0,0.0
2023-07-21 00:00:00+09:00,4278.180170213619,4287.870272524408,4190.969249416512,4249.10986328125,99100,0.0,0.0
2023-07-24 00:00:00+09:00,4283.025235163256,4394.461412096237,4224.884621111267,4321.78564453125,105800,0.0,0.0
2023-07-25 00:00:00+09:00,4331.4757496071925,4346.010903129365,4253.954930822277,4336.32080078125,45000,0.0,0.0
2023-07-26 00:00:00+09:00,4341.16585467706,4375.081212916725,4244.264831135161,4350.85595703125,75100,0.0,0.0
2023-07-27 00:00:00+09:00,4321.785825040894,4442.912109375,4302.405619547438,4442.912109375,82100,0.0,0.0
2023-07-28 00:00:00+09:00,4404.151357421875,4471.98207139757,4263.644878472222,4360.5458984375,113800,0.0,0.0
2023-07-31 00:00:00+09:00,4389.6159444151735,4607.64322642255,4375.080792281348,4597.953125,158700,0.0,0.0
2023-08-01 00:00:00+09:00,4597.953798559894,4767.530598296033,4544.658232928535,4762.685546875,158300,0.0,0.0
2023-08-02 00:00:00+09:00,4723.9247639973955,4733.614866077391,4530.122722397503,4534.9677734375,168200,0.0,0.0
2023-08-03 00:00:00+09:00,4486.517417118467,4622.178850897427,4462.29216108651,4496.20751953125,128200,0.0,0.0
2023-08-04 00:00:00+09:00,4486.517592562038,4602.798826062566,4447.757181395195,4588.263671875,69100,0.0,0.0
2023-08-07 00:00:00+09:00,4597.9537927521815,4719.080078125,4525.278021528491,4719.080078125,219300,0.0,0.0
2023-08-08 00:00:00+09:00,4699.6995462802215,4820.825823246207,4631.868831179269,4709.3896484375,178800,0.0,0.0
2023-08-09 00:00:00+09:00,4728.77035341138,4912.88231389256,4685.164889086889,4811.13623046875,243000,0.0,0.0
2023-08-10 00:00:00+09:00,4932.262034582714,4932.262034582714,4767.530296688988,4883.8115234375,242900,0.0,0.0
2023-08-14 00:00:00+09:00,4941.952294921874,5058.233525390625,4796.600756835937,4845.05126953125,455900,0.0,0.0
2023-08-15 00:00:00+09:00,5319.8665712553875,5814.0618265086205,5193.895231681035,5620.259765625,1528800,0.0,0.0
2023-08-16 00:00:00+09:00,5581.498880119454,5843.131640125053,5533.048369007306,5678.39990234375,562600,0.0,0.0
2023-08-17 00:00:00+09:00,5688.090367817335,6143.525201356372,5649.32995645231,5949.72314453125,584500,0.0,0.0
2023-08-18 00:00:00+09:00,5901.272552490234,5901.272552490234,5368.3169032505575,5426.45751953125,592300,0.0,0.0
2023-08-21 00:00:00+09:00,5426.457421874999,5949.722958984375,5426.457421874999,5814.0615234375,514700,0.0,0.0
2023-08-22 00:00:00+09:00,5988.483407827524,6104.764639047476,5833.441766200922,6046.6240234375,384000,0.0,0.0
2023-08-23 00:00:00+09:00,6027.243822891746,6182.285464638158,5969.1032072368425,6075.6943359375,309900,0.0,0.0
2023-08-24 00:00:00+09:00,6191.975369012551,6191.975369012551,5833.441583952356,5910.96240234375,284700,0.0,0.0
2023-08-25 00:00:00+09:00,5843.132005390368,5949.723136500308,5804.371594077662,5891.58251953125,200100,0.0,0.0
2023-08-28 00:00:00+09:00,5843.1323091947115,5862.512515858707,5591.189622562767,5668.71044921875,241500,0.0,0.0
2023-08-29 00:00:00+09:00,5639.639672974246,5784.9912109375,5571.808955258061,5784.9912109375,161400,0.0,0.0
2023-08-30 00:00:00+09:00,5736.540998700173,5755.921204776863,5552.42904097162,5591.189453125,218900,0.0,0.0
2023-08-31 00:00:00+09:00,5581.499189013841,5649.329908324773,5523.358572461613,5600.87939453125,129300,0.0,0.0
2023-09-01 00:00:00+09:00,5600.879411083157,5736.540850105932,5542.73879435911,5717.16064453125,137400,0.0,0.0
2023-09-04 00:00:00+09:00,5794.6814453125,5833.441856317935,5562.118979279891,5571.80908203125,171900,0.0,0.0
2023-09-05 00:00:00+09:00,5542.73828125,5562.1184850305945,5436.1471604567305,5542.73828125,180300,0.0,0.0
2023-09-06 00:00:00+09:00,5571.808711184731,5668.709732248813,5164.824422715586,5358.62646484375,429000,0.0,0.0
2023-09-07 00:00:00+09:00,5300.485753280981,5639.639320675559,5290.795651355422,5629.94921875,257300,0.0,0.0
2023-09-08 00:00:00+09:00,5620.259265434451,5755.920695979421,5474.907732707698,5562.11865234375,224200,0.0,0.0
2023-09-11 00:00:00+09:00,5465.217888866088,5533.048607344923,5145.444501751583,5164.82470703125,233700,0.0,0.0
2023-09-12 00:00:00+09:00,5232.655299831082,5387.696938344595,5203.584992609797,5378.0068359375,144700,0.0,0.0
2023-09-13 00:00:00+09:00,5445.838041823201,5523.358868041325,5319.86669921875,5319.86669921875,130400,0.0,0.0
2023-09-14 00:00:00+09:00,5310.176097778545,5358.62660961959,5203.584971728245,5261.7255859375,96500,0.0,0.0
2023-09-15 00:00:00+09:00,5193.89486400463,5290.795887586805,5135.754249855324,5232.6552734375,537400,0.0,0.0
2023-09-19 00:00:00+09:00,5184.205253337033,5319.86669921875,5155.134943505237,5319.86669921875,129400,0.0,0.0
2023-09-20 00:00:00+09:00,5358.627120260697,5426.4578433019715,5290.796397219422,5407.07763671875,108700,0.0,0.0
2023-09-21 00:00:00+09:00,5416.7672182436345,5416.7672182436345,5164.824556929977,5232.6552734375,153900,0.0,0.0
2023-09-22 00:00:00+09:00,5145.444677016314,5319.8665304744945,5087.304059196921,5271.416015625,137500,0.0,0.0
2023-09-25 00:00:00+09:00,5281.105308672447,5348.936019059066,5242.344902737236,5290.79541015625,74600,0.0,0.0
2023-09-26 00:00:00+09:00,5484.5981269037675,5639.639770067125,5339.24658643812,5368.31689453125,200800,0.0,0.0
2023-09-27 00:00:00+09:00,5329.556651106887,5416.767578125,5213.275415082737,5416.767578125,112700,0.0,0.0
2023-09-28 00:00:00+09:00,5420.674047281755,5596.47969205846,5391.373106485637,5440.2080078125,111600,44.0,0.0
2023-09-29 00:00:00+09:00,5537.8779373168945,5703.91660563151,5479.276054382324,5625.78076171875,179100,0.0,0.0
2023-10-02 00:00:00+09:00,5782.052327186396,5948.090991987357,5518.343859561341,5528.11083984375,336900,0.0,0.0
2023-10-03 00:00:00+09:00,5547.6444219333025,5547.6444219333025,5215.56711498659,5235.10107421875,226300,0.0,0.0
2023-10-04 00:00:00+09:00,5029.995053837637,5069.062976585891,4854.189401470497,4893.25732421875,332100,0.0,0.0
2023-10-05 00:00:00+09:00,4990.926584738552,5059.295442063738,4795.586992380879,4932.32470703125,308800,0.0,0.0
2023-10-06 00:00:00+09:00,5049.5291460166245,5401.140459859175,4893.257450975491,5342.53857421875,315200,0.0,0.0
2023-10-10 00:00:00+09:00,5391.373147403492,5547.644832835478,5254.6354226505055,5313.2373046875,201700,0.0,0.0
2023-10-11 00:00:00+09:00,5332.771215285698,5440.207998011234,5283.936314046818,5352.30517578125,124500,0.0,0.0
2023-10-12 00:00:00+09:00,5264.402272135417,5264.402272135417,5088.596630394345,5127.66455078125,148000,0.0,0.0
2023-10-13 00:00:00+09:00,5029.995077690533,5039.762058423913,4795.587540089421,4829.77197265625,270400,0.0,0.0
2023-10-16 00:00:00+09:00,4736.985673685413,4829.771991005024,4658.849827521529,4678.3837890625,238100,0.0,0.0
2023-10-17 00:00:00+09:00,4844.422348980125,4951.859134945411,4634.432267320704,4668.61669921875,177100,0.0,0.0
2023-10-18 00:00:00+09:00,4683.2671110060455,4712.568052263643,4487.92750262206,4619.78173828125,192300,0.0,0.0
2023-10-19 00:00:00+09:00,4483.043742629718,4522.111661955467,4336.539045158158,4400.0244140625,274900,0.0,0.0
2023-10-20 00:00:00+09:00,4443.975945388844,4546.529236436279,4326.772184191775,4497.6943359375,207700,0.0,0.0
2023-10-23 00:00:00+09:00,4429.325764073735,4483.044158125345,4370.723879653796,4414.67529296875,148800,0.0,0.0
2023-10-24 00:00:00+09:00,4453.7430630387935,4536.7623964507,4282.820906014278,4531.87890625,254000,0.0,0.0
2023-10-25 00:00:00+09:00,4600.247990293053,4639.315913777495,4522.112143324169,4551.4130859375,119400,0.0,0.0
2023-10-26 00:00:00+09:00,4414.67529296875,4502.578119598658,4370.723879653796,4414.67529296875,187200,0.0,0.0
2023-10-27 00:00:00+09:00,4424.442330458493,4483.044215630129,4302.355069684252,4463.51025390625,121100,0.0,0.0
2023-10-30 00:00:00+09:00,4385.374322163515,4424.442244855395,4336.539418798666,4390.2578125,93700,0.0,0.0
2023-10-31 00:00:00+09:00,4400.0244401180635,4605.131017792823,4292.587661336046,4575.830078125,185300,0.0,0.0
2023-11-01 00:00:00+09:00,4619.781804498002,4644.199255895983,4429.32568359375,4429.32568359375,167900,0.0,0.0
2023-11-02 00:00:00+09:00,4512.345018346886,4536.762469744866,4356.073329399807,4429.32568359375,136800,0.0,0.0
2023-11-06 00:00:00+09:00,4497.69464961818,4766.28662109375,4424.442293761206,4766.28662109375,248900,0.0,0.0
2023-11-07 00:00:00+09:00,4751.635810403262,4766.2862805278355,4575.830168908384,4649.08251953125,316900,0.0,0.0
2023-11-08 00:00:00+09:00,4712.568052263643,4790.703895617237,4575.830326394854,4619.78173828125,237300,0.0,0.0
2023-11-09 00:00:00+09:00,4610.015033870143,4780.937201439481,4541.646166842408,4776.0537109375,168700,0.0,0.0
2023-11-10 00:00:00+09:00,4639.315472844939,4776.053192044579,4512.34473358813,4751.6357421875,206800,0.0,0.0
2023-11-13 00:00:00+09:00,4790.703686865077,4815.121136849099,4517.228247044032,4536.76220703125,292700,0.0,0.0
2023-11-14 00:00:00+09:00,4580.713829832651,4600.247790727459,4414.675162226777,4468.3935546875,425900,0.0,0.0
2023-11-15 00:00:00+09:00,4126.549186350029,4190.034558447722,4004.461932316005,4180.267578125,782100,0.0,0.0
2023-11-16 00:00:00+09:00,4219.335499415888,4331.6557731271905,4111.8987158659465,4180.267578125,345700,0.0,0.0
2023-11-17 00:00:00+09:00,4150.966909123563,4360.956999820402,4116.78247575431,4248.63671875,339100,0.0,0.0
2023-11-20 00:00:00+09:00,4263.286525486233,4331.6553815650495,4165.616731087923,4190.0341796875,224000,0.0,0.0
2023-11-21 00:00:00+09:00,4160.733415896901,4224.218784918802,4063.0636174016686,4097.248046875,270000,0.0,0.0
2023-11-22 00:00:00+09:00,4087.4813615819608,4136.31626434877,4038.646458815151,4058.180419921875,212300,0.0,0.0
2023-11-24 00:00:00+09:00,4014.22900390625,4058.180416357778,3950.7436303651534,4014.22900390625,297600,0.0,0.0
2023-11-27 00:00:00+09:00,4077.7145716655687,4097.248533685523,4004.462214090738,4053.297119140625,120700,0.0,0.0
2023-11-28 00:00:00+09:00,4009.3453690218867,4023.995839310639,3916.559057193122,3936.093017578125,193900,0.0,0.0
2023-11-29 00:00:00+09:00,3936.0931524020525,3989.8115453008395,3901.9087205573696,3926.326171875,131200,0.0,0.0
2023-11-30 00:00:00+09:00,3916.559107118382,3931.2095775938874,3843.306754740856,3897.025146484375,155100,0.0,0.0
2023-12-01 00:00:00+09:00,3897.025443779668,3906.792424841772,3789.588652096519,3857.95751953125,271900,0.0,0.0
2023-12-04 00:00:00+09:00,3857.9573647688885,3989.8116038179514,3823.772932422835,3975.1611328125,174600,0.0,0.0
2023-12-05 00:00:00+09:00,3950.7435287084336,3950.7435287084336,3809.122314453125,3809.122314453125,198400,0.0,0.0
2023-12-06 00:00:00+09:00,3804.2388906950996,3950.7435976538327,3804.2388906950996,3945.860107421875,180400,0.0,0.0
2023-12-07 00:00:00+09:00,3936.0933680280855,4014.229216524921,3853.0740290001977,3857.95751953125,196200,0.0,0.0
2023-12-08 00:00:00+09:00,3848.1903494390012,3901.90874264183,3833.5398785655025,3862.8408203125,173100,0.0,0.0
2023-12-11 00:00:00+09:00,3916.5593850009413,4067.9475906555913,3857.957498941077,4053.297119140625,227900,0.0,0.0
2023-12-12 00:00:00+09:00,4102.131660657052,4131.432601090316,3970.2774287073603,3999.578369140625,274300,0.0,0.0
2023-12-13 00:00:00+09:00,4053.2969187266795,4102.131821361941,3887.2582497667913,3926.326171875,211600,0.0,0.0
2023-12-14 00:00:00+09:00,3901.9086747675706,3970.277537654612,3726.10302734375,3726.10302734375,271800,0.0,0.0
2023-12-15 00:00:00+09:00,3711.4524823588713,3809.12228452621,3711.4524823588713,3784.704833984375,192000,0.0,0.0
2023-12-18 00:00:00+09:00,3750.5205333769636,3765.1710042104673,3662.6177083759408,3730.986572265625,151300,0.0,0.0
2023-12-19 00:00:00+09:00,3745.637075232969,3818.8894300289203,3687.035191396208,3799.35546875,132100,0.0,0.0
2023-12-20 00:00:00+09:00,3818.8893750754105,3867.7242775699806,3789.588433578668,3794.471923828125,135500,0.0,0.0
2023-12-21 00:00:00+09:00,3740.753423009073,3799.355304309476,3721.219462575605,3784.704833984375,107400,0.0,0.0
2023-12-22 00:00:00+09:00,3784.704888727247,3862.8407315912937,3770.0544181902383,3789.58837890625,97100,0.0,0.0
2023-12-25 00:00:00+09:00,3804.2388403900063,3804.2388403900063,3691.9185665402374,3701.685546875,155100,0.0,0.0
2023-12-26 00:00:00+09:00,3638.2003355088905,3735.8701431735585,3618.6663739759565,3716.336181640625,170800,0.0,0.0
2023-12-27 00:00:00+09:00,3647.967087085807,3804.23876953125,3623.5496367037067,3804.23876953125,232000,0.0,0.0
2023-12-28 00:00:00+09:00,3804.238878941261,3823.772839808739,3716.336055037612,3814.005859375,106700,0.0,0.0
2023-12-29 00:00:00+09:00,3779.8213985482444,3818.8893199802674,3755.40394765323,3789.58837890625,115600,0.0,0.0
2024-01-04 00:00:00+09:00,3789.5883841192167,4136.316187305382,3770.0544233763344,4116.7822265625,343200,0.0,0.0
2024-01-05 00:00:00+09:00,4077.71431758486,4116.782239190464,3950.7435723666486,3965.39404296875,242900,0.0,0.0
2024-01-09 00:00:00+09:00,4087.481244255515,4502.577905858524,4087.481244255515,4483.0439453125,1024600,0.0,0.0
2024-01-10 00:00:00+09:00,4551.412947635135,4566.063418496622,4404.90823902027,4517.228515625,493500,0.0,0.0
2024-01-11 00:00:00+09:00,4619.781690262431,4634.43216073895,4409.79161343232,4419.55859375,317200,0.0,0.0
2024-01-12 00:00:00+09:00,4404.908013868701,4463.509894319283,4307.238213117733,4409.79150390625,376800,0.0,0.0
2024-01-15 00:00:00+09:00,4395.141214914452,4395.141214914452,4287.704429660987,4317.00537109375,80300,0.0,0.0
2024-01-16 00:00:00+09:00,4395.141354955808,4395.141354955808,4238.869662335157,4351.18994140625,248500,0.0,0.0
2024-01-17 00:00:00+09:00,4458.626566092705,4536.762409529159,4380.49072265625,4380.49072265625,258300,0.0,0.0
2024-01-18 00:00:00+09:00,4487.927718233471,4732.102240444215,4483.044227789256,4727.21875,528800,0.0,0.0
2024-01-19 00:00:00+09:00,4673.500541777155,4683.267523055686,4512.345350681391,4546.52978515625,338200,0.0,0.0
2024-01-22 00:00:00+09:00,4585.597137647216,4585.597137647216,4468.3933769405785,4561.1796875,160000,0.0,0.0
2024-01-23 00:00:00+09:00,4580.713882261232,4580.713882261232,4424.442193314154,4429.32568359375,212900,0.0,0.0
2024-01-24 00:00:00+09:00,4453.742852393617,4458.626342363347,4326.772113180641,4360.95654296875,186100,0.0,0.0
2024-01-25 00:00:00+09:00,4351.189642402564,4395.141052931882,4253.519841226299,4346.30615234375,259300,0.0,0.0
2024-01-26 00:00:00+09:00,4336.539494056094,4395.141379110905,4282.8210994225155,4287.70458984375,185600,0.0,0.0
2024-01-29 00:00:00+09:00,4395.141033793605,4531.878754844961,4380.490563680959,4409.79150390625,277600,0.0,0.0
2024-01-30 00:00:00+09:00,4365.840354754895,4365.840354754895,4263.287057831122,4302.35498046875,249600,0.0,0.0
2024-01-31 00:00:00+09:00,4263.286821343926,4346.30615234375,4204.684940638167,4346.30615234375,267000,0.0,0.0
2024-02-01 00:00:00+09:00,4277.937152728624,4346.306011333876,4238.869233525623,4312.12158203125,147800,0.0,0.0
2024-02-02 00:00:00+09:00,4360.957139817563,4507.461858960371,4360.957139817563,4370.72412109375,262400,0.0,0.0
2024-02-05 00:00:00+09:00,4502.578102022058,4585.597437959559,4439.092727481618,4566.0634765625,324000,0.0,0.0
2024-02-06 00:00:00+09:00,4605.13105498313,5010.46072366139,4556.296155142375,4839.53857421875,946800,0.0,0.0
2024-02-07 00:00:00+09:00,4839.5386644973905,4961.62591637674,4785.820273670477,4912.791015625,384500,0.0,0.0
2024-02-08 00:00:00+09:00,4912.791055484694,4912.791055484694,4756.519371811224,4785.8203125,383100,0.0,0.0
2024-02-09 00:00:00+09:00,4771.170163997934,4883.490444214875,4707.6847882231405,4727.21875,292200,0.0,0.0
2024-02-13 00:00:00+09:00,4780.937336382047,4780.937336382047,4580.7142201495,4634.4326171875,555400,0.0,0.0
2024-02-14 00:00:00+09:00,3950.74365234375,3950.74365234375,3950.74365234375,3950.74365234375,63500,0.0,0.0
2024-02-15 00:00:00+09:00,3814.005953656949,3814.005953656949,3457.5111590129573,3604.015869140625,1805600,0.0,0.0
2024-02-16 00:00:00+09:00,3560.064356310614,3696.8020819302264,3481.928513099407,3682.151611328125,681500,0.0,0.0
2024-02-19 00:00:00+09:00,3716.3360387438706,3955.627058321334,3672.3846269847445,3921.442626953125,525400,0.0,0.0
2024-02-20 00:00:00+09:00,3897.0253016745396,3906.7922823804906,3721.2196489674175,3779.821533203125,411100,0.0,0.0
2024-02-21 00:00:00+09:00,3765.1708632838304,3804.238784044233,3687.0350217630244,3696.802001953125,312500,0.0,0.0
2024-02-22 00:00:00+09:00,3730.9866501828456,3770.0545732214096,3652.850804105718,3672.384765625,286200,0.0,0.0
2024-02-26 00:00:00+09:00,3721.2195769928317,3750.5205185439563,3555.180908203125,3555.180908203125,670000,0.0,0.0
2024-02-27 00:00:00+09:00,3511.229437442875,3550.2973588608766,3467.2780258476237,3506.345947265625,308100,0.0,0.0
2024-02-28 00:00:00+09:00,3496.579104256465,3574.7149501616377,3486.812123518319,3540.530517578125,233100,0.0,0.0
2024-02-29 00:00:00+09:00,3540.530328251442,3579.598249114906,3486.811937064179,3545.413818359375,153800,0.0,0.0
2024-03-01 00:00:00+09:00,3545.413923961231,3623.549768015473,3501.4625116807197,3511.2294921875,216600,0.0,0.0
2024-03-04 00:00:00+09:00,3511.2295244953316,3608.899330461822,3457.511131213762,3579.598388671875,247200,0.0,0.0
2024-03-05 00:00:00+09:00,3594.248763192612,3721.219507544525,3569.831312355706,3701.685546875,292700,0.0,0.0
2024-03-06 00:00:00+09:00,3652.8507171175374,3945.8601329291046,3647.967226854011,3926.326171875,1137600,0.0,0.0
2024-03-07 00:00:00+09:00,3877.49131062561,3901.9087622038564,3721.2196205248297,3755.404052734375,473100,0.0,0.0
2024-03-08 00:00:00+09:00,3691.9186171875,3745.637009765625,3628.433244140625,3662.61767578125,237200,0.0,0.0
2024-03-11 00:00:00+09:00,3594.248800570539,3623.549741879538,3477.045035334543,3530.763427734375,309000,0.0,0.0
2024-03-12 00:00:00+09:00,3599.132331332781,3706.569117342715,3472.161584230132,3687.03515625,240400,0.0,0.0
2024-03-13 00:00:00+09:00,3711.4525021530512,3779.821364034818,3672.384581077756,3721.219482421875,208500,0.0,0.0
2024-03-14 00:00:00+09:00,3740.753398537789,3828.6562199133505,3682.151517620748,3804.23876953125,161800,0.0,0.0
2024-03-15 00:00:00+09:00,3760.2873678768383,3760.2873678768383,3647.9670958493484,3652.8505859375,178500,0.0,0.0
2024-03-18 00:00:00+09:00,3677.2680960380935,3721.219507544525,3647.967155033806,3701.685546875,140900,0.0,0.0
2024-03-19 00:00:00+09:00,3721.219669423205,3750.5206117021276,3652.850804105718,3672.384765625,120100,0.0,0.0
2024-03-21 00:00:00+09:00,3711.452611154287,3784.7049653218055,3687.035159765114,3730.986572265625,151600,0.0,0.0
2024-03-22 00:00:00+09:00,3726.1029476633894,3784.704828884832,3696.802007052668,3740.75341796875,119700,0.0,0.0
2024-03-25 00:00:00+09:00,3774.9380399816177,3853.073885569853,3735.8701171875,3735.8701171875,203100,0.0,0.0
2024-03-26 00:00:00+09:00,3730.986457814575,3740.7534380706343,3677.26806640625,3677.26806640625,123700,0.0,0.0
2024-03-27 00:00:00+09:00,3701.6856015573535,3779.8214453896985,3696.802111317832,3706.569091796875,140800,0.0,0.0
2024-03-28 00:00:00+09:00,3715.4622599283853,3843.9223912556968,3715.4622599283853,3794.5146484375,114600,44.0,0.0
2024-03-29 00:00:00+09:00,3848.8633785991547,3977.3235170376374,3843.9226040438284,3927.915771484375,184400,0.0,0.0
2024-04-01 00:00:00+09:00,3962.5010485132634,3977.323371637378,3858.7447866444622,3922.974853515625,188200,0.0,0.0
2024-04-02 00:00:00+09:00,3982.264175726443,3997.086498961157,3804.3962969098775,3873.567138671875,206900,0.0,0.0
2024-04-03 00:00:00+09:00,3819.218563248275,3898.270952655743,3789.573917220475,3804.396240234375,151800,0.0,0.0
2024-04-04 00:00:00+09:00,3824.159478976642,3898.2710967862663,3794.5148318527918,3893.330322265625,132100,0.0,0.0
2024-04-05 00:00:00+09:00,3834.0410006201987,3927.9157158415696,3799.4555792228516,3858.744873046875,130400,0.0,0.0
2024-04-08 00:00:00+09:00,3927.91579890477,3972.3827702131257,3567.2392538481054,3651.232421875,640000,0.0,0.0
2024-04-09 00:00:00+09:00,3641.350785275723,3735.2255002285574,3631.4692363333197,3715.46240234375,151500,0.0,0.0
2024-04-10 00:00:00+09:00,3754.988496199898,3774.7515935483184,3636.409912109375,3636.409912109375,129300,0.0,0.0
2024-04-11 00:00:00+09:00,3601.824491749639,3695.6992041546364,3562.298297052798,3636.409912109375,192200,0.0,0.0
2024-04-12 00:00:00+09:00,3616.646976070804,3616.646976070804,3503.0091612489073,3532.65380859375,328500,0.0,0.0
2024-04-15 00:00:00+09:00,3478.3051470588234,3527.712890625,3364.6673368566176,3443.7197265625,314100,0.0,0.0
2024-04-16 00:00:00+09:00,3483.246035818326,3522.7722319694562,3428.8975161105222,3498.068359375,174800,0.0,0.0
2024-04-17 00:00:00+09:00,3532.653606305804,3532.653606305804,3423.9565722656253,3458.5419921875,108800,0.0,0.0
2024-04-18 00:00:00+09:00,3438.779095406519,3493.127615592541,3414.0752225946903,3448.66064453125,114000,0.0,0.0
2024-04-19 00:00:00+09:00,3448.660560145864,3478.3052067946824,3320.200424667651,3344.904296875,164900,0.0,0.0
2024-04-22 00:00:00+09:00,3414.0750940916623,3587.002197265625,3414.0750940916623,3587.002197265625,215200,0.0,0.0
2024-04-23 00:00:00+09:00,3562.298267493087,3587.002138973622,3483.245878755377,3517.831298828125,125300,0.0,0.0
2024-04-24 00:00:00+09:00,3572.1799023304275,3621.587646484375,3532.653707007269,3621.587646484375,132100,0.0,0.0
2024-04-25 00:00:00+09:00,3616.646785783179,3616.646785783179,3547.4759456179268,3601.824462890625,114600,0.0,0.0
2024-04-26 00:00:00+09:00,3606.7652231990805,3626.5283203125,3552.4167061371763,3626.5283203125,92900,0.0,0.0
2024-04-30 00:00:00+09:00,3601.824463872424,3695.6991755508548,3567.2390437803706,3685.817626953125,154100,0.0,0.0
2024-05-01 00:00:00+09:00,3690.7584160877723,3745.10693359375,3651.23222153797,3745.10693359375,160400,0.0,0.0
2024-05-02 00:00:00+09:00,3745.1069481787745,3868.6263066279425,3705.5807534750406,3804.396240234375,194900,0.0,0.0
2024-05-07 00:00:00+09:00,3843.922404516798,3843.922404516798,3661.1137554588013,3685.817626953125,205700,0.0,0.0
2024-05-08 00:00:00+09:00,3661.1139555900327,3725.344024986349,3636.4100827452958,3675.936279296875,128500,0.0,0.0
2024-05-09 00:00:00+09:00,3725.343942512321,4160.132094954077,3710.521619133625,4135.42822265625,715100,0.0,0.0
2024-05-10 00:00:00+09:00,4041.5536176573555,4258.947699780734,4011.9089700950767,4189.77685546875,484200,0.0,0.0
2024-05-13 00:00:00+09:00,4184.83576406995,4258.947377365167,4120.605699214094,4145.3095703125,317700,0.0,0.0
2024-05-14 00:00:00+09:00,4352.8224832286005,4619.6243153447695,4278.710863196332,4545.5126953125,889700,0.0,0.0
2024-05-15 00:00:00+09:00,4426.933707865169,4446.696804775281,4323.1774490870785,4397.2890625,267400,0.0,0.0
2024-05-16 00:00:00+09:00,4520.808768367136,4540.571866808085,4347.88165700883,4476.341796875,174600,0.0,0.0
2024-05-17 00:00:00+09:00,4491.163750397317,4629.505428077322,4451.637556774458,4614.68310546875,211900,0.0,0.0
2024-05-20 00:00:00+09:00,4649.268552573728,4708.557843361066,4525.749196766775,4565.275390625,167700,0.0,0.0
2024-05-21 00:00:00+09:00,4550.453122798055,4565.275445673619,4372.585248291291,4382.466796875,191200,0.0,0.0
2024-05-22 00:00:00+09:00,4412.111472304645,4540.571604756964,4382.46682635411,4501.04541015625,121400,0.0,0.0
2024-05-23 00:00:00+09:00,4501.0456148840385,4525.7494876331275,4407.1708984375,4407.1708984375,90000,0.0,0.0
2024-05-24 00:00:00+09:00,4352.822178756359,4352.822178756359,4229.302820675872,4249.06591796875,159300,0.0,0.0
2024-05-27 00:00:00+09:00,4204.598977481618,4214.480526194853,4036.6126493566176,4115.6650390625,315200,0.0,0.0
2024-05-28 00:00:00+09:00,4115.664895277757,4219.421153141901,4100.842572725736,4110.72412109375,124900,0.0,0.0
2024-05-29 00:00:00+09:00,4076.139020388011,4229.303032063197,3982.2643035548326,3987.205078125,110200,0.0,0.0
2024-05-30 00:00:00+09:00,3932.8563878676473,4016.8495519301473,3903.211741727941,3947.6787109375,122100,0.0,0.0
2024-05-31 00:00:00+09:00,3972.3824467204067,4209.53960771864,3972.3824467204067,4194.71728515625,154700,0.0,0.0
2024-06-03 00:00:00+09:00,4199.658349492281,4199.658349492281,4110.724407973621,4120.60595703125,78900,0.0,0.0
2024-06-04 00:00:00+09:00,4145.309629804238,4318.236729974857,4145.309629804238,4298.4736328125,118300,0.0,0.0
2024-06-05 00:00:00+09:00,4298.473892476517,4328.118540010838,4194.717626106394,4273.77001953125,114300,0.0,0.0
2024-06-06 00:00:00+09:00,4347.8813180126,4402.229834487757,4303.414349987471,4313.2958984375,99500,0.0,0.0
2024-06-07 00:00:00+09:00,4313.295871341485,4397.289032639085,4224.361935849908,4362.70361328125,98100,0.0,0.0
2024-06-10 00:00:00+09:00,4362.704048744966,4367.644823432106,4258.947780315018,4293.533203125,59600,0.0,0.0
2024-06-11 00:00:00+09:00,4293.532887981509,4421.99302041824,4273.76979068355,4417.05224609375,100200,0.0,0.0
2024-06-12 00:00:00+09:00,4387.407570043104,4426.933764367816,4283.651309940733,4298.4736328125,93600,0.0,0.0
2024-06-13 00:00:00+09:00,4323.17782971986,4342.940928370008,4174.95458984375,4174.95458984375,79400,0.0,0.0
2024-06-14 00:00:00+09:00,4199.658453098336,4347.881692619454,4199.658453098336,4342.94091796875,78800,0.0,0.0
2024-06-17 00:00:00+09:00,4337.9997672678155,4342.940541490217,4199.658089040596,4229.302734375,97800,0.0,0.0
2024-06-18 00:00:00+09:00,4249.066150593308,4283.6515727493,4184.836080875037,4189.77685546875,50600,0.0,0.0
2024-06-19 00:00:00+09:00,4194.71751443117,4268.829131293911,4160.132093228557,4219.42138671875,66400,0.0,0.0
2024-06-20 00:00:00+09:00,4219.421272582312,4342.940630678983,4194.717400962977,4333.05908203125,100800,0.0,0.0
2024-06-21 00:00:00+09:00,4263.88826976103,4357.762982536765,4263.88826976103,4283.6513671875,44800,0.0,0.0
2024-06-24 00:00:00+09:00,4333.058997542134,4402.229836727528,4268.82893258427,4397.2890625,62900,0.0,0.0
2024-06-25 00:00:00+09:00,4426.9341405375135,4481.282662352149,4392.348717564564,4412.11181640625,76100,0.0,0.0
2024-06-26 00:00:00+09:00,4397.289465910694,4417.052564633888,4357.763268464306,4377.5263671875,50300,0.0,0.0
2024-06-27 00:00:00+09:00,4352.822264537514,4481.282399472787,4313.296069172815,4436.8154296875,76600,0.0,0.0
2024-06-28 00:00:00+09:00,4451.637608760974,4471.400705803198,4377.525994852634,4431.87451171875,77700,0.0,0.0
2024-07-01 00:00:00+09:00,4501.045323482291,4604.801582311191,4436.815258492971,4481.2822265625,153400,0.0,0.0
2024-07-02 00:00:00+09:00,4530.689938693577,4560.334583875868,4407.170583767362,4446.69677734375,118800,0.0,0.0
2024-07-03 00:00:00+09:00,4426.93405511811,4426.93405511811,4342.940886661629,4392.3486328125,131300,0.0,0.0
2024-07-04 00:00:00+09:00,4451.637893077067,4525.74951171875,4412.11169646817,4525.74951171875,108400,0.0,0.0
2024-07-05 00:00:00+09:00,4486.22305810979,4555.393898212804,4441.756089472137,4466.4599609375,121100,0.0,0.0
2024-07-08 00:00:00+09:00,4505.986125627091,4585.038513795987,4397.289091894858,4431.87451171875,204200,0.0,0.0
2024-07-09 00:00:00+09:00,4446.697008287584,4456.57855719489,4288.5922257706925,4387.40771484375,162300,0.0,0.0
2024-07-10 00:00:00+09:00,4387.40762867647,4417.052274816177,4337.999885110294,4367.64453125,71800,0.0,0.0
2024-07-11 00:00:00+09:00,4407.170754319245,4486.22314453125,4323.177589718991,4486.22314453125,127800,0.0,0.0
2024-07-12 00:00:00+09:00,4417.052358366662,4585.038689669197,4402.230035016439,4555.39404296875,127600,0.0,0.0
2024-07-16 00:00:00+09:00,4599.860896658034,4639.387091258747,4476.341538530804,4501.04541015625,207300,0.0,0.0
2024-07-17 00:00:00+09:00,4570.216142638656,4827.136401468072,4560.3345942221395,4782.66943359375,345400,0.0,0.0
2024-07-18 00:00:00+09:00,4728.321175508721,4797.4920182016385,4664.091107293869,4673.97265625,152200,0.0,0.0
2024-07-19 00:00:00+09:00,4654.209530376397,4664.091079273163,4560.334815857129,4639.38720703125,86400,0.0,0.0
2024-07-22 00:00:00+09:00,4585.038908038502,4753.025247341637,4570.216583982343,4748.08447265625,135300,0.0,0.0
2024-07-23 00:00:00+09:00,4757.965995356722,4797.492192618252,4683.854375491353,4713.4990234375,124000,0.0,0.0
2024-07-24 00:00:00+09:00,4757.96582451729,4792.5512458793055,4575.157168746636,4589.9794921875,133300,0.0,0.0
2024-07-25 00:00:00+09:00,4466.460284236348,4466.460284236348,4318.237044715231,4342.94091796875,182800,0.0,0.0
2024-07-26 00:00:00+09:00,4352.822525930187,4456.578794993222,4308.3555534746,4328.11865234375,100400,0.0,0.0
2024-07-29 00:00:00+09:00,4372.585592506702,4431.874888676283,4273.770098890731,4377.5263671875,108300,0.0,0.0
2024-07-30 00:00:00+09:00,4318.236845793547,4328.118394639757,4239.184455023871,4268.8291015625,88200,0.0,0.0
2024-07-31 00:00:00+09:00,4224.362273640715,4273.77001953125,4155.191429393967,4273.77001953125,76600,0.0,0.0
2024-08-01 00:00:00+09:00,4170.013679263871,4179.895228266866,3918.0341796875,3918.0341796875,275700,0.0,0.0
2024-08-02 00:00:00+09:00,3735.225469351733,4011.9088374518615,3710.521597199936,3848.86328125,248500,0.0,0.0
2024-08-05 00:00:00+09:00,3572.1798273364143,3611.706021829763,3157.15478515625,3157.15478515625,309800,0.0,0.0
2024-08-06 00:00:00+09:00,3433.838332485145,3675.936286861796,3270.7927713743397,3507.949951171875,424300,0.0,0.0
2024-08-07 00:00:00+09:00,3438.7789120098864,3804.39621012588,3433.8381377110213,3685.817626953125,207200,0.0,0.0
2024-08-08 00:00:00+09:00,3685.8178008660534,3740.166320717966,3611.706182886173,3641.350830078125,160200,0.0,0.0
2024-08-09 00:00:00+09:00,3695.6992764261745,3750.0477951971475,3587.002238884228,3680.876953125,121900,0.0,0.0
2024-08-13 00:00:00+09:00,3863.6855753426016,3987.204935168132,3858.74480094958,3898.27099609375,300000,0.0,0.0
2024-08-14 00:00:00+09:00,3759.9294469689808,3908.152684037403,3582.061562486874,3675.936279296875,940100,0.0,0.0
2024-08-15 00:00:00+09:00,3725.3439765222297,3932.856505718428,3715.4624275128867,3834.041015625,450900,0.0,0.0
2024-08-16 00:00:00+09:00,3957.5604501517714,3962.5012247462178,3789.574113940585,3878.508056640625,279100,0.0,0.0
2024-08-19 00:00:00+09:00,3878.508004509802,3908.15265167803,3725.343994140625,3725.343994140625,169600,0.0,0.0
2024-08-20 00:00:00+09:00,3759.929271792891,4066.2572807957285,3759.929271792891,3972.382568359375,371500,0.0,0.0
2024-08-21 00:00:00+09:00,3922.974796232944,3987.204862166229,3868.6262789047796,3937.797119140625,194800,0.0,0.0
2024-08-22 00:00:00+09:00,4041.5534677112596,4076.1388885840943,3927.9156562719454,3957.560302734375,186100,0.0,0.0
2024-08-23 00:00:00+09:00,4026.7311147791174,4140.368925380246,4016.8495660311933,4090.961181640625,168600,0.0,0.0
2024-08-26 00:00:00+09:00,4041.553542224937,4041.553542224937,3908.1526306845053,3918.0341796875,187800,0.0,0.0
2024-08-27 00:00:00+09:00,3922.974810359454,3927.9155846798058,3843.9224212338227,3913.09326171875,117500,0.0,0.0
2024-08-28 00:00:00+09:00,3927.9157532560052,4036.61279296875,3908.1526551264155,4036.61279296875,121100,0.0,0.0
2024-08-29 00:00:00+09:00,3967.44199141245,4061.316708519345,3947.6788930741563,4046.494384765625,89500,0.0,0.0
2024-08-30 00:00:00+09:00,4051.434888907358,4179.89501953125,4016.8494691240026,4179.89501953125,129200,0.0,0.0
2024-09-02 00:00:00+09:00,4224.362046352652,4249.06591796875,4145.309657181141,4249.06591796875,105300,0.0,0.0
2024-09-03 00:00:00+09:00,4249.06624251497,4278.710890718563,4120.606100299401,4125.546875,105700,0.0,0.0
2024-09-04 00:00:00+09:00,3952.61962890625,4046.4943450927735,3932.8565307617187,3952.61962890625,144200,0.0,0.0
2024-09-05 00:00:00+09:00,3932.8565460397012,4090.9613318101415,3893.3303495970913,3927.915771484375,131700,0.0,0.0
2024-09-06 00:00:00+09:00,3927.9156135110293,3947.6787109375,3834.040900735294,3863.685546875,115200,0.0,0.0
2024-09-09 00:00:00+09:00,3680.8769647958047,3848.8632960750765,3675.9361903464146,3824.159423828125,154700,0.0,0.0
2024-09-10 00:00:00+09:00,3853.8041289214493,3868.6264524942244,3759.9294129605423,3809.337158203125,102200,0.0,0.0
2024-09-11 00:00:00+09:00,3779.6923828125,3794.514705882353,3666.054572610294,3695.69921875,100100,0.0,0.0
2024-09-12 00:00:00+09:00,3759.9293855197766,3804.396355913572,3725.3439641023806,3774.751708984375,100400,0.0,0.0
2024-09-13 00:00:00+09:00,3789.5740347457536,3789.5740347457536,3680.8769959394867,3690.758544921875,99900,0.0,0.0
2024-09-17 00:00:00+09:00,3735.2253849562994,3863.6855172431565,3670.995318812871,3745.10693359375,146900,0.0,0.0
2024-09-18 00:00:00+09:00,3779.6923396159277,3809.3369854168373,3745.106919514867,3769.810791015625,69600,0.0,0.0
2024-09-19 00:00:00+09:00,3853.804135270043,4041.553567501148,3829.100262608056,4036.61279296875,158600,0.0,0.0
2024-09-20 00:00:00+09:00,4041.5534815113774,4086.0204513568574,4006.968060520449,4016.849609375,103600,0.0,0.0
2024-09-24 00:00:00+09:00,4051.435131956204,4090.9613283655326,3992.1458373422106,4011.908935546875,74300,0.0,0.0
2024-09-25 00:00:00+09:00,4011.908749337924,4150.250430349576,3997.0864263723897,4081.07958984375,80800,0.0,0.0
2024-09-26 00:00:00+09:00,4150.250569476082,4352.822323462415,4105.783599088838,4338.0,226300,0.0,0.0
2024-09-27 00:00:00+09:00,4405.0,4425.0,4325.0,4375.0,117800,52.0,0.0
2024-09-30 00:00:00+09:00,4165.0,4300.0,4160.0,4210.0,93500,0.0,0.0
2024-10-01 00:00:00+09:00,4235.0,4325.0,4185.0,4310.0,85100,0.0,0.0
2024-10-02 00:00:00+09:00,4240.0,4265.0,4110.0,4135.0,111900,0.0,0.0
2024-10-03 00:00:00+09:00,4180.0,4215.0,4120.0,4120.0,64500,0.0,0.0
2024-10-04 00:00:00+09:00,4125.0,4220.0,4125.0,4170.0,114000,0.0,0.0
2024-10-07 00:00:00+09:00,4240.0,4385.0,4215.0,4375.0,140300,0.0,0.0
2024-10-08 00:00:00+09:00,4300.0,4340.0,4105.0,4115.0,115700,0.0,0.0
2024-10-09 00:00:00+09:00,4170.0,4175.0,4070.0,4105.0,86100,0.0,0.0
2024-10-10 00:00:00+09:00,4125.0,4130.0,4050.0,4105.0,59000,0.0,0.0
2024-10-11 00:00:00+09:00,4095.0,4125.0,4025.0,4030.0,74400,0.0,0.0
2024-10-15 00:00:00+09:00,4075.0,4125.0,4040.0,4050.0,92000,0.0,0.0
2024-10-16 00:00:00+09:00,3980.0,4115.0,3925.0,4020.0,115300,0.0,0.0
2024-10-17 00:00:00+09:00,4065.0,4170.0,4035.0,4080.0,74100,0.0,0.0
2024-10-18 00:00:00+09:00,4080.0,4100.0,3995.0,4000.0,54900,0.0,0.0
2024-10-21 00:00:00+09:00,4000.0,4015.0,3885.0,3925.0,92500,0.0,0.0
2024-10-22 00:00:00+09:00,3930.0,3930.0,3825.0,3825.0,73300,0.0,0.0
2024-10-23 00:00:00+09:00,3850.0,3895.0,3810.0,3810.0,45100,0.0,0.0
2024-10-24 00:00:00+09:00,3780.0,3815.0,3750.0,3790.0,58900,0.0,0.0
2024-10-25 00:00:00+09:00,3790.0,3805.0,3710.0,3730.0,54800,0.0,0.0
2024-10-28 00:00:00+09:00,3710.0,3835.0,3710.0,3800.0,63400,0.0,0.0
2024-10-29 00:00:00+09:00,3850.0,3850.0,3775.0,3840.0,57100,0.0,0.0
2024-10-30 00:00:00+09:00,3820.0,3865.0,3795.0,3820.0,48700,0.0,0.0
2024-10-31 00:00:00+09:00,3850.0,3875.0,3810.0,3830.0,37200,0.0,0.0
2024-11-01 00:00:00+09:00,3790.0,3830.0,3745.0,3745.0,61400,0.0,0.0
2024-11-05 00:00:00+09:00,3780.0,3785.0,3720.0,3755.0,42800,0.0,0.0
2024-11-06 00:00:00+09:00,3800.0,3825.0,3740.0,3815.0,106600,0.0,0.0
2024-11-07 00:00:00+09:00,3850.0,3880.0,3770.0,3855.0,110500,0.0,0.0
2024-11-08 00:00:00+09:00,3825.0,3875.0,3810.0,3825.0,65300,0.0,0.0
2024-11-11 00:00:00+09:00,3840.0,3855.0,3780.0,3790.0,99000,0.0,0.0
2024-11-12 00:00:00+09:00,3795.0,3840.0,3760.0,3815.0,92200,0.0,0.0
2024-11-13 00:00:00+09:00,3820.0,3885.0,3335.0,3400.0,626300,0.0,0.0
2024-11-14 00:00:00+09:00,3470.0,3690.0,3450.0,3605.0,418600,0.0,0.0
2024-11-15 00:00:00+09:00,3605.0,3685.0,3530.0,3530.0,211900,0.0,0.0
2024-11-18 00:00:00+09:00,3470.0,3625.0,3455.0,3510.0,157000,0.0,0.0
2024-11-19 00:00:00+09:00,3560.0,3660.0,3560.0,3570.0,104000,0.0,0.0
2024-11-20 00:00:00+09:00,3620.0,3625.0,3530.0,3600.0,82600,0.0,0.0
2024-11-21 00:00:00+09:00,3605.0,3650.0,3570.0,3630.0,99200,0.0,0.0
2024-11-22 00:00:00+09:00,3630.0,3745.0,3630.0,3730.0,103800,0.0,0.0
2024-11-25 00:00:00+09:00,3680.0,3780.0,3645.0,3645.0,172800,0.0,0.0
2024-11-26 00:00:00+09:00,3635.0,3725.0,3610.0,3720.0,112300,0.0,0.0
2024-11-27 00:00:00+09:00,3770.0,3815.0,3625.0,3705.0,140000,0.0,0.0
2024-11-28 00:00:00+09:00,3650.0,3740.0,3650.0,3715.0,52300,0.0,0.0
2024-11-29 00:00:00+09:00,3740.0,3785.0,3705.0,3725.0,57600,0.0,0.0
2024-12-02 00:00:00+09:00,3660.0,3700.0,3650.0,3670.0,67000,0.0,0.0
2024-12-03 00:00:00+09:00,3710.0,3725.0,3680.0,3695.0,52900,0.0,0.0
2024-12-04 00:00:00+09:00,3690.0,3695.0,3615.0,3635.0,92100,0.0,0.0
2024-12-05 00:00:00+09:00,3630.0,3765.0,3630.0,3685.0,136000,0.0,0.0
2024-12-06 00:00:00+09:00,3655.0,3780.0,3635.0,3755.0,153900,0.0,0.0
2024-12-09 00:00:00+09:00,3785.0,3800.0,3690.0,3770.0,69800,0.0,0.0
2024-12-10 00:00:00+09:00,3820.0,3920.0,3795.0,3825.0,157400,0.0,0.0
2024-12-11 00:00:00+09:00,3855.0,3880.0,3820.0,3825.0,66000,0.0,0.0
2024-12-12 00:00:00+09:00,3820.0,3825.0,3775.0,3795.0,44500,0.0,0.0
2024-12-13 00:00:00+09:00,3840.0,3840.0,3765.0,3775.0,36000,0.0,0.0
2024-12-16 00:00:00+09:00,3755.0,3815.0,3730.0,3785.0,34900,0.0,0.0
2024-12-17 00:00:00+09:00,3810.0,3845.0,3775.0,3785.0,62900,0.0,0.0
2024-12-18 00:00:00+09:00,3770.0,3770.0,3715.0,3730.0,52000,0.0,0.0
2024-12-19 00:00:00+09:00,3700.0,3725.0,3650.0,3705.0,78500,0.0,0.0
2024-12-20 00:00:00+09:00,3725.0,4010.0,3720.0,3890.0,306800,0.0,0.0
2024-12-23 00:00:00+09:00,3870.0,3870.0,3795.0,3855.0,83900,0.0,0.0
2024-12-24 00:00:00+09:00,3870.0,3880.0,3775.0,3780.0,75500,0.0,0.0
2024-12-25 00:00:00+09:00,3810.0,3810.0,3750.0,3770.0,44300,0.0,0.0
2024-12-26 00:00:00+09:00,3760.0,3880.0,3760.0,3870.0,90500,0.0,0.0
2024-12-27 00:00:00+09:00,3910.0,3960.0,3880.0,3940.0,65100,0.0,0.0
2024-12-30 00:00:00+09:00,3970.0,3985.0,3885.0,3940.0,65400,0.0,0.0
2025-01-06 00:00:00+09:00,3935.0,3940.0,3770.0,3790.0,139700,0.0,0.0
2025-01-07 00:00:00+09:00,3835.0,3850.0,3785.0,3790.0,61000,0.0,0.0
2025-01-08 00:00:00+09:00,3860.0,3860.0,3685.0,3685.0,133700,0.0,0.0
2025-01-09 00:00:00+09:00,3690.0,3785.0,3655.0,3775.0,83800,0.0,0.0
2025-01-10 00:00:00+09:00,3730.0,3765.0,3630.0,3630.0,143000,0.0,0.0
2025-01-14 00:00:00+09:00,3615.0,3660.0,3575.0,3620.0,99000,0.0,0.0
2025-01-15 00:00:00+09:00,3635.0,3760.0,3635.0,3695.0,116800,0.0,0.0
2025-01-16 00:00:00+09:00,3710.0,3755.0,3650.0,3670.0,87200,0.0,0.0
2025-01-17 00:00:00+09:00,3670.0,3770.0,3670.0,3770.0,83500,0.0,0.0
2025-01-20 00:00:00+09:00,3795.0,3795.0,3690.0,3730.0,74000,0.0,0.0
2025-01-21 00:00:00+09:00,3730.0,3770.0,3680.0,3760.0,57400,0.0,0.0
2025-01-22 00:00:00+09:00,3765.0,3805.0,3735.0,3785.0,52900,0.0,0.0
2025-01-23 00:00:00+09:00,3790.0,3805.0,3745.0,3745.0,42600,0.0,0.0
2025-01-24 00:00:00+09:00,3745.0,3810.0,3745.0,3800.0,63900,0.0,0.0
2025-01-27 00:00:00+09:00,3850.0,3975.0,3845.0,3935.0,157800,0.0,0.0
2025-01-28 00:00:00+09:00,3940.0,4175.0,3930.0,4175.0,222700,0.0,0.0
2025-01-29 00:00:00+09:00,4135.0,4195.0,4095.0,4120.0,94100,0.0,0.0
2025-01-30 00:00:00+09:00,4090.0,4130.0,4065.0,4130.0,67500,0.0,0.0
2025-01-31 00:00:00+09:00,4125.0,4130.0,4025.0,4085.0,69200,0.0,0.0
2025-02-03 00:00:00+09:00,4015.0,4045.0,3975.0,4000.0,67600,0.0,0.0
2025-02-04 00:00:00+09:00,4015.0,4065.0,4000.0,4010.0,53600,0.0,0.0
2025-02-05 00:00:00+09:00,3985.0,4000.0,3935.0,3955.0,58500,0.0,0.0
2025-02-06 00:00:00+09:00,3955.0,4025.0,3955.0,3995.0,42700,0.0,0.0
2025-02-07 00:00:00+09:00,3985.0,4020.0,3945.0,3965.0,43100,0.0,0.0
2025-02-10 00:00:00+09:00,3920.0,3950.0,3865.0,3905.0,62400,0.0,0.0
2025-02-12 00:00:00+09:00,3945.0,3995.0,3910.0,3995.0,69500,0.0,0.0
2025-02-13 00:00:00+09:00,4020.0,4025.0,3955.0,3975.0,142400,0.0,0.0
2025-02-14 00:00:00+09:00,3415.0,3510.0,3280.0,3365.0,858800,0.0,0.0
2025-02-17 00:00:00+09:00,3370.0,3370.0,3150.0,3185.0,494700,0.0,0.0
2025-02-18 00:00:00+09:00,3120.0,3185.0,3075.0,3075.0,336500,0.0,0.0
2025-02-19 00:00:00+09:00,3115.0,3165.0,3090.0,3125.0,164700,0.0,0.0
2025-02-20 00:00:00+09:00,3170.0,3180.0,3020.0,3040.0,214800,0.0,0.0
2025-02-21 00:00:00+09:00,3040.0,3115.0,3020.0,3040.0,117300,0.0,0.0
2025-02-25 00:00:00+09:00,3040.0,3075.0,2985.0,3020.0,92800,0.0,0.0
2025-02-26 00:00:00+09:00,3030.0,3045.0,2975.0,3015.0,164800,0.0,0.0
2025-02-27 00:00:00+09:00,3035.0,3050.0,3015.0,3025.0,52600,0.0,0.0
2025-02-28 00:00:00+09:00,3000.0,3005.0,2901.0,2922.0,210600,0.0,0.0
2025-03-03 00:00:00+09:00,2939.0,2944.0,2912.0,2929.0,103700,0.0,0.0
2025-03-04 00:00:00+09:00,2912.0,2964.0,2912.0,2964.0,62700,0.0,0.0
2025-03-05 00:00:00+09:00,2952.0,3020.0,2952.0,3000.0,83700,0.0,0.0
2025-03-06 00:00:00+09:00,3010.0,3020.0,2760.0,2840.0,362500,0.0,0.0
2025-03-07 00:00:00+09:00,2812.0,2858.0,2788.0,2791.0,191700,0.0,0.0
2025-03-10 00:00:00+09:00,2805.0,2819.0,2776.0,2804.0,155100,0.0,0.0
2025-03-11 00:00:00+09:00,2777.0,2850.0,2753.0,2850.0,146500,0.0,0.0
2025-03-12 00:00:00+09:00,2850.0,2879.0,2803.0,2812.0,82500,0.0,0.0
2025-03-13 00:00:00+09:00,2826.0,2861.0,2825.0,2825.0,80900,0.0,0.0
2025-03-14 00:00:00+09:00,2827.0,2907.0,2827.0,2880.0,90100,0.0,0.0
