Date,Open,High,Low,Close,Volume,Dividends,Stock Splits
2015-03-20 00:00:00+09:00,2177.2488428965335,2204.8089548319326,2158.875434939601,2186.435546875,1336500,0.0,0.0
2015-03-23 00:00:00+09:00,2259.92914627259,2296.6759616591366,2250.742442425954,2287.4892578125,3024000,0.0,0.0
2015-03-24 00:00:00+09:00,2296.6760350024606,2342.60955570251,2287.489330862451,2333.4228515625,3069000,0.0,0.0
2015-03-25 00:00:00+09:00,2333.422777045683,2333.422777045683,2269.1158501192267,2287.4892578125,2056300,0.0,0.0
2015-03-26 00:00:00+09:00,2250.742795339828,2259.929500626929,2223.182679478524,2232.369384765625,1476000,0.0,0.0
2015-03-27 00:00:00+09:00,2232.369066767332,2250.7424747242644,2177.2488428965335,2186.435546875,1962400,0.0,0.0
2015-03-30 00:00:00+09:00,2177.2488428965335,2213.995658810399,2158.875434939601,2186.435546875,1469000,0.0,0.0
2015-03-31 00:00:00+09:00,2213.9957135139625,2213.9957135139625,2158.87548828125,2158.87548828125,1858500,0.0,0.0
2015-04-01 00:00:00+09:00,2158.875478769278,2177.248887099229,2122.128662109375,2122.128662109375,1758200,0.0,0.0
2015-04-02 00:00:00+09:00,2122.128662109375,2149.688774604302,2103.7552537794236,2122.128662109375,1533800,0.0,0.0
2015-04-03 00:00:00+09:00,2158.875478769278,2158.875478769278,2112.9419579443993,2122.128662109375,1233800,0.0,0.0
2015-04-06 00:00:00+09:00,2232.3692661830355,2269.116085379464,2204.809151785714,2250.74267578125,4466200,0.0,0.0
2015-04-07 00:00:00+09:00,2232.3691581330927,2305.86279296875,2232.3691581330927,2305.86279296875,2637500,0.0,0.0
2015-04-08 00:00:00+09:00,2305.862601003339,2315.049304592994,2269.11578664472,2278.302490234375,2125200,0.0,0.0
2015-04-09 00:00:00+09:00,2278.302911201132,2278.302911201132,2223.182679478524,2232.369384765625,1344200,0.0,0.0
2015-04-10 00:00:00+09:00,2223.182499119493,2259.9293172867574,2213.995794577677,2241.555908203125,1206600,0.0,0.0
2015-04-13 00:00:00+09:00,2259.929208984375,2305.8627294921876,2241.5558007812497,2296.676025390625,2056300,0.0,0.0
2015-04-14 00:00:00+09:00,2305.86264592951,2452.8499062278056,2305.86264592951,2425.289794921875,6722800,0.0,0.0
2015-04-15 00:00:00+09:00,2425.289858490566,2471.2233785377357,2397.7297464622643,2434.4765625,3157300,0.0,0.0
2015-04-16 00:00:00+09:00,2425.2896547833934,2581.4636098262636,2416.1029515455775,2544.716796875,10630300,0.0,0.0
2015-04-17 00:00:00+09:00,2599.8372236814535,2654.9574475050886,2360.9829204457014,2397.729736328125,10370400,0.0,0.0
2015-04-20 00:00:00+09:00,2360.983154296875,2416.103383580071,2342.60974453581,2360.983154296875,3766200,0.0,0.0
2015-04-21 00:00:00+09:00,2379.3564453125,2388.543149734556,2342.609627624276,2379.3564453125,2261600,0.0,0.0
2015-04-22 00:00:00+09:00,2388.542979847301,2434.4764986905184,2370.1695723100142,2425.289794921875,3416600,0.0,0.0
2015-04-23 00:00:00+09:00,2443.6632241641773,2507.970151115866,2443.6632241641773,2498.783447265625,3983400,0.0,0.0
2015-04-24 00:00:00+09:00,2507.9701401440066,2507.9701401440066,2452.8499172836987,2462.03662109375,2009900,0.0,0.0
2015-04-27 00:00:00+09:00,2471.2233785377357,2480.41008254717,2416.103154481132,2434.4765625,1362800,0.0,0.0
2015-04-28 00:00:00+09:00,2425.2896663287215,2462.036479454914,2406.916259765625,2406.916259765625,1583100,0.0,0.0
2015-04-30 00:00:00+09:00,2397.729917555589,2416.103326885517,2379.3565082256614,2388.543212890625,1699500,0.0,0.0
2015-05-01 00:00:00+09:00,2360.9830988957333,2406.916622220553,2333.4229849008416,2388.543212890625,2130400,0.0,0.0
2015-05-07 00:00:00+09:00,2370.1698591774075,2397.7299738190054,2342.60974453581,2360.983154296875,1130100,0.0,0.0
2015-05-08 00:00:00+09:00,2351.796269379845,2397.72979026617,2351.796269379845,2370.169677734375,1070000,0.0,0.0
2015-05-11 00:00:00+09:00,1635.2331928453948,1929.207699424342,1635.2331928453948,1745.4736328125,32894300,0.0,0.0
2015-05-12 00:00:00+09:00,1791.4072682168246,1956.767939129147,1773.0338603376777,1938.39453125,18732900,0.0,0.0
2015-05-13 00:00:00+09:00,1947.5810184289915,1993.5145330145808,1837.3405834235768,1855.7139892578125,17329200,0.0,0.0
2015-05-14 00:00:00+09:00,1837.3406982421875,1901.6476226806642,1828.1539947509766,1837.3406982421875,9331800,0.0,0.0
2015-05-15 00:00:00+09:00,1846.527355563256,1874.0874653477822,1626.0464772870464,1708.726806640625,24566500,0.0,0.0
2015-05-18 00:00:00+09:00,1671.9802621694712,1699.5403763810557,1479.0594626883783,1552.5531005859375,28103600,0.0,0.0
2015-05-19 00:00:00+09:00,1524.9927528782896,1598.4863795230262,1497.4326428865131,1570.92626953125,16539700,0.0,0.0
2015-05-20 00:00:00+09:00,1570.9263813681232,1589.2997893373408,1534.1795654296875,1534.1795654296875,10587300,0.0,0.0
2015-05-21 00:00:00+09:00,1534.179560250947,1561.7396721117425,1515.80615234375,1515.80615234375,6639300,0.0,0.0
2015-05-22 00:00:00+09:00,1524.992919921875,1543.3663285956325,1506.6195112481175,1524.992919921875,5417100,0.0,0.0
2015-05-25 00:00:00+09:00,1543.3661657785406,1626.0464960881052,1534.179462410811,1589.2996826171875,7973500,0.0,0.0
2015-05-26 00:00:00+09:00,1570.9262190193965,1626.0464372306035,1570.9262190193965,1598.486328125,5221200,0.0,0.0
2015-05-27 00:00:00+09:00,1598.4863210278888,1626.0464300111282,1580.1129150390625,1580.1129150390625,4144400,0.0,0.0
2015-05-28 00:00:00+09:00,1589.2997350356159,1598.486438706342,1561.7396240234375,1561.7396240234375,3440300,0.0,0.0
2015-05-29 00:00:00+09:00,1570.9262190193965,1598.486328125,1534.1794068785919,1598.486328125,6863400,0.0,0.0
2015-06-01 00:00:00+09:00,1580.112979249458,1616.8597927203757,1570.9262758817288,1589.2996826171875,3337500,0.0,0.0
2015-06-02 00:00:00+09:00,1598.4863210278888,1598.4863210278888,1561.7395090502362,1580.1129150390625,3035000,0.0,0.0
2015-06-03 00:00:00+09:00,1570.9262120446492,1589.2996180334756,1561.7395090502362,1580.1129150390625,3024500,0.0,0.0
2015-06-04 00:00:00+09:00,1580.1129150390625,1598.4863210278888,1580.1129150390625,1580.1129150390625,1252300,0.0,0.0
2015-06-05 00:00:00+09:00,1570.92626953125,1580.112972861842,1543.3661595394738,1570.92626953125,5018000,0.0,0.0
2015-06-08 00:00:00+09:00,1570.9265100603272,1580.1132147975222,1552.5531005859375,1552.5531005859375,1101900,0.0,0.0
2015-06-09 00:00:00+09:00,1543.3663330078125,1552.5530373709541,1524.992924281529,1543.3663330078125,3366600,0.0,0.0
2015-06-10 00:00:00+09:00,1561.7398053231323,1589.299919534717,1552.5531005859375,1552.5531005859375,4265200,0.0,0.0
2015-06-11 00:00:00+09:00,1570.9262120446492,1580.1129150390625,1561.7395090502362,1580.1129150390625,1996200,0.0,0.0
2015-06-12 00:00:00+09:00,1570.9263276941635,1570.9263276941635,1561.7396240234375,1561.7396240234375,1024500,0.0,0.0
2015-06-15 00:00:00+09:00,1570.9263276941635,1580.1130313648896,1561.7396240234375,1561.7396240234375,833500,0.0,0.0
2015-06-16 00:00:00+09:00,1570.9263276941635,1570.9263276941635,1561.7396240234375,1561.7396240234375,627700,0.0,0.0
2015-06-17 00:00:00+09:00,1570.9264460972377,1570.9264460972377,1543.3663330078125,1543.3663330078125,1812200,0.0,0.0
2015-06-18 00:00:00+09:00,1552.552968158144,1552.552968158144,1515.80615234375,1515.80615234375,2015500,0.0,0.0
2015-06-19 00:00:00+09:00,1524.9928614450787,1534.1795654296875,1497.4327494912518,1534.1795654296875,4500300,0.0,0.0
2015-06-22 00:00:00+09:00,1534.1796242587536,1570.9264416062688,1515.8062155849962,1524.992919921875,5332600,0.0,0.0
2015-06-23 00:00:00+09:00,1515.8061471014666,1524.9928510232937,1469.8726274923313,1497.4327392578125,6101000,0.0,0.0
2015-06-24 00:00:00+09:00,1479.0593894675926,1497.4327980324074,1460.6859809027778,1488.24609375,4257000,0.0,0.0
2015-06-25 00:00:00+09:00,1479.0593849182128,1488.2460891723633,1469.8726806640625,1469.8726806640625,1567900,0.0,0.0
2015-06-26 00:00:00+09:00,1469.872676028481,1488.246084478837,1442.3125633529469,1451.499267578125,5021900,0.0,0.0
2015-06-29 00:00:00+09:00,1414.7525634765625,1433.1259733918425,1396.3791535612825,1414.7525634765625,4360300,0.0,0.0
2015-06-30 00:00:00+09:00,1396.37908321099,1405.565787705799,1350.4455607369443,1368.8189697265625,7097700,0.0,0.0
2015-07-01 00:00:00+09:00,1359.6322692466888,1405.565791856374,1359.6322692466888,1387.1923828125,3663400,0.0,0.0
2015-07-02 00:00:00+09:00,1414.7524637361853,1515.8062111459128,1405.56575942621,1506.6195068359375,7420300,0.0,0.0
2015-07-03 00:00:00+09:00,1488.246098215987,1561.739732695789,1479.0593939060118,1506.6195068359375,9077800,0.0,0.0
2015-07-06 00:00:00+09:00,1488.2461528896545,1506.6195621845886,1479.0594482421875,1479.0594482421875,2457400,0.0,0.0
2015-07-07 00:00:00+09:00,1488.2460404829546,1580.1130800189394,1488.2460404829546,1515.80615234375,5184700,0.0,0.0
2015-07-08 00:00:00+09:00,1515.8062668320556,1534.1796761269895,1479.0594482421875,1479.0594482421875,2700600,0.0,0.0
2015-07-09 00:00:00+09:00,1451.499285226845,1543.3663285956325,1423.9391722162086,1524.992919921875,5799200,0.0,0.0
2015-07-10 00:00:00+09:00,1524.9926970725835,1598.4863210278888,1506.6192910837572,1580.1129150390625,7394600,0.0,0.0
2015-07-13 00:00:00+09:00,1580.1128802592527,1644.4197998046875,1580.1128802592527,1644.4197998046875,5614500,0.0,0.0
2015-07-14 00:00:00+09:00,1699.5400760950668,1699.5400760950668,1616.8597480688204,1635.233154296875,7714100,0.0,0.0
2015-07-15 00:00:00+09:00,1644.4198433010058,1653.6065463362067,1589.2996250897988,1598.486328125,5392400,0.0,0.0
2015-07-16 00:00:00+09:00,1598.4863210278888,1607.673024022302,1561.7395090502362,1580.1129150390625,4971100,0.0,0.0
2015-07-17 00:00:00+09:00,1543.3663285956325,1561.73973726939,1506.6195112481175,1524.992919921875,7725500,0.0,0.0
2015-07-21 00:00:00+09:00,1543.3661166104403,1616.8597412109375,1534.1794135353782,1616.8597412109375,5565500,0.0,0.0
2015-07-22 00:00:00+09:00,1598.486328125,1626.0464372306035,1580.1129220545977,1598.486328125,3798500,0.0,0.0
2015-07-23 00:00:00+09:00,1607.6731973065587,1616.8599012911677,1534.1795654296875,1534.1795654296875,3990400,0.0,0.0
2015-07-24 00:00:00+09:00,1534.179560250947,1570.926376065341,1515.80615234375,1515.80615234375,2922100,0.0,0.0
2015-07-27 00:00:00+09:00,1534.1796197658632,1552.5530283858136,1497.4328025259622,1506.6195068359375,4415400,0.0,0.0
2015-07-28 00:00:00+09:00,1497.4328025259622,1534.1796197658632,1488.246098215987,1506.6195068359375,2783800,0.0,0.0
2015-07-29 00:00:00+09:00,1524.9929714795226,1534.1796761269895,1469.8727435947205,1479.0594482421875,3187600,0.0,0.0
2015-07-30 00:00:00+09:00,1488.246098215987,1515.8062111459128,1469.8726895960367,1506.6195068359375,3342800,0.0,0.0
2015-07-31 00:00:00+09:00,1497.4328025259622,1524.992915455888,1497.4328025259622,1506.6195068359375,1507700,0.0,0.0
2015-08-03 00:00:00+09:00,1515.80615234375,1570.926376065341,1515.80615234375,1515.80615234375,2855100,0.0,0.0
2015-08-04 00:00:00+09:00,1515.8062816371578,1570.9265100603272,1497.432872162768,1552.5531005859375,2419800,0.0,0.0
2015-08-05 00:00:00+09:00,1561.7395090502362,1589.2996180334756,1552.552806055823,1580.1129150390625,1934400,0.0,0.0
2015-08-06 00:00:00+09:00,1580.112972861842,1598.4863795230262,1552.5528628700658,1570.92626953125,1676300,0.0,0.0
2015-08-07 00:00:00+09:00,1552.5528628700658,1580.112972861842,1543.3661595394738,1570.92626953125,938200,0.0,0.0
2015-08-10 00:00:00+09:00,1561.7395090502362,1580.1129150390625,1552.552806055823,1580.1129150390625,675500,0.0,0.0
2015-08-11 00:00:00+09:00,1580.1129289106889,1626.0464442859995,1580.1129289106889,1616.8597412109375,3481800,0.0,0.0
2015-08-12 00:00:00+09:00,1616.8596763392857,1644.4197844587054,1580.1128655133928,1607.6729736328125,3728700,0.0,0.0
2015-08-13 00:00:00+09:00,1607.6729736328125,1644.4197844587054,1598.4862709263393,1607.6729736328125,2901800,0.0,0.0
2015-08-14 00:00:00+09:00,1616.8597341954023,1635.2331402658046,1598.486328125,1598.486328125,2309600,0.0,0.0
2015-08-17 00:00:00+09:00,1607.6730311602012,1607.6730311602012,1570.9262190193965,1598.486328125,2119200,0.0,0.0
2015-08-18 00:00:00+09:00,1598.4863210278888,1598.4863210278888,1580.1129150390625,1580.1129150390625,1308700,0.0,0.0
2015-08-19 00:00:00+09:00,1580.112972861842,1589.2996761924342,1570.92626953125,1570.92626953125,1473700,0.0,0.0
2015-08-20 00:00:00+09:00,1570.9263276941635,1580.1130313648896,1552.5529203527115,1561.7396240234375,1636100,0.0,0.0
2015-08-21 00:00:00+09:00,1543.3663285956325,1552.5530329325113,1524.992919921875,1524.992919921875,2184000,0.0,0.0
2015-08-24 00:00:00+09:00,1534.179615162037,1607.6732494212963,1488.24609375,1488.24609375,6790100,0.0,0.0
2015-08-25 00:00:00+09:00,1469.8726895960367,1570.9264370057642,1451.499280976086,1506.6195068359375,5119800,0.0,0.0
2015-08-26 00:00:00+09:00,1543.3661030614098,1598.4863210278888,1524.9926970725835,1580.1129150390625,4300400,0.0,0.0
2015-08-27 00:00:00+09:00,1580.1131504603795,1589.2998548235212,1524.992924281529,1543.3663330078125,2080200,0.0,0.0
2015-08-28 00:00:00+09:00,1580.113009093238,1690.353451588115,1580.113009093238,1681.166748046875,7268000,0.0,0.0
2015-08-31 00:00:00+09:00,1653.6064949682204,1717.9134142169846,1616.8596839689267,1626.04638671875,6161800,0.0,0.0
2015-09-01 00:00:00+09:00,1626.0464300111282,1644.4198359999546,1570.9262120446492,1580.1129150390625,2917900,0.0,0.0
2015-09-02 00:00:00+09:00,1552.5531005859375,1598.486624271912,1543.3663958487425,1552.5531005859375,2293300,0.0,0.0
2015-09-03 00:00:00+09:00,1580.1132147975222,1598.486624271912,1552.5531005859375,1552.5531005859375,2116500,0.0,0.0
2015-09-04 00:00:00+09:00,1543.3663285956325,1570.9264416062688,1524.992919921875,1524.992919921875,2825100,0.0,0.0
2015-09-07 00:00:00+09:00,1515.8062111459128,1524.992915455888,1497.4328025259622,1506.6195068359375,1719500,0.0,0.0
2015-09-08 00:00:00+09:00,1515.8062111459128,1552.5530283858136,1506.6195068359375,1506.6195068359375,1286500,0.0,0.0
2015-09-09 00:00:00+09:00,1543.3661030614098,1580.1129150390625,1524.9926970725835,1580.1129150390625,1583200,0.0,0.0
2015-09-10 00:00:00+09:00,1552.5529203527115,1580.1130313648896,1543.3662166819854,1561.7396240234375,1322100,0.0,0.0
2015-09-11 00:00:00+09:00,1552.5530329325113,1570.9264416062688,1524.992919921875,1524.992919921875,1404800,0.0,0.0
2015-09-14 00:00:00+09:00,1543.3662642045456,1552.552968158144,1515.80615234375,1515.80615234375,1917300,0.0,0.0
2015-09-15 00:00:00+09:00,1534.179560250947,1561.7396721117425,1515.80615234375,1515.80615234375,1863500,0.0,0.0
2015-09-16 00:00:00+09:00,1534.1795654296875,1534.1795654296875,1515.8061574604696,1534.1795654296875,404400,0.0,0.0
2015-09-17 00:00:00+09:00,1534.1796242587536,1543.3663285956325,1515.8062155849962,1524.992919921875,1337200,0.0,0.0
2015-09-18 00:00:00+09:00,1524.992915455888,1524.992915455888,1506.6195068359375,1506.6195068359375,1150700,0.0,0.0
2015-09-24 00:00:00+09:00,1497.432717206401,1506.6194209929436,1423.9390869140625,1423.9390869140625,3415600,0.0,0.0
2015-09-25 00:00:00+09:00,1350.4456160035852,1387.192435486676,1276.9519770374036,1341.2589111328125,7291200,0.0,0.0
2015-09-28 00:00:00+09:00,1359.6322611075682,1387.192374508397,1341.258852173682,1350.445556640625,1868200,0.0,0.0
2015-09-29 00:00:00+09:00,1341.2587065113535,1350.4454099806094,1267.7650787573068,1276.9517822265625,3836900,0.0,0.0
2015-09-30 00:00:00+09:00,1295.3253084725707,1295.3253084725707,1212.644969633896,1258.5784912109375,4048400,0.0,0.0
2015-10-01 00:00:00+09:00,1249.3916155133927,1295.3251307896205,1221.8315063476562,1286.138427734375,3949500,0.0,0.0
2015-10-02 00:00:00+09:00,1258.5784274830537,1286.1385390337775,1240.205019782571,1249.3917236328125,1603500,0.0,0.0
2015-10-05 00:00:00+09:00,1249.3917236328125,1267.765131333295,1240.205019782571,1249.3917236328125,1100700,0.0,0.0
2015-10-06 00:00:00+09:00,1267.765131333295,1286.1385390337775,1240.205019782571,1249.3917236328125,1941800,0.0,0.0
2015-10-07 00:00:00+09:00,1249.391786895529,1286.1386041571625,1249.391786895529,1258.5784912109375,3113500,0.0,0.0
2015-10-08 00:00:00+09:00,1267.7651955263457,1295.3253084725707,1258.5784912109375,1258.5784912109375,2940900,0.0,0.0
2015-10-09 00:00:00+09:00,1267.7650787573068,1286.1384856958184,1231.0182648802834,1276.9517822265625,3911900,0.0,0.0
2015-10-13 00:00:00+09:00,1396.3790184227196,1405.5657224912902,1341.2587940112965,1359.6322021484375,8181400,0.0,0.0
2015-10-14 00:00:00+09:00,1359.632132273707,1414.7523538523708,1322.885317887931,1332.072021484375,4683000,0.0,0.0
2015-10-15 00:00:00+09:00,1295.3251953125,1322.885305851064,1286.1384917996454,1295.3251953125,2494200,0.0,0.0
2015-10-16 00:00:00+09:00,1322.8853708186618,1332.0720747826804,1295.3252589266065,1304.511962890625,1445200,0.0,0.0
2015-10-19 00:00:00+09:00,1295.3251891650743,1304.51189263433,1258.578375288051,1276.9517822265625,2100200,0.0,0.0
2015-10-20 00:00:00+09:00,1276.9518351835363,1276.9518351835363,1240.205019782571,1249.3917236328125,1565600,0.0,0.0
2015-10-21 00:00:00+09:00,1249.3917289402175,1276.9518406080163,1240.205025050951,1267.76513671875,1663600,0.0,0.0
2015-10-22 00:00:00+09:00,1267.765131333295,1267.765131333295,1240.205019782571,1249.3917236328125,1437100,0.0,0.0
2015-10-23 00:00:00+09:00,1267.765131333295,1267.765131333295,1249.3917236328125,1249.3917236328125,1229700,0.0,0.0
2015-10-26 00:00:00+09:00,1249.391786895529,1267.7651955263457,1249.391786895529,1258.5784912109375,1505600,0.0,0.0
2015-10-27 00:00:00+09:00,1240.205025050951,1276.9518406080163,1231.0183211616848,1267.76513671875,2918800,0.0,0.0
2015-10-28 00:00:00+09:00,1258.5784866898148,1267.7651909722222,1240.205078125,1240.205078125,1593400,0.0,0.0
2015-10-29 00:00:00+09:00,1249.3917824074074,1249.3917824074074,1212.6449652777778,1240.205078125,3388400,0.0,0.0
2015-10-30 00:00:00+09:00,1231.018246299342,1249.3916529605262,1221.83154296875,1221.83154296875,1467600,0.0,0.0
2015-11-02 00:00:00+09:00,1194.2715430444525,1194.2715430444525,1157.5247263353924,1185.0848388671875,3436900,0.0,0.0
2015-11-04 00:00:00+09:00,1194.2714266012645,1231.018239727457,1185.0847233197162,1203.4581298828125,2766100,0.0,0.0
2015-11-05 00:00:00+09:00,1203.4581363075658,1231.018246299342,1185.0847296463817,1221.83154296875,2569400,0.0,0.0
2015-11-06 00:00:00+09:00,1212.6448974609375,1221.8316012295809,1194.2714899236505,1212.6448974609375,1417300,0.0,0.0
2015-11-09 00:00:00+09:00,1212.6450157752404,1212.6450157752404,1194.2716064453125,1194.2716064453125,826300,0.0,0.0
2015-11-10 00:00:00+09:00,1203.4583111102766,1231.0184251051683,1194.2716064453125,1194.2716064453125,2429700,0.0,0.0
2015-11-11 00:00:00+09:00,1194.2715430444525,1212.6449513989826,1185.0848388671875,1185.0848388671875,2640100,0.0,0.0
2015-11-12 00:00:00+09:00,1166.7114208984374,1166.7114208984374,1139.15130859375,1148.3380126953125,3845900,0.0,0.0
2015-11-13 00:00:00+09:00,1120.777774469639,1148.337883677909,1111.591071400216,1129.9644775390625,2590600,0.0,0.0
2015-11-16 00:00:00+09:00,1120.7778905442924,1129.9645945651473,1111.5911865234375,1111.5911865234375,1375700,0.0,0.0
2015-11-17 00:00:00+09:00,1120.7779541015625,1129.9646586433787,1102.4045450179303,1120.7779541015625,1843700,0.0,0.0
2015-11-18 00:00:00+09:00,1120.777950032552,1120.777950032552,1093.2178365071613,1102.404541015625,2088900,0.0,0.0
2015-11-19 00:00:00+09:00,1111.5911400204614,1175.8980654761904,1093.2177327473958,1157.524658203125,4706700,0.0,0.0
2015-11-20 00:00:00+09:00,1194.2714899236505,1240.2050087668679,1194.2714899236505,1212.6448974609375,3911200,0.0,0.0
2015-11-24 00:00:00+09:00,1212.64494140625,1653.6067382812498,1212.64494140625,1378.005615234375,19346200,0.0,0.0
2015-11-25 00:00:00+09:00,1442.3125439453124,1580.1131054687498,1378.005615234375,1378.005615234375,13030300,0.0,0.0
2015-11-26 00:00:00+09:00,1359.6320521763391,1387.192161342076,1276.9517246791295,1286.138427734375,5375600,0.0,0.0
2015-11-27 00:00:00+09:00,1295.3252313787286,1322.885342684659,1212.6448974609375,1212.6448974609375,3935200,0.0,0.0
2015-11-30 00:00:00+09:00,1203.4581763857886,1240.2049909319196,1157.524658203125,1157.524658203125,13612500,0.0,0.0
2015-12-01 00:00:00+09:00,1185.0847691127233,1221.8315836588542,1157.524658203125,1157.524658203125,4021200,0.0,0.0
2015-12-02 00:00:00+09:00,1286.138653094952,1286.138653094952,1194.2716064453125,1194.2716064453125,5621900,0.0,0.0
2015-12-03 00:00:00+09:00,1175.8981346899225,1203.4582472217176,1175.8981346899225,1185.0848388671875,3344200,0.0,0.0
2015-12-04 00:00:00+09:00,1175.8980712890625,1194.271478652954,1166.7113676071167,1175.8980712890625,1422600,0.0,0.0
2015-12-07 00:00:00+09:00,1203.4582472217176,1203.4582472217176,1185.0848388671875,1185.0848388671875,1565100,0.0,0.0
2015-12-08 00:00:00+09:00,1185.0847691127233,1185.0847691127233,1157.524658203125,1157.524658203125,1625100,0.0,0.0
2015-12-09 00:00:00+09:00,1157.5247167968748,1166.7114208984374,1148.3380126953125,1148.3380126953125,1538000,0.0,0.0
2015-12-10 00:00:00+09:00,1148.3380126953125,1157.5247167968748,1139.15130859375,1148.3380126953125,1606600,0.0,0.0
2015-12-11 00:00:00+09:00,1148.3380175012303,1240.2050589013288,1139.1513133612204,1166.71142578125,5420500,0.0,0.0
2015-12-14 00:00:00+09:00,1148.3379545665923,1166.7113618396577,1139.1512509300596,1157.524658203125,1530000,0.0,0.0
2015-12-15 00:00:00+09:00,1148.3379487068423,1157.524652296497,1139.1512451171875,1139.1512451171875,1380200,0.0,0.0
2015-12-16 00:00:00+09:00,1139.1513631851947,1157.5247722688268,1111.5912495597465,1120.7779541015625,2736700,0.0,0.0
2015-12-17 00:00:00+09:00,1139.151298586002,1139.151298586002,1111.5911865234375,1111.5911865234375,1503200,0.0,0.0
2015-12-18 00:00:00+09:00,1111.5912455240884,1129.9646545410155,1102.404541015625,1102.404541015625,2271400,0.0,0.0
2015-12-21 00:00:00+09:00,1120.777950032552,1129.9646545410155,1102.404541015625,1102.404541015625,1919800,0.0,0.0
2015-12-22 00:00:00+09:00,1102.4044721554487,1194.271511501736,1065.6576564169338,1074.8443603515625,10043000,0.0,0.0
2015-12-24 00:00:00+09:00,1065.6576511548913,1111.5911706012228,1047.2842433763587,1056.470947265625,3309800,0.0,0.0
2015-12-25 00:00:00+09:00,1056.470947265625,1056.470947265625,1056.470947265625,1056.470947265625,0,0.0,0.0
2015-12-28 00:00:00+09:00,1038.0974886619438,1111.5911161778338,1028.9107852224577,1084.031005859375,3688900,0.0,0.0
2015-12-29 00:00:00+09:00,1084.031131998698,1120.777950032552,1074.8444274902342,1102.404541015625,2308600,0.0,0.0
2015-12-30 00:00:00+09:00,1102.4044921875,1185.0848291015625,1093.2177880859374,1148.3380126953125,3696100,0.0,0.0
2016-01-04 00:00:00+09:00,1157.524652296497,1185.0847630654612,1120.777837937878,1139.1512451171875,2199700,0.0,0.0
2016-01-05 00:00:00+09:00,1139.1513631851947,1175.898181352459,1120.7779541015625,1120.7779541015625,2100600,0.0,0.0
2016-01-06 00:00:00+09:00,1111.5911161778338,1120.77781961732,1056.4708955409164,1084.031005859375,2152100,0.0,0.0
2016-01-07 00:00:00+09:00,1056.470947265625,1074.8443550441575,1056.470947265625,1056.470947265625,875000,0.0,0.0
2016-01-08 00:00:00+09:00,1038.0975973564282,1065.657710560581,1038.0975973564282,1047.2843017578125,1092500,0.0,0.0
2016-01-12 00:00:00+09:00,1102.4043927873884,1129.964502607073,1019.7240633283342,1028.9107666015625,5314200,0.0,0.0
2016-01-13 00:00:00+09:00,1038.0975973564282,1065.657710560581,992.1640753495066,1047.2843017578125,3556700,0.0,0.0
2016-01-14 00:00:00+09:00,1010.5373501558917,1019.7240533391271,992.1639437894208,1001.3506469726562,2486900,0.0,0.0
2016-01-15 00:00:00+09:00,1111.5911962890625,1231.018349609375,1065.65767578125,1148.3380126953125,18760200,0.0,0.0
2016-01-18 00:00:00+09:00,1102.4043683307927,1166.7112898167557,1065.6575560530996,1129.9644775390625,7074600,0.0,0.0
2016-01-19 00:00:00+09:00,1166.7113618396577,1185.0847691127233,1139.1512509300596,1157.524658203125,5484600,0.0,0.0
2016-01-20 00:00:00+09:00,1157.5247066277118,1175.8981146694216,1111.5911865234375,1111.5911865234375,4610600,0.0,0.0
2016-01-21 00:00:00+09:00,1102.404441833496,1387.192255973816,1093.2177381515503,1175.8980712890625,22395600,0.0,0.0
2016-01-22 00:00:00+09:00,1258.5784163041549,1313.6986389160156,1194.2714899236505,1212.6448974609375,9684800,0.0,0.0
2016-01-25 00:00:00+09:00,1221.8316555762476,1231.0183597535126,1157.5247263353924,1185.0848388671875,5402700,0.0,0.0
2016-01-26 00:00:00+09:00,1185.0847749710083,1194.271478652954,1157.524663925171,1175.8980712890625,3063800,0.0,0.0
2016-01-27 00:00:00+09:00,1194.2714329769738,1240.2049496299342,1194.2714329769738,1221.83154296875,3176700,0.0,0.0
2016-01-28 00:00:00+09:00,1231.0183211616848,1286.1385444972825,1231.0183211616848,1267.76513671875,5375100,0.0,0.0
2016-01-29 00:00:00+09:00,1267.7650787573068,1295.3251891650743,1240.2049683495393,1276.9517822265625,5629800,0.0,0.0
2016-02-01 00:00:00+09:00,1295.3252012879698,1322.8853119536714,1231.018276401333,1313.6986083984375,7350500,0.0,0.0
2016-02-02 00:00:00+09:00,1304.5119048432036,1332.072015508905,1267.7650906222684,1313.6986083984375,2953400,0.0,0.0
2016-02-03 00:00:00+09:00,1286.1386041571625,1295.3253084725707,1249.391786895529,1258.5784912109375,2301000,0.0,0.0
2016-02-04 00:00:00+09:00,1258.5784828186036,1580.1131317138672,1240.2050743103027,1469.8726806640625,31263200,0.0,0.0
2016-02-05 00:00:00+09:00,1423.9389766346324,1708.7267719615588,1405.565570484508,1616.8597412109375,39591900,0.0,0.0
2016-02-08 00:00:00+09:00,1644.4197922183969,1671.9799004678673,1561.7394674699858,1626.04638671875,10940600,0.0,0.0
2016-02-09 00:00:00+09:00,1580.1130800189394,1616.8598958333334,1497.432744436553,1515.80615234375,5090600,0.0,0.0
2016-02-10 00:00:00+09:00,1534.1795323525705,1552.5529399256552,1378.0055679813509,1423.9390869140625,5371900,0.0,0.0
2016-02-12 00:00:00+09:00,1350.4454099806094,1359.632113449865,1267.7650787573068,1276.9517822265625,4785000,0.0,0.0
2016-02-15 00:00:00+09:00,1396.37908321099,1405.565787705799,1332.072151747326,1368.8189697265625,2148200,0.0,0.0
2016-02-16 00:00:00+09:00,1350.4455647247516,1442.3126099441224,1350.4455647247516,1387.1923828125,2570800,0.0,0.0
2016-02-17 00:00:00+09:00,1405.5657419057993,1451.499262883113,1396.3790377103364,1433.1258544921875,2157300,0.0,0.0
2016-02-18 00:00:00+09:00,1488.2461025743598,1552.5530329325113,1469.8726939006024,1524.992919921875,3469600,0.0,0.0
2016-02-19 00:00:00+09:00,1589.2997893373408,1598.4864933219499,1524.9928614450787,1534.1795654296875,4275300,0.0,0.0
2016-02-22 00:00:00+09:00,1561.7395725139993,1589.2996826171875,1534.179462410811,1589.2996826171875,2902300,0.0,0.0
2016-02-23 00:00:00+09:00,1616.8596914280727,1690.3533137657123,1607.6729886358678,1644.4197998046875,6456500,0.0,0.0
2016-02-24 00:00:00+09:00,1616.8597341954023,1635.2331402658046,1515.8060008081895,1598.486328125,3529200,0.0,0.0
2016-02-25 00:00:00+09:00,1616.8599910864095,1690.3536270448826,1249.3918112940437,1368.8189697265625,19414200,0.0,0.0
2016-02-26 00:00:00+09:00,1240.2050087668679,1249.3917125355115,1148.3379710804334,1212.6448974609375,10394800,0.0,0.0
2016-02-29 00:00:00+09:00,1175.8981346899225,1194.2715430444525,1157.5247263353924,1185.0848388671875,3083200,0.0,0.0
2016-03-01 00:00:00+09:00,1175.8980712890625,1185.0847749710083,1148.337960243225,1175.8980712890625,1893200,0.0,0.0
2016-03-02 00:00:00+09:00,1185.0847233197162,1203.4581298828125,1175.898020038168,1203.4581298828125,1761200,0.0,0.0
2016-03-03 00:00:00+09:00,1194.2715056046195,1286.1385444972825,1185.0848017153533,1267.76513671875,3114900,0.0,0.0
2016-03-04 00:00:00+09:00,1378.0056782905629,1442.3126099441224,1350.4455647247516,1387.1923828125,6517300,0.0,0.0
2016-03-07 00:00:00+09:00,1479.0593894675926,1506.6195023148148,1433.1258680555557,1488.24609375,5634900,0.0,0.0
2016-03-08 00:00:00+09:00,1506.6195621845886,1534.1796761269895,1460.6860389472536,1479.0594482421875,3495800,0.0,0.0
2016-03-09 00:00:00+09:00,1405.5657508850097,1479.0593849182128,1387.192342376709,1469.8726806640625,2519100,0.0,0.0
2016-03-10 00:00:00+09:00,1479.0593754695012,1497.4327838604268,1423.9391502967248,1433.1258544921875,2040400,0.0,0.0
2016-03-11 00:00:00+09:00,1414.752388535032,1451.4992038216562,1405.565684713376,1442.3125,1608100,0.0,0.0
2016-03-14 00:00:00+09:00,1442.3124944871472,1442.3124944871472,1414.75238312752,1423.9390869140625,1911600,0.0,0.0
2016-03-15 00:00:00+09:00,1405.5658553274054,1414.7525602641858,1387.1924454538446,1396.379150390625,1179200,0.0,0.0
2016-03-16 00:00:00+09:00,1258.578421977029,1295.325237217234,1221.8316067368237,1231.018310546875,4239100,0.0,0.0
2016-03-17 00:00:00+09:00,1249.3917289402175,1286.1385444972825,1249.3917289402175,1267.76513671875,1615500,0.0,0.0
2016-03-18 00:00:00+09:00,1295.325248386549,1295.325248386549,1258.5784328294837,1267.76513671875,1130600,0.0,0.0
2016-03-22 00:00:00+09:00,1175.8981346899225,1240.2050639307777,1166.7114305126574,1185.0848388671875,4185900,0.0,0.0
2016-03-23 00:00:00+09:00,1212.6448331643608,1240.2049430090053,1194.2714266012645,1203.4581298828125,1742800,0.0,0.0
2016-03-24 00:00:00+09:00,1194.271478652954,1194.271478652954,1157.524663925171,1175.8980712890625,1232100,0.0,0.0
2016-03-25 00:00:00+09:00,1185.0847691127233,1194.271472749256,1139.1512509300596,1157.524658203125,2595900,0.0,0.0
2016-03-28 00:00:00+09:00,1231.018239727457,1249.3916462905536,1185.0847233197162,1203.4581298828125,3116200,0.0,0.0
2016-03-29 00:00:00+09:00,1203.4583111102766,1212.6450157752404,1129.964673790565,1194.2716064453125,2914000,0.0,0.0
2016-03-30 00:00:00+09:00,1240.205078125,1286.138599537037,1212.6449652777778,1240.205078125,3521000,0.0,0.0
2016-03-31 00:00:00+09:00,1267.7651764625728,1286.1385848171028,1157.5247263353924,1185.0848388671875,5624300,0.0,0.0
2016-04-01 00:00:00+09:00,1166.7114208984374,1203.4582373046874,1148.3380126953125,1148.3380126953125,2784300,0.0,0.0
2016-04-04 00:00:00+09:00,1185.0849017803487,1221.8317204402044,1175.8981971153846,1194.2716064453125,2595500,0.0,0.0
2016-04-05 00:00:00+09:00,1194.271478652954,1203.4581823349,1157.524663925171,1175.8980712890625,1508000,0.0,0.0
2016-04-06 00:00:00+09:00,1157.5247216412401,1175.8981299212599,1148.3380175012303,1166.71142578125,1417400,0.0,0.0
2016-04-07 00:00:00+09:00,1175.8980654761904,1185.0847691127233,1157.524658203125,1157.524658203125,978300,0.0,0.0
2016-04-08 00:00:00+09:00,1148.337960243225,1185.0847749710083,1129.9645528793335,1175.8980712890625,1615900,0.0,0.0
2016-04-11 00:00:00+09:00,1175.8980712890625,1194.271478652954,1166.7113676071167,1175.8980712890625,1111600,0.0,0.0
2016-04-12 00:00:00+09:00,1185.0847861550071,1231.0183049982245,1185.0847861550071,1212.6448974609375,2467700,0.0,0.0
2016-04-13 00:00:00+09:00,1249.391786895529,1267.7651955263457,1231.0183782647125,1258.5784912109375,1603600,0.0,0.0
2016-04-14 00:00:00+09:00,1276.951899841754,1276.951899841754,1249.391786895529,1258.5784912109375,1624500,0.0,0.0
2016-04-15 00:00:00+09:00,1249.3917236328125,1267.765131333295,1240.205019782571,1249.3917236328125,1135400,0.0,0.0
2016-04-18 00:00:00+09:00,1212.6448974609375,1221.8316012295809,1203.4581936922941,1212.6448974609375,1233500,0.0,0.0
2016-04-19 00:00:00+09:00,1231.0183738425926,1240.205078125,1221.8316695601852,1240.205078125,829200,0.0,0.0
2016-04-20 00:00:00+09:00,1240.205019782571,1258.5784274830537,1231.0183159323299,1249.3917236328125,876900,0.0,0.0
2016-04-21 00:00:00+09:00,1258.5784328294837,1276.9518406080163,1249.3917289402175,1267.76513671875,1764300,0.0,0.0
2016-04-22 00:00:00+09:00,1276.9517999057111,1341.258725080819,1267.7650963092674,1332.072021484375,3471100,0.0,0.0
2016-04-25 00:00:00+09:00,1368.8190355802838,1423.9392652009662,1359.6323306435033,1396.379150390625,3359300,0.0,0.0
2016-04-26 00:00:00+09:00,1405.5658553274054,1433.1259701377467,1368.8190355802838,1396.379150390625,2846700,0.0,0.0
2016-04-27 00:00:00+09:00,1414.7525634765625,1423.9392684342024,1387.1924486036423,1414.7525634765625,1847900,0.0,0.0
2016-04-28 00:00:00+09:00,1405.5657224912902,1423.9391306284313,1350.445498079867,1359.6322021484375,2906200,0.0,0.0
2016-05-02 00:00:00+09:00,1304.5118988253546,1322.885305851064,1286.1384917996454,1295.3251953125,1852800,0.0,0.0
2016-05-06 00:00:00+09:00,1203.4582472217176,1221.8316555762476,1157.5247263353924,1185.0848388671875,4399200,0.0,0.0
2016-05-09 00:00:00+09:00,1175.898020038168,1212.6448331643608,1166.71131675662,1203.4581298828125,1188100,0.0,0.0
2016-05-10 00:00:00+09:00,1221.83154296875,1231.018246299342,1194.2714329769738,1221.83154296875,1101100,0.0,0.0
2016-05-11 00:00:00+09:00,1231.018239727457,1240.2049430090053,1203.4581298828125,1203.4581298828125,1044800,0.0,0.0
2016-05-12 00:00:00+09:00,1203.4583111102766,1221.8317204402044,1185.0849017803487,1194.2716064453125,935400,0.0,0.0
2016-05-13 00:00:00+09:00,1175.8980263157896,1286.1384662828948,1175.8980263157896,1221.83154296875,3846500,0.0,0.0
2016-05-16 00:00:00+09:00,1221.8316012295809,1231.0183049982245,1203.4581936922941,1212.6448974609375,932200,0.0,0.0
2016-05-17 00:00:00+09:00,1221.8316695601852,1249.3917824074074,1212.6449652777778,1240.205078125,804900,0.0,0.0
2016-05-18 00:00:00+09:00,1258.578375288051,1304.51189263433,1249.391671818795,1276.9517822265625,1918600,0.0,0.0
2016-05-19 00:00:00+09:00,1313.6985369001115,1313.6985369001115,1286.138427734375,1286.138427734375,1267600,0.0,0.0
2016-05-20 00:00:00+09:00,1295.3251891650743,1295.3251891650743,1267.7650787573068,1276.9517822265625,599200,0.0,0.0
2016-05-23 00:00:00+09:00,1276.9517822265625,1286.1384856958184,1267.7650787573068,1276.9517822265625,773400,0.0,0.0
2016-05-24 00:00:00+09:00,1276.951899841754,1286.1386041571625,1258.5784912109375,1258.5784912109375,651400,0.0,0.0
2016-05-25 00:00:00+09:00,1276.9518406080163,1286.1385444972825,1267.76513671875,1267.76513671875,622900,0.0,0.0
2016-05-26 00:00:00+09:00,1276.9517882867908,1304.5118988253546,1267.7650847739362,1295.3251953125,1241500,0.0,0.0
2016-05-27 00:00:00+09:00,1304.51203430591,1350.445556640625,1304.51203430591,1350.445556640625,2016400,0.0,0.0
2016-05-30 00:00:00+09:00,1368.8189697265625,1396.37908321099,1350.4455607369443,1368.8189697265625,2039900,0.0,0.0
2016-05-31 00:00:00+09:00,1368.8189111328124,1387.1923193359373,1368.8189111328124,1378.005615234375,1041300,0.0,0.0
2016-06-01 00:00:00+09:00,1368.8190257451306,1378.0057306159033,1332.0722062620398,1341.2589111328125,1064300,0.0,0.0
2016-06-02 00:00:00+09:00,1322.885305851064,1332.0720093639186,1286.1384917996454,1295.3251953125,1087400,0.0,0.0
2016-06-03 00:00:00+09:00,1295.3251953125,1322.885305851064,1286.1384917996454,1295.3251953125,450000,0.0,0.0
2016-06-06 00:00:00+09:00,1276.951899841754,1286.1386041571625,1258.5784912109375,1258.5784912109375,766200,0.0,0.0
2016-06-07 00:00:00+09:00,1276.9517822265625,1286.1384856958184,1267.7650787573068,1276.9517822265625,677700,0.0,0.0
2016-06-08 00:00:00+09:00,1276.9518509985694,1313.6986668546435,1276.9518509985694,1304.511962890625,848900,0.0,0.0
2016-06-09 00:00:00+09:00,1304.5119522758152,1304.5119522758152,1267.76513671875,1267.76513671875,805100,0.0,0.0
2016-06-10 00:00:00+09:00,1267.7651955263457,1286.1386041571625,1258.5784912109375,1258.5784912109375,816000,0.0,0.0
2016-06-13 00:00:00+09:00,1249.3917125355115,1249.3917125355115,1212.6448974609375,1212.6448974609375,964400,0.0,0.0
2016-06-14 00:00:00+09:00,1212.6449513989826,1221.8316555762476,1175.8981346899225,1185.0848388671875,1261200,0.0,0.0
2016-06-15 00:00:00+09:00,1175.8981346899225,1203.4582472217176,1157.5247263353924,1185.0848388671875,1167100,0.0,0.0
2016-06-16 00:00:00+09:00,1175.8980594758063,1185.0847630654612,1139.1512451171875,1139.1512451171875,1203500,0.0,0.0
2016-06-17 00:00:00+09:00,1148.3380677270109,1166.711476810643,1120.7779541015625,1120.7779541015625,1062100,0.0,0.0
2016-06-20 00:00:00+09:00,1139.1512509300596,1175.8980654761904,1139.1512509300596,1157.524658203125,885000,0.0,0.0
2016-06-21 00:00:00+09:00,1148.3380126953125,1175.898125,1148.3380126953125,1148.3380126953125,713800,0.0,0.0
2016-06-22 00:00:00+09:00,1139.15130859375,1157.5247167968748,1129.9646044921874,1148.3380126953125,936000,0.0,0.0
2016-06-23 00:00:00+09:00,1194.2714329769738,1249.3916529605262,1185.0847296463817,1221.83154296875,2361800,0.0,0.0
2016-06-24 00:00:00+09:00,1111.591025962486,1139.1511340442005,964.6037828600084,1019.7239990234375,6481500,0.0,0.0
2016-06-27 00:00:00+09:00,992.1639597039474,1019.7240696957236,863.5501130756579,872.73681640625,4932600,0.0,0.0
2016-06-28 00:00:00+09:00,881.9234834558823,955.4171070772059,872.7367805032169,937.043701171875,3148100,0.0,0.0
2016-06-29 00:00:00+09:00,982.9772920428583,1010.5374030347141,964.6038847149543,973.7905883789062,1819100,0.0,0.0
2016-06-30 00:00:00+09:00,992.1639470880682,1028.9107599431818,992.1639470880682,1010.537353515625,1599400,0.0,0.0
2016-07-01 00:00:00+09:00,1028.9107599431818,1038.0974631569602,1001.3506503018466,1010.537353515625,1054700,0.0,0.0
2016-07-04 00:00:00+09:00,1001.3507023035924,1001.3507023035924,964.6038875401578,982.977294921875,1215800,0.0,0.0
2016-07-05 00:00:00+09:00,964.6038062973778,973.7905092144957,918.6702917117884,927.8569946289062,1588900,0.0,0.0
2016-07-06 00:00:00+09:00,918.6702917117884,937.0436975460242,909.4835887946705,927.8569946289062,1000500,0.0,0.0
2016-07-07 00:00:00+09:00,946.2304041245404,973.7905129825367,927.8569982192096,937.043701171875,1123000,0.0,0.0
2016-07-08 00:00:00+09:00,937.0437047273209,964.6038136898892,909.4835957647527,946.2304077148438,1310100,0.0,0.0
2016-07-11 00:00:00+09:00,946.2304077148438,946.2304077148438,946.2304077148438,946.2304077148438,0,0.0,0.0
2016-07-12 00:00:00+09:00,982.9772438742898,1010.537353515625,973.7905406605113,1010.537353515625,1623600,0.0,0.0
2016-07-13 00:00:00+09:00,1028.9108041616587,1028.9108041616587,955.4171752929688,955.4171752929688,1821300,0.0,0.0
2016-07-14 00:00:00+09:00,964.6038847149543,982.9772920428583,955.4171810510024,973.7905883789062,818900,0.0,0.0
2016-07-15 00:00:00+09:00,982.9772406061855,1001.3506469726562,973.7905374229501,1001.3506469726562,818300,0.0,0.0
2016-07-19 00:00:00+09:00,982.9772920428583,992.1639957068102,973.7905883789062,973.7905883789062,626800,0.0,0.0
2016-07-20 00:00:00+09:00,982.9772861187274,992.1639897273136,955.4171752929688,955.4171752929688,1393000,0.0,0.0
2016-07-21 00:00:00+09:00,955.4171107023665,973.790516677412,937.0437047273209,946.2304077148438,1125500,0.0,0.0
2016-07-22 00:00:00+09:00,927.8569946289062,937.0436975460242,918.6702917117884,927.8569946289062,1216800,0.0,0.0
2016-07-25 00:00:00+09:00,900.296875,918.6702806122448,900.296875,900.296875,1858500,0.0,0.0
2016-07-26 00:00:00+09:00,900.2969263980264,909.4836297286184,872.73681640625,872.73681640625,2457300,0.0,0.0
2016-07-27 00:00:00+09:00,891.1102263132731,900.2969296773274,872.7368195851643,881.9235229492188,1406100,0.0,0.0
2016-07-28 00:00:00+09:00,881.923516456117,881.923516456117,863.5501098632812,863.5501098632812,1620300,0.0,0.0
2016-07-29 00:00:00+09:00,854.3634000031844,863.5501032290251,826.8032903256624,845.1766967773438,8689500,0.0,0.0
2016-08-01 00:00:00+09:00,835.989986843533,845.1766899956597,799.243174235026,826.8032836914062,2101900,0.0,0.0
2016-08-02 00:00:00+09:00,817.6165838555976,845.1766934237637,817.6165838555976,835.989990234375,1070100,0.0,0.0
2016-08-03 00:00:00+09:00,826.8032836914062,845.1766899956597,826.8032836914062,826.8032836914062,754000,0.0,0.0
2016-08-04 00:00:00+09:00,835.989986843533,845.1766899956597,826.8032836914062,826.8032836914062,1050100,0.0,0.0
2016-08-05 00:00:00+09:00,826.8032870449863,835.989990234375,826.8032870449863,835.989990234375,450000,0.0,0.0
2016-08-08 00:00:00+09:00,835.989986843533,845.1766899956597,826.8032836914062,826.8032836914062,716800,0.0,0.0
2016-08-09 00:00:00+09:00,826.8032802624649,835.9899833764923,817.6165771484375,817.6165771484375,568900,0.0,0.0
2016-08-10 00:00:00+09:00,817.6165771484375,835.9899833764923,817.6165771484375,817.6165771484375,449000,0.0,0.0
2016-08-12 00:00:00+09:00,946.2304773870504,992.1639957068102,891.1102554033388,973.7905883789062,5627400,0.0,0.0
2016-08-15 00:00:00+09:00,1038.0975446130476,1139.1512878939636,1019.72413674379,1074.8443603515625,6408600,0.0,0.0
2016-08-16 00:00:00+09:00,1102.4044825025826,1111.5911865234375,1074.844370440018,1111.5911865234375,2977300,0.0,0.0
2016-08-17 00:00:00+09:00,1157.524642619681,1332.0720093639186,1148.3379391068263,1295.3251953125,10480300,0.0,0.0
2016-08-18 00:00:00+09:00,1313.6985692613907,1313.6985692613907,1203.4581298828125,1203.4581298828125,12798600,0.0,0.0
2016-08-19 00:00:00+09:00,1203.4582609953704,1258.5784866898148,1185.0848524305557,1240.205078125,3388900,0.0,0.0
2016-08-22 00:00:00+09:00,1249.3917289402175,1276.9518406080163,1231.0183211616848,1267.76513671875,1892700,0.0,0.0
2016-08-23 00:00:00+09:00,1240.2049430090053,1267.7650528536499,1203.4581298828125,1203.4581298828125,2184000,0.0,0.0
2016-08-24 00:00:00+09:00,1221.831536445909,1240.2049430090053,1203.4581298828125,1203.4581298828125,1188600,0.0,0.0
2016-08-25 00:00:00+09:00,1231.018246299342,1240.2049496299342,1203.4581363075658,1221.83154296875,879000,0.0,0.0
2016-08-26 00:00:00+09:00,1203.4581298828125,1203.4581298828125,1166.71131675662,1203.4581298828125,1386100,0.0,0.0
2016-08-29 00:00:00+09:00,1240.2049430090053,1240.2049430090053,1194.2714266012645,1203.4581298828125,2513900,0.0,0.0
2016-08-30 00:00:00+09:00,1221.8316695601852,1240.205078125,1212.6449652777778,1240.205078125,1516000,0.0,0.0
2016-08-31 00:00:00+09:00,1231.018276401333,1313.6986083984375,1221.831572846099,1313.6986083984375,4053600,0.0,0.0
2016-09-01 00:00:00+09:00,1295.3252589266065,1313.6986668546435,1276.9518509985694,1304.511962890625,1862100,0.0,0.0
2016-09-02 00:00:00+09:00,1286.1384917996454,1295.3251953125,1276.9517882867908,1295.3251953125,1078900,0.0,0.0
2016-09-05 00:00:00+09:00,1304.511962890625,1313.6986668546435,1286.138554962588,1304.511962890625,969500,0.0,0.0
2016-09-06 00:00:00+09:00,1304.511967976888,1332.0720799763997,1286.1385599772134,1322.8853759765625,1616300,0.0,0.0
2016-09-07 00:00:00+09:00,1304.5118988253546,1313.6986023382092,1295.3251953125,1295.3251953125,831100,0.0,0.0
2016-09-08 00:00:00+09:00,1286.1384856958184,1295.3251891650743,1276.9517822265625,1276.9517822265625,916500,0.0,0.0
2016-09-09 00:00:00+09:00,1286.138427734375,1295.3251307896205,1276.9517246791295,1286.138427734375,692900,0.0,0.0
2016-09-12 00:00:00+09:00,1276.9518351835363,1276.9518351835363,1240.205019782571,1249.3917236328125,1307100,0.0,0.0
2016-09-13 00:00:00+09:00,1258.5783495721016,1276.9517561351981,1203.4581298828125,1203.4581298828125,1939300,0.0,0.0
2016-09-14 00:00:00+09:00,1185.0847749710083,1194.271478652954,1175.8980712890625,1175.8980712890625,1139100,0.0,0.0
2016-09-15 00:00:00+09:00,1166.7113618396577,1175.8980654761904,1157.524658203125,1157.524658203125,924100,0.0,0.0
2016-09-16 00:00:00+09:00,1157.5247722688268,1157.5247722688268,1120.7779541015625,1120.7779541015625,1463800,0.0,0.0
2016-09-20 00:00:00+09:00,1129.9645472935267,1175.8980654761904,1129.9645472935267,1157.524658203125,1136900,0.0,0.0
2016-09-21 00:00:00+09:00,1185.0847914966184,1231.018310546875,1185.0847914966184,1231.018310546875,1797400,0.0,0.0
2016-09-23 00:00:00+09:00,1231.018246299342,1258.5783562911183,1221.83154296875,1221.83154296875,861600,0.0,0.0
2016-09-26 00:00:00+09:00,1221.8317204402044,1231.0184251051683,1194.2716064453125,1194.2716064453125,462000,0.0,0.0
2016-09-27 00:00:00+09:00,1175.8981971153846,1212.6450157752404,1166.7114924504208,1194.2716064453125,740700,0.0,0.0
2016-09-28 00:00:00+09:00,1221.8316012295809,1221.8316012295809,1194.2714899236505,1212.6448974609375,440200,0.0,0.0
2016-09-29 00:00:00+09:00,1221.8316695601852,1240.205078125,1203.4582609953704,1240.205078125,882200,0.0,0.0
2016-09-30 00:00:00+09:00,1212.6449652777778,1267.7651909722222,1212.6449652777778,1240.205078125,1422100,0.0,0.0
2016-10-03 00:00:00+09:00,1258.5784912109375,1276.951899841754,1249.391786895529,1258.5784912109375,805800,0.0,0.0
2016-10-04 00:00:00+09:00,1267.765131333295,1276.9518351835363,1249.3917236328125,1249.3917236328125,615900,0.0,0.0
2016-10-05 00:00:00+09:00,1258.5784912109375,1267.7651955263457,1249.391786895529,1258.5784912109375,638900,0.0,0.0
2016-10-06 00:00:00+09:00,1276.9518406080163,1276.9518406080163,1258.5784328294837,1267.76513671875,507000,0.0,0.0
2016-10-07 00:00:00+09:00,1267.7651955263457,1267.7651955263457,1231.0183782647125,1258.5784912109375,766300,0.0,0.0
2016-10-11 00:00:00+09:00,1258.5784912109375,1267.7651955263457,1240.205082580121,1258.5784912109375,628800,0.0,0.0
2016-10-12 00:00:00+09:00,1240.205025050951,1267.76513671875,1240.205025050951,1267.76513671875,796800,0.0,0.0
2016-10-13 00:00:00+09:00,1267.7651955263457,1276.951899841754,1249.391786895529,1258.5784912109375,645600,0.0,0.0
2016-10-14 00:00:00+09:00,1267.7651955263457,1267.7651955263457,1249.391786895529,1258.5784912109375,553800,0.0,0.0
2016-10-17 00:00:00+09:00,1267.7650787573068,1276.9517822265625,1258.578375288051,1276.9517822265625,794900,0.0,0.0
2016-10-18 00:00:00+09:00,1276.9517882867908,1313.6986023382092,1276.9517882867908,1295.3251953125,1760100,0.0,0.0
2016-10-19 00:00:00+09:00,1341.25881253756,1442.3125586876502,1332.0721083420974,1433.1258544921875,7053900,0.0,0.0
2016-10-20 00:00:00+09:00,1469.8726981026787,1543.3663330078125,1460.6859937395368,1543.3663330078125,5996600,0.0,0.0
2016-10-21 00:00:00+09:00,1552.5530329325113,1552.5530329325113,1506.6195112481175,1524.992919921875,2749500,0.0,0.0
2016-10-24 00:00:00+09:00,1561.7395159841954,1644.4198433010058,1561.7395159841954,1598.486328125,5358300,0.0,0.0
2016-10-25 00:00:00+09:00,1626.0464300111282,1635.2331330055415,1570.9262120446492,1580.1129150390625,2958000,0.0,0.0
2016-10-26 00:00:00+09:00,1552.5529203527115,1570.9263276941635,1515.806105669807,1561.7396240234375,2727500,0.0,0.0
2016-10-27 00:00:00+09:00,1570.92626953125,1580.112972861842,1543.3661595394738,1570.92626953125,1475700,0.0,0.0
2016-10-28 00:00:00+09:00,1570.9262120446492,1589.2996180334756,1561.7395090502362,1580.1129150390625,1603400,0.0,0.0
2016-10-31 00:00:00+09:00,1598.486410404437,1662.7933349609375,1589.2997068963657,1662.7933349609375,3406900,0.0,0.0
2016-11-01 00:00:00+09:00,1662.7932053890975,1671.9799081813023,1607.6729886358678,1644.4197998046875,3477000,0.0,0.0
2016-11-02 00:00:00+09:00,1607.673142377068,1635.2332533892463,1552.5529203527115,1561.7396240234375,4796900,0.0,0.0
2016-11-04 00:00:00+09:00,1534.1795654296875,1543.3662694142963,1497.4327494912518,1534.1795654296875,1957800,0.0,0.0
2016-11-07 00:00:00+09:00,1543.3661030614098,1598.4863210278888,1534.1794000669968,1580.1129150390625,1818300,0.0,0.0
2016-11-08 00:00:00+09:00,1607.673024022302,1616.8597270167152,1580.1129150390625,1580.1129150390625,1634600,0.0,0.0
2016-11-09 00:00:00+09:00,1589.2998456257146,1598.4865499356897,1451.499280976086,1506.6195068359375,4278000,0.0,0.0
2016-11-10 00:00:00+09:00,1598.486328125,1607.6730311602012,1552.5528129489942,1598.486328125,2916900,0.0,0.0
2016-11-11 00:00:00+09:00,1589.2996761924342,1598.4863795230262,1561.739566200658,1570.92626953125,1636000,0.0,0.0
2016-11-14 00:00:00+09:00,1570.9262758817288,1607.6730893526462,1570.9262758817288,1589.2996826171875,1643300,0.0,0.0
2016-11-15 00:00:00+09:00,1598.486385984917,1607.6730893526462,1570.9262758817288,1589.2996826171875,1151400,0.0,0.0
2016-11-16 00:00:00+09:00,1598.486328125,1598.486328125,1570.9262190193965,1598.486328125,1010200,0.0,0.0
2016-11-17 00:00:00+09:00,1580.112979249458,1607.6730893526462,1580.112979249458,1589.2996826171875,726700,0.0,0.0
2016-11-18 00:00:00+09:00,1607.6730516221787,1662.7932705349392,1598.486348470052,1653.6065673828125,3590100,0.0,0.0
2016-11-21 00:00:00+09:00,1681.166748046875,1708.7268586705943,1644.419933881916,1681.166748046875,3919600,0.0,0.0
2016-11-22 00:00:00+09:00,1681.166748046875,1699.5401551293546,1671.9800445056353,1681.166748046875,1016700,0.0,0.0
2016-11-24 00:00:00+09:00,1717.9134592530588,1736.286865234375,1699.5400532717426,1736.286865234375,2343900,0.0,0.0
2016-11-25 00:00:00+09:00,1745.4736129097316,1745.4736129097316,1690.3533935546875,1690.3533935546875,2710600,0.0,0.0
2016-11-28 00:00:00+09:00,1699.5401033791163,1717.9135099021337,1681.1666968560987,1708.726806640625,1202700,0.0,0.0
2016-11-29 00:00:00+09:00,1690.3533935546875,1717.9135032322097,1690.3533935546875,1690.3533935546875,1069200,0.0,0.0
2016-11-30 00:00:00+09:00,1699.5400532717426,1736.286865234375,1690.3533502810847,1736.286865234375,2098200,0.0,0.0
2016-12-01 00:00:00+09:00,1763.8470394736842,1763.8470394736842,1736.286929481908,1745.4736328125,1978700,0.0,0.0
2016-12-02 00:00:00+09:00,1745.4736328125,1754.660336143092,1727.1002261513158,1745.4736328125,1257900,0.0,0.0
2016-12-05 00:00:00+09:00,1736.2869358062744,1773.0337492624917,1727.10023244222,1763.8470458984375,2022000,0.0,0.0
2016-12-06 00:00:00+09:00,1791.4072036743164,1984.3279794546272,1782.22050006573,1910.8343505859375,8439900,0.0,0.0
2016-12-07 00:00:00+09:00,1975.1416176951404,2131.3156060710353,1956.7682072979762,2085.382080078125,9991300,0.0,0.0
2016-12-08 00:00:00+09:00,2204.808861517137,2287.48919382403,2177.248750748173,2278.302490234375,10099300,0.0,0.0
2016-12-09 00:00:00+09:00,2388.5430001255017,2434.4765193586845,2177.248811652861,2287.4892578125,9745300,0.0,0.0
2016-12-12 00:00:00+09:00,2370.169658203125,2388.54306640625,2232.3690966796876,2296.676025390625,6564000,0.0,0.0
2016-12-13 00:00:00+09:00,2241.5559709821428,2278.3027901785713,2213.9958565848215,2250.74267578125,2528000,0.0,0.0
2016-12-14 00:00:00+09:00,2241.5559709821428,2269.116085379464,2223.1825613839287,2250.74267578125,2001300,0.0,0.0
2016-12-15 00:00:00+09:00,2250.742612744941,2315.0495445376537,2204.8090900358607,2241.555908203125,3741000,0.0,0.0
2016-12-16 00:00:00+09:00,2250.742342674126,2250.742342674126,2140.5019014002914,2168.06201171875,3751600,0.0,0.0
2016-12-19 00:00:00+09:00,2094.5685496144483,2131.3153662743507,2057.8217329545455,2122.128662109375,3129300,0.0,0.0
2016-12-20 00:00:00+09:00,2140.5022044765296,2223.1825471387133,2131.3154997362867,2177.2490234375,2768700,0.0,0.0
2016-12-21 00:00:00+09:00,2195.6224329179854,2250.7426613594407,2177.2490234375,2177.2490234375,2719900,0.0,0.0
2016-12-22 00:00:00+09:00,2158.87548828125,2177.248896692154,2140.502079870346,2158.87548828125,1878200,0.0,0.0
2016-12-26 00:00:00+09:00,2186.435546875,2213.995658810399,2168.062138918067,2186.435546875,1469800,0.0,0.0
2016-12-27 00:00:00+09:00,2186.435627925734,2287.4893754349064,2158.8755149686867,2269.115966796875,5408200,0.0,0.0
2016-12-28 00:00:00+09:00,2333.4229470566193,2507.970332860067,2324.236242540648,2489.596923828125,10319500,0.0,0.0
2016-12-29 00:00:00+09:00,2526.343677662037,2563.0904947916665,2416.1032262731483,2480.41015625,8046600,0.0,0.0
2016-12-30 00:00:00+09:00,2480.41015625,2517.1569733796296,2434.476634837963,2480.41015625,3284400,0.0,0.0
2017-01-04 00:00:00+09:00,2590.6503639611774,2737.63761865401,2581.4636605428755,2691.7041015625,9119800,0.0,0.0
2017-01-05 00:00:00+09:00,2746.8244140624997,2994.8654146634613,2728.4510066105768,2985.6787109375,15163300,0.0,0.0
2017-01-06 00:00:00+09:00,2994.86557740803,3196.973070361946,2893.811830931072,2902.99853515625,18738500,0.0,0.0
2017-01-10 00:00:00+09:00,2994.865532181211,3022.4256444405473,2847.878266798084,2967.305419921875,6481700,0.0,0.0
2017-01-11 00:00:00+09:00,2939.745361328125,2985.678882598877,2921.3719528198244,2939.745361328125,3679900,0.0,0.0
2017-01-12 00:00:00+09:00,2902.9984716021822,2930.558583674355,2857.0649514818947,2893.811767578125,3467100,0.0,0.0
2017-01-13 00:00:00+09:00,2829.504702669903,2838.69140625,2728.450963288835,2838.69140625,7326600,0.0,0.0
2017-01-16 00:00:00+09:00,2774.3847574323618,2792.75816642198,2719.264530463507,2737.637939453125,4018500,0.0,0.0
2017-01-17 00:00:00+09:00,2700.890857354526,2700.890857354526,2599.8371177936424,2664.14404296875,4218200,0.0,0.0
2017-01-18 00:00:00+09:00,2553.9033996797702,2609.023616939046,2526.343291050133,2599.8369140625,4608200,0.0,0.0
2017-01-19 00:00:00+09:00,2636.58406767974,2774.3846287082984,2636.58406767974,2719.264404296875,4695100,0.0,0.0
2017-01-20 00:00:00+09:00,2682.517410432449,2746.824334655145,2664.1440035116793,2728.450927734375,2087400,0.0,0.0
2017-01-23 00:00:00+09:00,2838.6916415855535,2857.065050268955,2792.758119877049,2801.94482421875,4388800,0.0,0.0
2017-01-24 00:00:00+09:00,2801.944879190811,2838.6916972785593,2756.0113565811257,2774.384765625,2117600,0.0,0.0
2017-01-25 00:00:00+09:00,2820.318296345231,2829.505000893587,2783.5714781518077,2811.131591796875,1538100,0.0,0.0
2017-01-26 00:00:00+09:00,2857.06494140625,2884.62505338123,2829.50482943127,2857.06494140625,2815100,0.0,0.0
2017-01-27 00:00:00+09:00,2884.6251173753003,2884.6251173753003,2847.8783005934497,2866.251708984375,1393300,0.0,0.0
2017-01-30 00:00:00+09:00,2893.81175737289,2902.9984613645497,2857.06494140625,2857.06494140625,2002300,0.0,0.0
2017-01-31 00:00:00+09:00,2792.75830078125,2829.5051205283717,2765.1981859709085,2792.75830078125,1675700,0.0,0.0
2017-02-01 00:00:00+09:00,2756.011187525448,2820.318115234375,2728.4510756501936,2820.318115234375,1724600,0.0,0.0
2017-02-02 00:00:00+09:00,2838.69153342293,2884.62505338123,2829.50482943127,2857.06494140625,2335300,0.0,0.0
2017-02-03 00:00:00+09:00,2893.8116396577975,2902.9983432757585,2866.2515288039135,2875.438232421875,2318700,0.0,0.0
2017-02-06 00:00:00+09:00,2985.6788180838557,3004.052226195141,2921.3718896943574,2930.55859375,4328000,0.0,0.0
2017-02-07 00:00:00+09:00,2875.43834938957,2884.62505338123,2847.87823741459,2857.06494140625,2192500,0.0,0.0
2017-02-08 00:00:00+09:00,2884.625083143866,2967.305419921875,2857.06497088453,2967.305419921875,3133800,0.0,0.0
2017-02-09 00:00:00+09:00,2985.6786076756043,3059.1722349414654,2948.9317940426736,3040.798828125,4876100,0.0,0.0
2017-02-10 00:00:00+09:00,3105.1058709512727,3178.59950103296,2912.1850919868443,3022.425537109375,9089600,0.0,0.0
2017-02-13 00:00:00+09:00,3068.3592485175072,3114.2927702019015,3004.052318159356,3049.98583984375,3498300,0.0,0.0
2017-02-14 00:00:00+09:00,3086.732463430851,3086.732463430851,2994.8654258287424,3022.425537109375,2423400,0.0,0.0
2017-02-15 00:00:00+09:00,3049.9855188025613,3068.358925542336,2985.6785952133505,3004.052001953125,2328800,0.0,0.0
2017-02-16 00:00:00+09:00,2976.492305779309,2985.679010426776,2930.558782541974,2958.118896484375,2237100,0.0,0.0
2017-02-17 00:00:00+09:00,3022.4254213085346,3077.5456417579303,2976.4919042673714,3040.798828125,4016700,0.0,0.0
2017-02-20 00:00:00+09:00,3086.732474662162,3105.105882249437,3031.612251900338,3059.17236328125,2386900,0.0,0.0
2017-02-21 00:00:00+09:00,3068.3592485175072,3077.545952854386,3031.6124311699923,3049.98583984375,1586500,0.0,0.0
2017-02-22 00:00:00+09:00,3049.9856483900076,3059.1723521502186,3013.238833349164,3022.425537109375,1621900,0.0,0.0
2017-02-23 00:00:00+09:00,3022.4254086928995,3022.4254086928995,2985.6785952133505,3004.052001953125,1132700,0.0,0.0
2017-02-24 00:00:00+09:00,2994.8652985832377,3022.4254086928995,2985.6785952133505,3004.052001953125,1011400,0.0,0.0
2017-02-27 00:00:00+09:00,3004.052001953125,3040.798815432674,2994.8652985832377,3004.052001953125,1595400,0.0,0.0
2017-02-28 00:00:00+09:00,3049.985659487613,3114.292586043074,3040.798955693975,3059.17236328125,4986400,0.0,0.0
2017-03-01 00:00:00+09:00,3086.732433363971,3141.852655388327,3040.79891501034,3123.479248046875,4483800,0.0,0.0
2017-03-02 00:00:00+09:00,3187.7859903374724,3196.9726934796554,3086.7322557734606,3132.665771484375,4371000,0.0,0.0
2017-03-03 00:00:00+09:00,3169.4125330725383,3187.7859390613644,3141.8524240892984,3160.225830078125,2494900,0.0,0.0
2017-03-06 00:00:00+09:00,3169.412574339449,3270.46630859375,3169.412574339449,3270.46630859375,4594500,0.0,0.0
2017-03-07 00:00:00+09:00,3307.213248093501,3463.38720703125,3270.4664342257956,3463.38720703125,8957300,0.0,0.0
2017-03-08 00:00:00+09:00,3399.08050288999,3518.5076556942327,3380.70709476626,3389.893798828125,6185400,0.0,0.0
2017-03-09 00:00:00+09:00,3435.8270198042674,3445.013723065776,3362.3333937121974,3417.45361328125,3327100,0.0,0.0
2017-03-10 00:00:00+09:00,3426.6404677785504,3509.32080078125,3399.0803567776506,3509.32080078125,3752200,0.0,0.0
2017-03-13 00:00:00+09:00,3490.9473763184824,3665.4947451344065,3472.573969074701,3647.121337890625,7283600,0.0,0.0
2017-03-14 00:00:00+09:00,3711.4283915876777,3876.7890625,3711.4283915876777,3876.7890625,7570700,0.0,0.0
2017-03-15 00:00:00+09:00,4014.5893964558622,4023.7760998802464,3720.6148868755704,3775.735107421875,10461400,0.0,0.0
2017-03-16 00:00:00+09:00,3766.548425683148,4032.962826524151,3766.548425683148,4023.776123046875,5654100,0.0,0.0
2017-03-17 00:00:00+09:00,4078.8963846795245,4088.0830882486225,3913.53572043576,3959.46923828125,6704000,0.0,0.0
2017-03-21 00:00:00+09:00,3968.6560477941175,4005.4028630514704,3876.7890096507354,3904.34912109375,3592300,0.0,0.0
2017-03-22 00:00:00+09:00,3757.361838654077,3858.4155800359713,3738.988431130096,3830.85546875,4095000,0.0,0.0
2017-03-23 00:00:00+09:00,3794.1085142706434,3867.6021416657163,3748.1749971487225,3775.735107421875,2565200,0.0,0.0
2017-03-24 00:00:00+09:00,3738.9880808099642,3849.228515625,3683.8678634024463,3849.228515625,2746400,0.0,0.0
2017-03-27 00:00:00+09:00,3812.4817040199882,3895.162030131265,3775.734892414976,3849.228515625,1837300,0.0,0.0
2017-03-28 00:00:00+09:00,3858.4155105064656,4005.402768049569,3849.228806910022,3996.216064453125,5096900,0.0,0.0
2017-03-29 00:00:00+09:00,4069.7096766493055,4134.0166015625,4032.9628624131947,4134.0166015625,4712100,0.0,0.0
2017-03-30 00:00:00+09:00,4069.7094997228382,4225.883453436807,4042.1493902439024,4143.203125,5885000,0.0,0.0
2017-03-31 00:00:00+09:00,4179.950413480718,4336.124384973405,4170.763709275266,4317.7509765625,5620900,0.0,0.0
2017-04-03 00:00:00+09:00,4409.617424242424,4630.098295454545,4363.683909406565,4547.41796875,9228600,0.0,0.0
2017-04-04 00:00:00+09:00,4593.351923318273,4602.5386271649095,4400.431142538905,4574.978515625,6147500,0.0,0.0
2017-04-05 00:00:00+09:00,4574.978207133426,4584.164910360601,4510.671284543197,4565.79150390625,3086600,0.0,0.0
2017-04-06 00:00:00+09:00,4501.485079841134,4519.858488330282,4363.684516172529,4391.24462890625,4303000,0.0,0.0
2017-04-07 00:00:00+09:00,4363.684590657552,4363.684590657552,4124.83027622156,4189.13720703125,6267500,0.0,0.0
2017-04-10 00:00:00+09:00,3895.162036857983,4042.149283531869,3637.934355178682,3711.427978515625,9347000,0.0,0.0
2017-04-11 00:00:00+09:00,3509.320685734161,3518.507389099957,3215.3461780286816,3353.146728515625,15105500,0.0,0.0
2017-04-12 00:00:00+09:00,3233.7197394459104,3619.561299266161,3224.533035640666,3481.7607421875,10262500,0.0,0.0
2017-04-13 00:00:00+09:00,3445.0136214967756,3610.374275328621,3399.0801065434853,3472.57373046875,4544500,0.0,0.0
2017-04-14 00:00:00+09:00,3463.3871556332238,3518.5073756167762,3288.8397923519738,3316.39990234375,3256200,0.0,0.0
2017-04-17 00:00:00+09:00,3270.4663483992867,3408.266896786897,3270.4663483992867,3380.706787109375,2385300,0.0,0.0
2017-04-18 00:00:00+09:00,3573.6275058844153,3619.561021384215,3518.507287284656,3582.814208984375,4058600,0.0,0.0
2017-04-19 00:00:00+09:00,3601.1875372911695,3858.415218526253,3601.1875372911695,3849.228515625,7443900,0.0,0.0
2017-04-20 00:00:00+09:00,3987.029522235577,4088.083265886709,3683.8682912821805,3702.24169921875,8104200,0.0,0.0
2017-04-21 00:00:00+09:00,3794.1083338468975,3830.855145796989,3674.681195009102,3784.921630859375,3367100,0.0,0.0
2017-04-24 00:00:00+09:00,3729.801577856266,3840.0420185810813,3702.241467675062,3738.98828125,2244100,0.0,0.0
2017-04-25 00:00:00+09:00,3766.5483528174063,3803.295166015625,3711.4281330200783,3803.295166015625,1960400,0.0,0.0
2017-04-26 00:00:00+09:00,3904.34912109375,3931.9092325367646,3858.415602022059,3904.34912109375,2507000,0.0,0.0
2017-04-27 00:00:00+09:00,3904.3489929632096,3913.535696476064,3775.735143783245,3885.9755859375,1888200,0.0,0.0
2017-04-28 00:00:00+09:00,3821.6685323383085,3904.3488611629355,3683.867984297264,3693.0546875,3911100,0.0,0.0
2017-05-01 00:00:00+09:00,3729.8017273681057,3858.4155800359713,3720.6150236061153,3830.85546875,2321300,0.0,0.0
2017-05-02 00:00:00+09:00,3885.9756264319785,3895.1623300405645,3784.92188673753,3821.668701171875,1925800,0.0,0.0
2017-05-08 00:00:00+09:00,3895.162030131265,3904.348733032518,3812.4817040199882,3849.228515625,1794900,0.0,0.0
2017-05-09 00:00:00+09:00,3849.2288649884613,3849.2288649884613,3766.5485313729573,3794.108642578125,1913600,0.0,0.0
2017-05-10 00:00:00+09:00,3766.5484849752047,3766.5484849752047,3619.5612270249526,3647.121337890625,3676700,0.0,0.0
2017-05-11 00:00:00+09:00,3546.067326007503,3748.1747901840968,3536.880623090385,3711.427978515625,2464600,0.0,0.0
2017-05-12 00:00:00+09:00,3821.668406921241,3895.162030131265,3803.295001118735,3849.228515625,4403700,0.0,0.0
2017-05-15 00:00:00+09:00,3885.975679928685,3895.162383663741,3748.1751239028454,3794.108642578125,2303500,0.0,0.0
2017-05-16 00:00:00+09:00,3766.548275376299,3812.4817909296685,3748.174869154951,3757.361572265625,1367700,0.0,0.0
2017-05-17 00:00:00+09:00,3738.9880872669787,3757.3614931012144,3674.6811668471537,3711.427978515625,1980600,0.0,0.0
2017-05-18 00:00:00+09:00,3592.000989542128,3674.6813192246836,3592.000989542128,3628.747802734375,1735300,0.0,0.0
2017-05-19 00:00:00+09:00,3729.801449170525,3775.734964554398,3683.8679337866515,3720.61474609375,1711500,0.0,0.0
2017-05-22 00:00:00+09:00,3794.108601888021,3858.41552734375,3757.36178734189,3858.41552734375,2917500,0.0,0.0
2017-05-23 00:00:00+09:00,3867.6021543204065,3867.6021543204065,3784.9218232304215,3812.48193359375,1797500,0.0,0.0
2017-05-24 00:00:00+09:00,3812.4818693151797,3812.4818693151797,3766.5483528174063,3803.295166015625,992300,0.0,0.0
2017-05-25 00:00:00+09:00,3775.735056116961,3830.855275914289,3738.9882429187423,3803.295166015625,1284800,0.0,0.0
2017-05-26 00:00:00+09:00,3840.042043957078,3849.228747411521,3803.295230139307,3812.48193359375,1377900,0.0,0.0
2017-05-29 00:00:00+09:00,3941.0957819559485,3968.655892319277,3794.108526684864,3812.48193359375,5521800,0.0,0.0
2017-05-30 00:00:00+09:00,3812.4818693151797,3821.6685726147343,3729.8015396191877,3803.295166015625,1934500,0.0,0.0
2017-05-31 00:00:00+09:00,3748.174855324074,3784.921667631173,3720.61474609375,3720.61474609375,1831400,0.0,0.0
2017-06-01 00:00:00+09:00,3693.0546504909075,3784.9216815976465,3693.0546504909075,3757.361572265625,1804500,0.0,0.0
2017-06-02 00:00:00+09:00,3757.3616365758385,3784.9217463795735,3738.9882300400154,3766.54833984375,1556200,0.0,0.0
2017-06-05 00:00:00+09:00,3748.174855324074,3757.361558400849,3711.4280430169756,3720.61474609375,1318200,0.0,0.0
2017-06-06 00:00:00+09:00,3720.614874462531,3775.7350948249386,3720.614874462531,3738.98828125,1487500,0.0,0.0
2017-06-07 00:00:00+09:00,3738.98828125,3748.1749846437347,3720.614874462531,3738.98828125,789300,0.0,0.0
2017-06-08 00:00:00+09:00,3738.9881522472992,3738.9881522472992,3702.2413399402008,3720.61474609375,1537300,0.0,0.0
2017-06-09 00:00:00+09:00,3702.24169921875,3720.6151071553195,3674.6815873138958,3702.24169921875,1748400,0.0,0.0
2017-06-12 00:00:00+09:00,3674.6812399839746,3683.8679430839343,3555.2540996844955,3582.814208984375,3222100,0.0,0.0
2017-06-13 00:00:00+09:00,3536.8807822779604,3564.4408922697367,3472.573858963816,3490.947265625,3226800,0.0,0.0
2017-06-14 00:00:00+09:00,3490.9472406489767,3610.3743830922313,3490.9472406489767,3592.0009765625,1906300,0.0,0.0
2017-06-15 00:00:00+09:00,3555.2542664366883,3610.3744876217534,3518.5074523133117,3536.880859375,1156000,0.0,0.0
2017-06-16 00:00:00+09:00,3546.0676798608843,3564.4410875285575,3518.507568359375,3518.507568359375,1022400,0.0,0.0
2017-06-19 00:00:00+09:00,3518.507287284656,3601.1876151842953,3490.947177984776,3582.814208984375,1311200,0.0,0.0
2017-06-20 00:00:00+09:00,3628.7479364304318,3876.7889346168154,3619.561232793899,3858.41552734375,7919200,0.0,0.0
2017-06-21 00:00:00+09:00,3922.7222953982473,3931.908998666159,3766.54833984375,3766.54833984375,5176900,0.0,0.0
2017-06-22 00:00:00+09:00,3803.295230139307,3821.6686370481925,3729.801602503765,3812.48193359375,2332300,0.0,0.0
2017-06-23 00:00:00+09:00,3840.042043957078,3858.4154508659635,3794.108526684864,3812.48193359375,2047100,0.0,0.0
2017-06-26 00:00:00+09:00,3840.0420683732273,3885.9755859375,3830.8553648603724,3885.9755859375,2533300,0.0,0.0
2017-06-27 00:00:00+09:00,3913.535566823783,3913.535566823783,3858.4153475727435,3867.60205078125,1794000,0.0,0.0
2017-06-28 00:00:00+09:00,3867.602348072107,3876.7890519867674,3821.668828498804,3840.042236328125,1202100,0.0,0.0
2017-06-29 00:00:00+09:00,3858.4156441574464,3867.602348072107,3812.4821245841435,3840.042236328125,910500,0.0,0.0
2017-06-30 00:00:00+09:00,3784.921949940048,3830.85546875,3775.735246178058,3830.85546875,1289300,0.0,0.0
2017-07-03 00:00:00+09:00,3821.668753783293,3821.668753783293,3775.735235108013,3794.108642578125,1373500,0.0,0.0
2017-07-04 00:00:00+09:00,3784.921667631173,3784.921667631173,3702.2413399402008,3720.61474609375,2003400,0.0,0.0
2017-07-05 00:00:00+09:00,3674.6813071646343,3766.54833984375,3665.4946038967228,3766.54833984375,1446400,0.0,0.0
2017-07-06 00:00:00+09:00,3766.548391431204,3784.9217982186733,3729.801577856266,3738.98828125,876900,0.0,0.0
2017-07-07 00:00:00+09:00,3702.2414039649398,3748.174920143165,3693.054700729295,3729.801513671875,782100,0.0,0.0
2017-07-10 00:00:00+09:00,3748.1749846437347,3757.3616880374693,3720.614874462531,3738.98828125,729400,0.0,0.0
2017-07-11 00:00:00+09:00,3711.428210449219,3720.6149139404297,3674.681396484375,3674.681396484375,1803800,0.0,0.0
2017-07-12 00:00:00+09:00,3665.4946929931643,3693.0548034667972,3647.1212860107426,3674.681396484375,1267800,0.0,0.0
2017-07-13 00:00:00+09:00,3674.6813192246836,3674.6813192246836,3628.747802734375,3628.747802734375,1188700,0.0,0.0
2017-07-14 00:00:00+09:00,3601.1876798273656,3647.121196151694,3592.0009765625,3592.0009765625,1725500,0.0,0.0
2017-07-17 00:00:00+09:00,3592.0009765625,3592.0009765625,3592.0009765625,3592.0009765625,0,0.0,0.0
2017-07-18 00:00:00+09:00,3619.5612270249526,3674.681448756297,3601.187819781171,3647.121337890625,1412300,0.0,0.0
2017-07-19 00:00:00+09:00,3647.1212737728847,3665.494680693655,3610.3744599313445,3637.9345703125,980500,0.0,0.0
2017-07-20 00:00:00+09:00,3619.561021384215,3647.1211306840946,3573.6275058844153,3582.814208984375,1959200,0.0,0.0
2017-07-21 00:00:00+09:00,3573.6278022549254,3592.0012099786013,3555.25439453125,3555.25439453125,1328600,0.0,0.0
2017-07-24 00:00:00+09:00,3601.187484898518,3619.5608904337146,3555.253971060527,3564.440673828125,1586600,0.0,0.0
2017-07-25 00:00:00+09:00,3582.8144125373897,3674.681448756297,3564.441005293608,3647.121337890625,1769600,0.0,0.0
2017-07-26 00:00:00+09:00,3711.4282750155858,3729.801682317643,3674.681460411471,3683.8681640625,1409400,0.0,0.0
2017-07-27 00:00:00+09:00,3674.6815769893483,3683.8682809318216,3647.1214651619284,3665.494873046875,880700,0.0,0.0
2017-07-28 00:00:00+09:00,3665.4947451344065,3665.4947451344065,3610.374523403062,3647.121337890625,1215400,0.0,0.0
2017-07-31 00:00:00+09:00,3628.747593201313,3637.934295968911,3555.253971060527,3564.440673828125,1824600,0.0,0.0
2017-08-01 00:00:00+09:00,3555.254201889038,3582.814311981201,3509.320685068766,3527.694091796875,1301800,0.0,0.0
2017-08-02 00:00:00+09:00,3527.6942721932114,3555.254383694721,3490.9474568578653,3518.507568359375,1545400,0.0,0.0
2017-08-03 00:00:00+09:00,3546.067283163265,3610.3742028061224,3527.6938775510203,3601.1875,1278500,0.0,0.0
2017-08-04 00:00:00+09:00,3582.814389108692,3592.001092670509,3546.0675748614235,3573.627685546875,617700,0.0,0.0
2017-08-07 00:00:00+09:00,3573.6275700327683,3592.0009765625,3564.4408667679027,3592.0009765625,492900,0.0,0.0
2017-08-08 00:00:00+09:00,3592.001080560065,3592.001080560065,3536.880859375,3536.880859375,535700,0.0,0.0
2017-08-09 00:00:00+09:00,3555.2543191160835,3555.2543191160835,3490.947393447317,3509.32080078125,1006200,0.0,0.0
2017-08-10 00:00:00+09:00,3500.1340971142836,3536.88091178215,3490.947393447317,3509.32080078125,842700,0.0,0.0
2017-08-11 00:00:00+09:00,3509.32080078125,3509.32080078125,3509.32080078125,3509.32080078125,0,0.0,0.0
2017-08-14 00:00:00+09:00,3500.1340452516233,3536.880859375,3445.0138240665583,3536.880859375,1744600,0.0,0.0
2017-08-15 00:00:00+09:00,3500.134171360223,3582.8145061167634,3500.134171360223,3555.25439453125,790300,0.0,0.0
2017-08-16 00:00:00+09:00,3564.4408922697367,3564.4408922697367,3490.947265625,3490.947265625,1181500,0.0,0.0
2017-08-17 00:00:00+09:00,3500.1338249655328,3518.507230870864,3417.453498391544,3435.826904296875,1792800,0.0,0.0
2017-08-18 00:00:00+09:00,3371.5201352472172,3399.0802453446063,3334.7733217840323,3353.146728515625,2030400,0.0,0.0
2017-08-21 00:00:00+09:00,3307.2131210498596,3325.5865272779147,3233.719496137641,3270.46630859375,1879400,0.0,0.0
2017-08-22 00:00:00+09:00,3261.2796948576624,3417.4536520761985,3261.2796948576624,3353.146728515625,1578400,0.0,0.0
2017-08-23 00:00:00+09:00,3380.7068256578946,3417.4536389802633,3307.213199013158,3316.39990234375,1102100,0.0,0.0
2017-08-24 00:00:00+09:00,3279.653076171875,3307.2131860556724,3261.279669582677,3279.653076171875,935900,0.0,0.0
2017-08-25 00:00:00+09:00,3279.6531923965667,3325.586710497359,3242.9063779159333,3261.27978515625,1186800,0.0,0.0
2017-08-28 00:00:00+09:00,3261.2794761873233,3298.0262871866175,3242.9060706876767,3252.0927734375,642600,0.0,0.0
2017-08-29 00:00:00+09:00,3224.5327793468127,3242.9061854969373,3178.5992639715023,3233.719482421875,1568000,0.0,0.0
2017-08-30 00:00:00+09:00,3233.7194540334303,3261.2795630166697,3151.0391270837117,3160.225830078125,1664200,0.0,0.0
2017-08-31 00:00:00+09:00,3132.666048177083,3151.0394560842806,3013.238896780303,3031.6123046875,4106400,0.0,0.0
2017-09-01 00:00:00+09:00,3086.732528409091,3095.9192323626894,3013.238896780303,3031.6123046875,2265800,0.0,0.0
2017-09-04 00:00:00+09:00,2985.678946711935,3013.2390600661993,2921.372015551986,2948.93212890625,1892100,0.0,0.0
2017-09-05 00:00:00+09:00,2921.3720379759934,2939.7454470198672,2774.384765625,2774.384765625,3493700,0.0,0.0
2017-09-06 00:00:00+09:00,2710.077599158654,2994.8654146634613,2682.517487980769,2985.6787109375,4293800,0.0,0.0
2017-09-07 00:00:00+09:00,3059.1722349414654,3215.34619288142,3013.238717900302,3040.798828125,5019100,0.0,0.0
2017-09-08 00:00:00+09:00,2994.8655868530273,3068.3592208862306,2912.1852485656736,2939.745361328125,2222400,0.0,0.0
2017-09-11 00:00:00+09:00,2994.865311083837,3059.1722349414654,2985.6786076756043,3040.798828125,1246500,0.0,0.0
2017-09-12 00:00:00+09:00,3169.413134332239,3169.413134332239,3095.9194964346802,3105.106201171875,1814700,0.0,0.0
2017-09-13 00:00:00+09:00,3141.8525390625,3160.225945723684,3123.479132401316,3141.8525390625,1103000,0.0,0.0
2017-09-14 00:00:00+09:00,3160.2264295950445,3160.2264295950445,3068.3593822230955,3105.106201171875,992800,0.0,0.0
2017-09-15 00:00:00+09:00,3059.1721463469116,3151.039177768741,3059.1721463469116,3132.665771484375,1220100,0.0,0.0
2017-09-18 00:00:00+09:00,3132.665771484375,3132.665771484375,3132.665771484375,3132.665771484375,0,0.0,0.0
2017-09-19 00:00:00+09:00,3187.785888671875,3215.3459972194705,3160.2257801242795,3187.785888671875,1540900,0.0,0.0
2017-09-20 00:00:00+09:00,3206.159294370272,3215.3459972194705,3160.2257801242795,3187.785888671875,1033100,0.0,0.0
2017-09-21 00:00:00+09:00,3187.7859532147986,3242.9061714260056,3187.7859532147986,3196.97265625,1275400,0.0,0.0
2017-09-22 00:00:00+09:00,3196.9726420557777,3206.159345050191,3132.6657210948856,3160.225830078125,941600,0.0,0.0
2017-09-25 00:00:00+09:00,3169.4127664005055,3169.4127664005055,3114.2925443761487,3123.479248046875,665300,0.0,0.0
2017-09-26 00:00:00+09:00,3049.9854432047287,3151.039177768741,3049.9854432047287,3132.665771484375,857300,0.0,0.0
2017-09-27 00:00:00+09:00,3068.3590260225183,3141.852655388327,3059.1723223517924,3123.479248046875,706600,0.0,0.1
2017-09-28 00:00:00+09:00,3132.6659517176013,3132.6659517176013,3082.1390815286077,3123.479248046875,936800,0.0,0.0
2017-09-29 00:00:00+09:00,3095.9189841448824,3118.8857421875,3086.7322809278353,3118.8857421875,750400,0.0,0.0
2017-10-02 00:00:00+09:00,3109.6988951613785,3298.02630240158,3100.5121923691736,3288.839599609375,1962100,0.0,0.0
2017-10-03 00:00:00+09:00,3270.466372877276,3334.77329593947,3238.312911346179,3279.653076171875,1822800,0.0,0.0
2017-10-04 00:00:00+09:00,3288.8397676201275,3445.013723065776,3284.2464159893734,3417.45361328125,2620600,0.0,0.0
2017-10-05 00:00:00+09:00,3445.0140163164633,3592.0012810126323,3389.8937920554,3477.16748046875,3705500,0.0,0.0
2017-10-06 00:00:00+09:00,3454.2005820050335,3518.5075077338506,3366.926897087353,3422.047119140625,1593300,0.0,0.0
2017-10-09 00:00:00+09:00,3422.047119140625,3422.047119140625,3422.047119140625,3422.047119140625,0,0.0,0.0
2017-10-10 00:00:00+09:00,3371.5202115445522,3412.8603776261616,3334.773397249789,3399.080322265625,1074200,0.0,0.0
2017-10-11 00:00:00+09:00,3431.233837824102,3435.8271896819656,3371.520263671875,3371.520263671875,664500,0.0,0.0
2017-10-12 00:00:00+09:00,3371.5200838835344,3412.8602483998175,3366.926732270614,3380.706787109375,548700,0.0,0.0
2017-10-13 00:00:00+09:00,3362.333639547414,3376.113695447198,3325.586823814655,3330.18017578125,815200,0.0,0.0
2017-10-16 00:00:00+09:00,3330.1800741126613,3339.366777765386,3270.4665003699515,3298.026611328125,988600,0.0,0.0
2017-10-17 00:00:00+09:00,3307.213337661785,3449.6072452555563,3307.213337661785,3371.520263671875,1543800,0.0,0.0
2017-10-18 00:00:00+09:00,3376.1135392162682,3389.8935944783752,3325.586669921875,3325.586669921875,686900,0.0,0.0
2017-10-19 00:00:00+09:00,3320.9932540090463,3339.3666606702304,3307.213199013158,3316.39990234375,442000,0.0,0.0
2017-10-20 00:00:00+09:00,3302.619873046875,3334.7733349541463,3284.24646624272,3302.619873046875,622100,0.0,0.0
2017-10-23 00:00:00+09:00,3316.400109369552,3330.180165225658,3293.433349609375,3293.433349609375,693200,0.0,0.0
2017-10-24 00:00:00+09:00,3284.2463632647914,3284.2463632647914,3224.532793023613,3270.46630859375,1253900,0.0,0.0
2017-10-25 00:00:00+09:00,3279.6528662109376,3284.246217564174,3210.752595912388,3215.345947265625,982200,0.0,0.0
2017-10-26 00:00:00+09:00,3210.752645794871,3229.1260514932683,3187.785888671875,3187.785888671875,608300,0.0,0.0
2017-10-27 00:00:00+09:00,3229.126245830255,3316.3999281499914,3210.7528390260995,3302.619873046875,1550000,0.0,0.0
2017-10-30 00:00:00+09:00,3394.4871033135773,3454.20067887931,3325.586823814655,3330.18017578125,3511500,0.0,0.0
2017-10-31 00:00:00+09:00,3293.433349609375,3330.180165225658,3270.466589849198,3293.433349609375,1106300,0.0,0.0
2017-11-01 00:00:00+09:00,3293.4331440172696,3325.586605674342,3275.0597373560854,3316.39990234375,1341000,0.0,0.0
2017-11-02 00:00:00+09:00,3334.7734259390236,3339.366777765386,3284.2465558490385,3298.026611328125,967200,0.0,0.0
2017-11-03 00:00:00+09:00,3298.026611328125,3298.026611328125,3298.026611328125,3298.026611328125,0,0.0,0.0
2017-11-06 00:00:00+09:00,3284.2465558490385,3307.2133149808496,3275.059852196314,3298.026611328125,807000,0.0,0.0
2017-11-07 00:00:00+09:00,3284.246376885308,3320.993189493815,3275.0596737331816,3307.213134765625,933800,0.0,0.0
2017-11-08 00:00:00+09:00,3293.4330933958618,3366.926718910972,3275.0596870170843,3343.9599609375,1309200,0.0,0.0
2017-11-09 00:00:00+09:00,3343.9601177376762,3348.5534695477554,3261.27978515625,3261.27978515625,1412600,0.0,0.0
2017-11-10 00:00:00+09:00,3229.126220703125,3256.6863306949012,3215.3461657072367,3229.126220703125,789200,0.0,0.0
2017-11-13 00:00:00+09:00,3210.7530362991265,3224.5330922489084,3151.0394605167394,3155.6328125,925300,0.0,0.0
2017-11-14 00:00:00+09:00,3155.6327189185154,3316.4000335650194,3151.0393670714725,3247.499755859375,1957300,0.0,0.0
2017-11-15 00:00:00+09:00,3183.19266470683,3215.346125966495,3059.172171276694,3118.8857421875,1939900,0.0,0.0
2017-11-16 00:00:00+09:00,3086.732219827586,3206.159359285201,3068.3588137571837,3196.97265625,1067700,0.0,0.0
2017-11-17 00:00:00+09:00,3215.346127048263,3247.4995883187457,3196.972720607987,3206.159423828125,837100,0.0,0.0
2017-11-20 00:00:00+09:00,3178.5992251765915,3233.71944295422,3178.5992251765915,3210.752685546875,541200,0.0,0.0
2017-11-21 00:00:00+09:00,3215.346217326489,3233.71962428264,3183.1927551532235,3201.566162109375,550200,0.0,0.0
2017-11-22 00:00:00+09:00,3196.9728343048737,3288.8398697734046,3192.379482531447,3275.059814453125,995800,0.0,0.0
2017-11-23 00:00:00+09:00,3275.059814453125,3275.059814453125,3275.059814453125,3275.059814453125,0,0.0,0.0
2017-11-24 00:00:00+09:00,3242.9061854969373,3261.2795916470614,3233.719482421875,3233.719482421875,437700,0.0,0.0
2017-11-27 00:00:00+09:00,3233.7195850914204,3288.8398052918424,3233.7195850914204,3265.873046875,806000,0.0,0.0
2017-11-28 00:00:00+09:00,3242.9060706876767,3284.2462330618823,3242.9060706876767,3252.0927734375,448900,0.0,0.0
2017-11-29 00:00:00+09:00,3247.4997671274036,3284.24658203125,3247.4997671274036,3284.24658203125,629700,0.0,0.0
2017-11-30 00:00:00+09:00,3279.6532187886755,3284.2465706357184,3247.499755859375,3247.499755859375,732700,0.0,0.0
2017-12-01 00:00:00+09:00,3504.727294921875,3518.5073498167185,3389.893504131512,3504.727294921875,7292400,0.0,0.0
2017-12-04 00:00:00+09:00,3559.847690166908,3683.8681903404645,3550.660986450348,3670.088134765625,6325900,0.0,0.0
2017-12-05 00:00:00+09:00,3697.648064108456,3706.8347673733215,3546.0674602381714,3592.0009765625,3096600,0.0,0.0
2017-12-06 00:00:00+09:00,3569.034423828125,3633.341350383587,3518.5075529631195,3569.034423828125,2377800,0.0,0.0
2017-12-07 00:00:00+09:00,3587.407808842703,3596.594512578536,3481.760715880626,3495.540771484375,2622000,0.0,0.0
2017-12-08 00:00:00+09:00,3495.540775432741,3500.1341273058456,3389.893682351331,3408.26708984375,2654800,0.0,0.0
2017-12-11 00:00:00+09:00,3440.4206012650043,3481.7607687034356,3422.0471935145906,3467.980712890625,1126500,0.0,0.0
2017-12-12 00:00:00+09:00,3477.167416765832,3481.7607687034356,3440.4206012650043,3467.980712890625,849200,0.0,0.0
2017-12-13 00:00:00+09:00,3472.5737196463497,3523.1005859375,3449.606962241281,3523.1005859375,1715300,0.0,0.0
2017-12-14 00:00:00+09:00,3500.1339562560797,3564.4408793369,3500.1339562560797,3541.47412109375,1401400,0.0,0.0
2017-12-15 00:00:00+09:00,3564.441261574074,3619.5614872685187,3527.6944444444443,3596.5947265625,3315500,0.0,0.0
2017-12-18 00:00:00+09:00,3605.7813672250118,3614.9680713453304,3559.8478466234196,3587.407958984375,1462400,0.0,0.0
2017-12-19 00:00:00+09:00,3573.627685546875,3596.5944444514175,3550.660926642332,3573.627685546875,1255700,0.0,0.0
2017-12-20 00:00:00+09:00,3573.6278394275514,3587.407895363647,3569.034487448853,3578.22119140625,1006300,0.0,0.0
2017-12-21 00:00:00+09:00,3578.2210635080646,3587.407767137097,3555.254304435484,3559.84765625,767100,0.0,0.0
2017-12-22 00:00:00+09:00,3546.0677275553594,3587.407895363647,3546.0677275553594,3578.22119140625,1186100,0.0,0.0
2017-12-25 00:00:00+09:00,3573.6273765957235,3573.6273765957235,3541.4739169091295,3564.440673828125,717900,0.0,0.0
2017-12-26 00:00:00+09:00,3536.880976027048,3555.254383694721,3518.507568359375,3518.507568359375,1112500,0.0,0.0
2017-12-27 00:00:00+09:00,3518.507464175972,3573.627685546875,3513.914112395063,3573.627685546875,870500,0.0,0.0
2017-12-28 00:00:00+09:00,3573.6276734983767,3573.6276734983767,3536.880859375,3536.880859375,760600,0.0,0.0
2017-12-29 00:00:00+09:00,3532.2876348766554,3573.6278022549254,3532.2876348766554,3555.25439453125,867000,0.0,0.0
2018-01-01 00:00:00+09:00,3555.25439453125,3555.25439453125,3555.25439453125,3555.25439453125,0,0.0,0.0
2018-01-02 00:00:00+09:00,3555.25439453125,3555.25439453125,3555.25439453125,3555.25439453125,0,0.0,0.0
2018-01-03 00:00:00+09:00,3555.25439453125,3555.25439453125,3555.25439453125,3555.25439453125,0,0.0,0.0
2018-01-04 00:00:00+09:00,3573.6278394275514,3582.8145433849486,3559.847783491455,3578.22119140625,1189300,0.0,0.0
2018-01-05 00:00:00+09:00,3573.627786624204,3610.3746019108285,3564.441082802548,3605.78125,2389900,0.0,0.0
2018-01-08 00:00:00+09:00,3605.78125,3605.78125,3605.78125,3605.78125,0,0.0,0.0
2018-01-09 00:00:00+09:00,3628.7477902377886,3693.0547131027624,3628.7477902377886,3679.274658203125,3560400,0.0,0.0
2018-01-10 00:00:00+09:00,3706.834931487485,3812.482023710796,3697.648227815893,3807.888671875,3917900,0.0,0.0
2018-01-11 00:00:00+09:00,3798.7016496681085,3858.415218526253,3743.5814322605906,3849.228515625,3170000,0.0,0.0
2018-01-12 00:00:00+09:00,3858.4155842599694,3863.008936145993,3702.241620135161,3743.581787109375,2876300,0.0,0.0
2018-01-15 00:00:00+09:00,3720.6149641086254,3784.921889414207,3702.2415568784595,3734.39501953125,1341100,0.0,0.0
2018-01-16 00:00:00+09:00,3738.988435223351,3761.9551946534702,3720.6150276792564,3743.581787109375,641900,0.0,0.0
2018-01-17 00:00:00+09:00,3720.61495232434,3729.801655910326,3633.3412682574726,3697.648193359375,1659200,0.0,0.0
2018-01-18 00:00:00+09:00,3702.241597773584,3716.0216533484236,3656.308079190785,3670.088134765625,1258700,0.0,0.0
2018-01-19 00:00:00+09:00,3674.6811668471537,3725.208032891302,3674.6811668471537,3711.427978515625,1406900,0.0,0.0
2018-01-22 00:00:00+09:00,3697.6480523471173,3738.98821690752,3670.087942640182,3729.801513671875,1287300,0.0,0.0
2018-01-23 00:00:00+09:00,3757.3618427674464,3803.295361627684,3725.20837956528,3743.581787109375,2066200,0.0,0.0
2018-01-24 00:00:00+09:00,3734.395200153167,3752.768608272002,3706.835087974915,3725.20849609375,1074600,0.0,0.0
2018-01-25 00:00:00+09:00,3716.0215621948246,3725.2082656860352,3656.307989501953,3674.681396484375,1602600,0.0,0.0
2018-01-26 00:00:00+09:00,3683.8681260782623,3697.6481814127196,3633.3412565185854,3660.9013671875,1634800,0.0,0.0
2018-01-29 00:00:00+09:00,3702.241725973887,3761.9553021992724,3679.2749658872003,3688.461669921875,2187500,0.0,0.0
2018-01-30 00:00:00+09:00,3674.6814343944097,3757.361766668284,3642.527971843459,3697.648193359375,12428000,0.0,0.0
2018-01-31 00:00:00+09:00,3697.6482682491373,3761.9551946534702,3693.0549163631135,3743.581787109375,2813400,0.0,0.0
2018-02-01 00:00:00+09:00,3720.6147696403077,3720.6147696403077,3582.814222616593,3619.56103515625,5573200,0.0,0.0
2018-02-02 00:00:00+09:00,3614.968135127315,3619.5614872685187,3518.507740162037,3596.5947265625,2025200,0.0,0.0
2018-02-05 00:00:00+09:00,3477.1671328125,3504.7272421875,3431.2336171875,3445.013671875,2517900,0.0,0.0
2018-02-06 00:00:00+09:00,3187.7859805675034,3279.6530117077778,3160.2258712254215,3270.46630859375,3999800,0.0,0.0
2018-02-07 00:00:00+09:00,3417.4537706611573,3435.827178030303,3330.180085657714,3334.7734375,2215600,0.0,0.0
2018-02-08 00:00:00+09:00,3343.960091054523,3353.1467946013763,3229.1262967188595,3275.059814453125,1922700,0.0,0.0
2018-02-09 00:00:00+09:00,3137.259136520607,3201.5660587918933,3095.9189722033516,3169.41259765625,3026300,0.0,0.0
2018-02-12 00:00:00+09:00,3169.41259765625,3169.41259765625,3169.41259765625,3169.41259765625,0,0.0,0.0
2018-02-13 00:00:00+09:00,3215.345982142857,3238.3127391581634,3137.2590082908164,3151.0390625,2110200,0.0,0.0
2018-02-14 00:00:00+09:00,3137.2594107439418,3160.226170705464,3059.172426874766,3068.359130859375,1695300,0.0,0.0
2018-02-15 00:00:00+09:00,3077.5460869602903,3132.6663153834597,3077.5460869602903,3105.106201171875,1058200,0.0,0.0
2018-02-16 00:00:00+09:00,3123.479348617176,3164.819516466521,3114.292644650655,3155.6328125,939500,0.0,0.0
2018-02-19 00:00:00+09:00,3178.5993141677113,3206.159423828125,3160.2259077274357,3206.159423828125,968000,0.0,0.0
2018-02-20 00:00:00+09:00,3206.159641499866,3275.0599203286597,3192.3795857341074,3219.939697265625,1354500,0.0,0.0
2018-02-21 00:00:00+09:00,3215.34624139858,3284.246517999978,3201.5661860783002,3275.059814453125,1405200,0.0,0.0
2018-02-22 00:00:00+09:00,3284.2466350603845,3284.2466350603845,3242.9064676260577,3256.6865234375,1147000,0.0,0.0
2018-02-23 00:00:00+09:00,3256.686533993092,3302.620053513446,3256.686533993092,3293.433349609375,865800,0.0,0.0
2018-02-26 00:00:00+09:00,3334.7733465199813,3463.3871945951323,3316.3999396521026,3426.640380859375,2160600,0.0,0.0
2018-02-27 00:00:00+09:00,3477.1672622316396,3532.287483033198,3454.2005035643238,3463.38720703125,1737800,0.0,0.0
2018-02-28 00:00:00+09:00,3463.387078125,3509.3205937499997,3445.013671875,3445.013671875,1039800,0.0,0.0
2018-03-01 00:00:00+09:00,3399.0801542728286,3431.2336151916256,3348.553287114719,3357.739990234375,1070600,0.0,0.0
2018-03-02 00:00:00+09:00,3307.213394746121,3320.9934505575634,3242.9064676260577,3256.6865234375,1879800,0.0,0.0
2018-03-05 00:00:00+09:00,3238.312734252248,3302.6196537976825,3196.9725716873254,3288.839599609375,1642800,0.0,0.0
2018-03-06 00:00:00+09:00,3330.1800234097964,3380.7068927304967,3238.31298828125,3238.31298828125,1420600,0.0,0.0
2018-03-07 00:00:00+09:00,3238.3130168775165,3242.9063686745058,3137.25927734375,3137.25927734375,1534100,0.0,0.0
2018-03-08 00:00:00+09:00,3187.7861068922616,3224.532920804564,3178.599403414186,3201.566162109375,741500,0.0,0.0
2018-03-09 00:00:00+09:00,3261.279656515581,3279.6530630311613,3224.532843484419,3242.90625,994900,0.0,0.0
2018-03-12 00:00:00+09:00,3275.0598669416327,3275.0598669416327,3210.752941083031,3247.499755859375,828100,0.0,0.0
2018-03-13 00:00:00+09:00,3210.752788597734,3242.90625,3187.786030453258,3242.90625,734300,0.0,0.0
2018-03-14 00:00:00+09:00,3196.9725418526787,3242.9060553850445,3196.9725418526787,3215.345947265625,538900,0.0,0.0
2018-03-15 00:00:00+09:00,3196.9726061698716,3238.312769180689,3196.9726061698716,3224.53271484375,466300,0.0,0.0
2018-03-16 00:00:00+09:00,3215.3463453437053,3252.093160719062,3210.7529934217855,3219.939697265625,878400,0.0,0.0
2018-03-19 00:00:00+09:00,3210.753100833976,3210.753100833976,3109.699355171104,3164.819580078125,1579700,0.0,0.0
2018-03-20 00:00:00+09:00,3118.886059322274,3192.3796925316356,3114.292707246689,3164.819580078125,968300,0.0,0.0
2018-03-21 00:00:00+09:00,3164.819580078125,3164.819580078125,3164.819580078125,3164.819580078125,0,0.0,0.0
2018-03-22 00:00:00+09:00,3141.8523596938776,3187.7858737244896,3114.29225127551,3151.0390625,1461400,0.0,0.0
2018-03-23 00:00:00+09:00,3040.79896019489,3049.9856640021253,2921.371810700831,2971.898681640625,2481000,0.0,0.0
2018-03-26 00:00:00+09:00,2916.778547446425,2967.305419921875,2866.2516749709753,2967.305419921875,1471400,0.0,0.0
2018-03-27 00:00:00+09:00,3031.611941315407,3031.611941315407,2930.558209938227,2962.711669921875,1985300,0.0,0.0
2018-03-28 00:00:00+09:00,2912.028182119693,2953.496937877727,2888.9899844763413,2930.458740234375,1303400,10.0,0.0
2018-03-29 00:00:00+09:00,2944.281497628348,2944.281497628348,2865.9516299293155,2902.812744140625,1099100,0.0,0.0
2018-03-30 00:00:00+09:00,2902.8129030623527,2948.8892983490564,2898.2052635336822,2930.458740234375,791000,0.0,0.0
2018-04-02 00:00:00+09:00,2935.0659988473853,3008.7882217383717,2935.0659988473853,2990.357666015625,1084700,0.0,0.0
2018-04-03 00:00:00+09:00,2939.673611111111,2958.1041666666665,2916.6354166666665,2944.28125,1045600,0.0,0.0
2018-04-04 00:00:00+09:00,2962.7120242701803,2967.3196634992164,2921.2432712088557,2939.673828125,608300,0.0,0.0
2018-04-05 00:00:00+09:00,2953.496799468994,2967.3197174072266,2935.0662422180176,2948.88916015625,887000,0.0,0.0
2018-04-06 00:00:00+09:00,2948.888998422713,2981.142471842961,2921.2431640625,2921.2431640625,1003500,0.0,0.0
2018-04-09 00:00:00+09:00,2912.0280894886364,3054.8649103338066,2907.420450106534,3041.0419921875,1673800,0.0,0.0
2018-04-10 00:00:00+09:00,3050.2572100938423,3133.194717316938,3022.611374352811,3114.76416015625,1720600,0.0,0.0
2018-04-11 00:00:00+09:00,3133.1944174368596,3174.6631670794063,3091.725667794313,3147.017333984375,1170200,0.0,0.0
2018-04-12 00:00:00+09:00,3119.371609037956,3151.6250821003873,3064.079940930932,3123.979248046875,956000,0.0,0.0
2018-04-13 00:00:00+09:00,3137.802164002798,3179.270915068914,3133.1945249954515,3165.447998046875,848700,0.0,0.0
2018-04-16 00:00:00+09:00,3156.232449278539,3179.270642338967,3133.194256218112,3160.840087890625,733900,0.0,0.0
2018-04-17 00:00:00+09:00,3165.447781230128,3193.0936133806094,3147.0172264631406,3170.055419921875,808100,0.0,0.0
2018-04-18 00:00:00+09:00,3174.663301705972,3225.347331196198,3174.663301705972,3211.5244140625,860900,0.0,0.0
2018-04-19 00:00:00+09:00,3225.347087741236,3280.6387521025144,3225.347087741236,3252.992919921875,944900,0.0,0.0
2018-04-20 00:00:00+09:00,3252.9932446392363,3289.854357892939,3229.9550488556724,3266.816162109375,934900,0.0,0.0
2018-04-23 00:00:00+09:00,3225.3473073734117,3229.9549463839453,3077.9028590363414,3082.510498046875,2435900,0.0,0.0
2018-04-24 00:00:00+09:00,3147.0174955636567,3188.486247335359,3119.371661049188,3174.663330078125,2395500,0.0,0.0
2018-04-25 00:00:00+09:00,3114.764190856568,3128.587108863328,3073.2954368362884,3077.903076171875,1934600,0.0,0.0
2018-04-26 00:00:00+09:00,3073.2954368362884,3077.903076171875,3008.7884861380753,3077.903076171875,4897800,0.0,0.0
2018-04-27 00:00:00+09:00,3119.371384972176,3123.9790236501262,2962.711669921875,2962.711669921875,2964100,0.0,0.0
2018-04-30 00:00:00+09:00,2962.711669921875,2962.711669921875,2962.711669921875,2962.711669921875,0,0.0,0.0
2018-05-01 00:00:00+09:00,2962.711777825045,2967.3194166708067,2893.597195138613,2898.204833984375,1702700,0.0,0.0
2018-05-02 00:00:00+09:00,2888.989556292851,2944.2812224419963,2879.7742786013264,2898.204833984375,1093100,0.0,0.0
2018-05-03 00:00:00+09:00,2898.204833984375,2898.204833984375,2898.204833984375,2898.204833984375,0,0.0,0.0
2018-05-04 00:00:00+09:00,2898.204833984375,2898.204833984375,2898.204833984375,2898.204833984375,0,0.0,0.0
2018-05-07 00:00:00+09:00,2902.8124728301373,2916.6353893674236,2893.597195138613,2898.204833984375,629500,0.0,0.0
2018-05-08 00:00:00+09:00,2893.5976240050118,2939.674019291716,2888.9899844763413,2930.458740234375,846400,0.0,0.0
2018-05-09 00:00:00+09:00,2944.281551699095,2944.281551699095,2902.812797449812,2912.028076171875,772900,0.0,0.0
2018-05-10 00:00:00+09:00,2930.458740234375,2981.142775049749,2916.6358216483636,2930.458740234375,1100600,0.0,0.0
2018-05-11 00:00:00+09:00,2948.888808139535,2985.749918241279,2944.2811693768167,2971.927001953125,946500,0.0,0.0
2018-05-14 00:00:00+09:00,2976.535103175951,2976.535103175951,2935.0663478685465,2967.31982421875,821500,0.0,0.0
2018-05-15 00:00:00+09:00,2958.104085664971,3004.180473292151,2958.104085664971,2971.927001953125,1078100,0.0,0.0
2018-05-16 00:00:00+09:00,2953.496799468994,2967.3197174072266,2939.6738815307617,2948.88916015625,682700,0.0,0.0
2018-05-17 00:00:00+09:00,2971.926947277775,2976.534585955725,2944.281115210075,2962.711669921875,599400,0.0,0.0
2018-05-18 00:00:00+09:00,2958.104483309659,3064.0801890980115,2958.104483309659,3041.0419921875,1851800,0.0,0.0
2018-05-21 00:00:00+09:00,3022.61113779048,3073.295166015625,3004.180582072245,3073.295166015625,918500,0.0,0.0
2018-05-22 00:00:00+09:00,3082.5108869599135,3087.118526551782,3008.7886534900204,3022.611572265625,878000,0.0,0.0
2018-05-23 00:00:00+09:00,3004.180473292151,3018.0033895803053,2958.104085664971,2971.927001953125,900500,0.0,0.0
2018-05-24 00:00:00+09:00,2962.7115844146197,2967.319222959588,2902.8122833300317,2907.419921875,937400,0.0,0.0
2018-05-25 00:00:00+09:00,2888.989910419171,2888.989910419171,2861.3440739558296,2875.1669921875,991500,0.0,0.0
2018-05-28 00:00:00+09:00,2870.5590001182745,2898.2048331852243,2801.4444174509003,2815.267333984375,1255600,0.0,0.0
2018-05-29 00:00:00+09:00,2815.267624019812,2819.8752633389936,2694.5474738572607,2730.487060546875,3668000,0.0,0.0
2018-05-30 00:00:00+09:00,2672.430460775393,2761.8186520496047,2664.1367110695387,2753.52490234375,1847900,0.0,0.0
2018-05-31 00:00:00+09:00,2751.6818829109657,2752.603410668136,2666.901329251284,2668.744384765625,3548700,0.0,0.0
2018-06-01 00:00:00+09:00,2665.0584415409485,2696.3903872575434,2635.5695514547415,2672.4306640625,1442000,0.0,0.0
2018-06-04 00:00:00+09:00,2696.390234771842,2724.0360676642395,2658.6075964855654,2721.271484375,1021400,0.0,0.0
2018-06-05 00:00:00+09:00,2763.6618457582786,2810.6597631086192,2448.49934117364,2610.688232421875,5278100,0.0,0.0
2018-06-06 00:00:00+09:00,2636.491004797077,2706.5271167735114,2612.5312822788233,2634.64794921875,2265500,0.0,0.0
2018-06-07 00:00:00+09:00,2680.7243055555555,2699.154861111111,2663.215277777778,2695.46875,1069600,0.0,0.0
2018-06-08 00:00:00+09:00,2673.35198557599,2690.8610127135094,2656.7644861825506,2670.58740234375,1135700,0.0,0.0
2018-06-11 00:00:00+09:00,2672.43045783191,2679.8026797845496,2630.961709348311,2670.58740234375,817200,0.0,0.0
2018-06-12 00:00:00+09:00,2700.0763343562394,2707.448556429567,2662.293696230435,2686.25341796875,868200,0.0,0.0
2018-06-13 00:00:00+09:00,2684.4104113111816,2724.957633452511,2674.2736057758493,2719.428466796875,884100,0.0,0.0
2018-06-14 00:00:00+09:00,2712.9778831135022,2713.8994109270598,2652.1570474187024,2654.921630859375,1195600,0.0,0.0
2018-06-15 00:00:00+09:00,2652.157066995741,2658.6077617382603,2581.1994248280303,2583.04248046875,1515800,0.0,0.0
2018-06-18 00:00:00+09:00,2569.2193162118733,2569.2193162118733,2475.2234875699755,2500.104736328125,1565800,0.0,0.0
2018-06-19 00:00:00+09:00,2478.909946411636,2547.103008134484,2452.1856384391685,2459.557861328125,1561900,0.0,0.0
2018-06-20 00:00:00+09:00,2451.2640501338456,2483.517524477712,2409.795297406017,2474.30224609375,1140700,0.0,0.0
2018-06-21 00:00:00+09:00,2469.694439021121,2513.92777225732,2460.4791612635795,2470.615966796875,764700,0.0,0.0
2018-06-22 00:00:00+09:00,2442.048693266369,2451.2639713541666,2395.972302827381,2419.010498046875,1693900,0.0,0.0
2018-06-25 00:00:00+09:00,2344.3667109751204,2344.3667109751204,2289.9965710586375,2296.447265625,2017000,0.0,0.0
2018-06-26 00:00:00+09:00,2233.78354996359,2300.133556398152,2213.5099368863625,2293.682861328125,1488900,0.0,0.0
2018-06-27 00:00:00+09:00,2277.095270968032,2297.36888325508,2240.2341577188527,2244.841796875,1155700,0.0,0.0
2018-06-28 00:00:00+09:00,2211.6665888971843,2233.7832547861562,2156.3749241747546,2160.06103515625,1794000,0.0,0.0
2018-06-29 00:00:00+09:00,2488.125244140625,2552.6321949146413,2396.893985188802,2488.125244140625,5241600,0.0,0.0
2018-07-02 00:00:00+09:00,2487.203560433139,2487.203560433139,2282.6243865108872,2294.604248046875,2629400,0.0,0.0
2018-07-03 00:00:00+09:00,2294.6041666666665,2333.3083333333334,2231.0187499999997,2280.78125,1415900,0.0,0.0
2018-07-04 00:00:00+09:00,2257.74316861109,2286.3105311526997,2248.5278903718613,2275.252197265625,687100,0.0,0.0
2018-07-05 00:00:00+09:00,2273.409197199697,2275.252252892603,2175.7272454756726,2184.02099609375,1012100,0.0,0.0
2018-07-06 00:00:00+09:00,2174.805495775414,2224.567994407563,2170.197857013178,2171.119384765625,1112200,0.0,0.0
2018-07-09 00:00:00+09:00,2182.177606979643,2238.390797024304,2173.883857628791,2218.1171875,701400,0.0,0.0
2018-07-10 00:00:00+09:00,2246.684869656897,2337.9161256437847,2234.7050077596286,2314.8779296875,1097800,0.0,0.0
2018-07-11 00:00:00+09:00,2293.6827452171506,2346.2098309854823,2266.9584384227364,2340.6806640625,847200,0.0,0.0
2018-07-12 00:00:00+09:00,2377.541352969233,2439.2837059339377,2363.7184381263887,2384.91357421875,1648800,0.0,0.0
2018-07-13 00:00:00+09:00,2477.0666396103893,2488.124972822936,2423.618029083082,2483.517333984375,1773500,0.0,0.0
2018-07-16 00:00:00+09:00,2483.517333984375,2483.517333984375,2483.517333984375,2483.517333984375,0,0.0,0.0
2018-07-17 00:00:00+09:00,2504.7125053350555,2560.9256998992346,2497.3402830971304,2547.102783203125,1316000,0.0,0.0
2018-07-18 00:00:00+09:00,2561.847034968139,2562.7685626785587,2425.46093382595,2449.420654296875,1549900,0.0,0.0
2018-07-19 00:00:00+09:00,2452.185367893528,2471.537450841955,2397.815230086043,2454.949951171875,1222200,0.0,0.0
2018-07-20 00:00:00+09:00,2395.972412109375,2430.9904704402043,2388.6001893028847,2395.972412109375,1258400,0.0,0.0
2018-07-23 00:00:00+09:00,2375.6985837936404,2405.187472343445,2352.6603896141055,2359.111083984375,659800,0.0,0.0
2018-07-24 00:00:00+09:00,2357.268131421442,2375.6986875701627,2349.8959089619534,2360.03271484375,742900,0.0,0.0
2018-07-25 00:00:00+09:00,2383.9922056560276,2390.442899679836,2318.563737700257,2329.6220703125,720200,0.0,0.0
2018-07-26 00:00:00+09:00,2331.465423800421,2358.189731029754,2325.0147289519614,2338.837646484375,629700,0.0,0.0
2018-07-27 00:00:00+09:00,2390.4430716577876,2420.8534885293016,2368.326404842141,2416.245849609375,1291000,0.0,0.0
2018-07-30 00:00:00+09:00,2414.4029378002474,2416.2459934779577,2369.24807369635,2373.855712890625,772900,0.0,0.0
2018-07-31 00:00:00+09:00,2386.757053161267,2400.579970457568,2357.2681629291587,2382.1494140625,950600,0.0,0.0
2018-08-01 00:00:00+09:00,2488.1251322061144,2575.6702757467,2460.479297403824,2552.632080078125,2975700,0.0,0.0
2018-08-02 00:00:00+09:00,2552.631970089857,2744.3097497933554,2550.788914515785,2700.076416015625,3267500,0.0,0.0
2018-08-03 00:00:00+09:00,2709.2919119735234,2750.76066572822,2621.7467651580523,2636.4912109375,1871100,0.0,0.0
2018-08-06 00:00:00+09:00,2626.3543664930253,2690.8613158454855,2608.8453373830716,2638.334228515625,774200,0.0,0.0
2018-08-07 00:00:00+09:00,2638.334128639915,2702.8410755504265,2628.1973226968344,2696.390380859375,931700,0.0,0.0
2018-08-08 00:00:00+09:00,2709.2917879634033,2717.58553833472,2654.0001188212927,2665.97998046875,624000,0.0,0.0
2018-08-09 00:00:00+09:00,2666.9014750986616,2697.31189274837,2653.0785579851577,2685.33203125,668400,0.0,0.0
2018-08-10 00:00:00+09:00,2661.372244090195,2683.4889109385904,2608.8451603252574,2641.0986328125,745400,0.0,0.0
2018-08-13 00:00:00+09:00,2604.2378484552555,2615.296183268229,2543.4170069839015,2554.475341796875,761000,0.0,0.0
2018-08-14 00:00:00+09:00,2566.45499747927,2592.257776628074,2544.3383296374377,2552.632080078125,610200,0.0,0.0
2018-08-15 00:00:00+09:00,2576.591683172946,2607.9236278181106,2530.5152939888803,2540.652099609375,590800,0.0,0.0
2018-08-16 00:00:00+09:00,2506.555593214546,2540.652121504597,2463.2437870082654,2527.750732421875,779900,0.0,0.0
2018-08-17 00:00:00+09:00,2543.4168852645985,2553.553691691378,2514.849521698221,2524.986328125,357200,0.0,0.0
2018-08-20 00:00:00+09:00,2529.593888833643,2585.8070863632797,2525.9077775202245,2570.14111328125,641200,0.0,0.0
2018-08-21 00:00:00+09:00,2567.376281499778,2605.1589188082817,2561.8471150643873,2594.1005859375,660400,0.0,0.0
2018-08-22 00:00:00+09:00,2640.1769763204607,2698.233223967298,2636.4908653587568,2677.0380859375,1255700,0.0,0.0
2018-08-23 00:00:00+09:00,2658.6076112349547,2687.174972048918,2594.1006674614896,2607.923583984375,795900,0.0,0.0
2018-08-24 00:00:00+09:00,2608.8452953947153,2640.1772417187776,2589.4932109004417,2622.668212890625,608100,0.0,0.0
2018-08-27 00:00:00+09:00,2506.5555990062567,2538.8090717875875,2478.9097651936877,2503.791015625,2450000,0.0,0.0
2018-08-28 00:00:00+09:00,2513.9277503188773,2517.613861389726,2478.9096951458137,2483.517333984375,1581700,0.0,0.0
2018-08-29 00:00:00+09:00,2473.3803814904745,2492.7324634618976,2437.440800686403,2466.9296875,1524700,0.0,0.0
2018-08-30 00:00:00+09:00,2487.2035656999565,2488.1250935123685,2434.676480392473,2454.028564453125,2154100,0.0,0.0
2018-08-31 00:00:00+09:00,2430.990451718572,2442.9703136868593,2409.7953113131407,2426.3828125,1515300,0.0,0.0
2018-09-03 00:00:00+09:00,2423.6181841524417,2430.0688789391593,2351.739013671875,2351.739013671875,1267700,0.0,0.0
2018-09-04 00:00:00+09:00,2339.758951371521,2354.503395334477,2306.583952454871,2325.93603515625,1000000,0.0,0.0
2018-09-05 00:00:00+09:00,2319.4854112066114,2331.4652722895216,2300.1333279188325,2304.740966796875,1135100,0.0,0.0
2018-09-06 00:00:00+09:00,2279.859861457793,2279.859861457793,2218.1174965759533,2220.882080078125,1645800,0.0,0.0
2018-09-07 00:00:00+09:00,2220.882080078125,2233.7834697549274,2174.8056883752593,2220.882080078125,1518700,0.0,0.0
2018-09-10 00:00:00+09:00,2211.6664867305276,2226.4109299753977,2177.5699617267655,2200.608154296875,1309500,0.0,0.0
2018-09-11 00:00:00+09:00,2188.628527052859,2197.8438050615027,2161.9042208277924,2165.59033203125,1170900,0.0,0.0
2018-09-12 00:00:00+09:00,2165.5903114177936,2173.8840615466274,2085.4173935057306,2095.55419921875,1719400,0.0,0.0
2018-09-13 00:00:00+09:00,2119.514080127182,2177.570335365448,2112.141857239783,2164.6689453125,1517100,0.0,0.0
2018-09-14 00:00:00+09:00,2190.4713563304945,2219.9602429113,2178.491496157042,2218.1171875,1753300,0.0,0.0
2018-09-17 00:00:00+09:00,2218.1171875,2218.1171875,2218.1171875,2218.1171875,0,0.0,0.0
2018-09-18 00:00:00+09:00,2165.5901220332903,2203.372758204935,2163.747066610283,2187.706787109375,1446500,0.0,0.0
2018-09-19 00:00:00+09:00,2211.6666882243376,2234.704882893341,2192.3146047023747,2226.4111328125,1431200,0.0,0.0
2018-09-20 00:00:00+09:00,2256.821319204597,2261.4289576676524,2172.040771484375,2172.040771484375,1530600,0.0,0.0
2018-09-21 00:00:00+09:00,2179.4132855961725,2219.960509514241,2175.7271743308934,2205.216064453125,1389300,0.0,0.0
2018-09-24 00:00:00+09:00,2205.216064453125,2205.216064453125,2205.216064453125,2205.216064453125,0,0.0,0.0
2018-09-25 00:00:00+09:00,2184.9422903428176,2187.7068735866087,2148.0811804256045,2177.570068359375,1375900,0.0,0.0
2018-09-26 00:00:00+09:00,2191.3929443359375,2193.235999797953,2132.4151695514547,2137.9443359375,2067400,0.0,0.0
2018-09-27 00:00:00+09:00,2125.0430116192933,2129.650650412917,2097.3971788575504,2099.240234375,2036800,0.0,0.0
2018-09-28 00:00:00+09:00,2123.199978345604,2167.433311227804,2111.220117356675,2127.8076171875,1998700,0.0,0.0
2018-10-01 00:00:00+09:00,2110.298638119905,2133.336832859205,2080.8097488536005,2119.513916015625,1649700,0.0,0.0
2018-10-02 00:00:00+09:00,2120.435400262299,2127.8076224274873,2092.7895671428428,2103.847900390625,1891600,0.0,0.0
2018-10-03 00:00:00+09:00,2090.02505444552,2095.5542212562223,2071.594498409845,2082.65283203125,1947500,0.0,0.0
2018-10-04 00:00:00+09:00,2091.8680501445106,2105.690966775421,2074.3590224120235,2097.397216796875,1944300,0.0,0.0
2018-10-05 00:00:00+09:00,2074.3589898172113,2081.7312119045223,2059.6145456425884,2075.280517578125,2088500,0.0,0.0
2018-10-08 00:00:00+09:00,2075.280517578125,2075.280517578125,2075.280517578125,2075.280517578125,0,0.0,0.0
2018-10-09 00:00:00+09:00,2053.164022000571,2054.085549838094,1964.697349598392,1966.5404052734375,2423700,0.0,0.0
2018-10-10 00:00:00+09:00,1972.9908657316091,1980.3630875559215,1937.0512843380861,1960.0894775390625,1507700,0.0,0.0
2018-10-11 00:00:00+09:00,1843.0556606666046,1878.9952460496033,1841.212605005938,1855.0355224609375,2165400,0.0,0.0
2018-10-12 00:00:00+09:00,1843.0556573142894,1878.0737148032608,1830.1542677130892,1867.015380859375,1775000,0.0,0.0
2018-10-15 00:00:00+09:00,1845.820149904571,1846.7416776878486,1818.17431640625,1818.17431640625,1582900,0.0,0.0
2018-10-16 00:00:00+09:00,1818.174357491202,1820.017413099404,1784.9993565435673,1804.3514404296875,1882100,0.0,0.0
2018-10-17 00:00:00+09:00,1835.6832318814847,1882.6811459507396,1832.9186487009404,1865.172119140625,1924500,0.0,0.0
2018-10-18 00:00:00+09:00,1863.329117028422,1869.7798113010228,1831.0756456654176,1832.918701171875,1413800,0.0,0.0
2018-10-19 00:00:00+09:00,1795.1361138604805,1796.0576416396698,1764.7256971472384,1771.1763916015625,1475400,0.0,0.0
2018-10-22 00:00:00+09:00,1760.1181985039937,1781.3133391142512,1729.7077793675373,1770.2550048828125,1427200,0.0,0.0
2018-10-23 00:00:00+09:00,1737.0797772850494,1740.7658882182802,1686.395751953125,1686.395751953125,2071400,0.0,0.0
2018-10-24 00:00:00+09:00,1710.3554623707132,1721.4137951015582,1687.3172691814525,1692.846435546875,1728400,0.0,0.0
2018-10-25 00:00:00+09:00,1566.5972305014775,1570.283341632069,1523.2854247170249,1539.8729248046875,3166000,0.0,0.0
2018-10-26 00:00:00+09:00,1566.5972111898177,1576.734016673987,1531.5791558808687,1540.79443359375,2466600,0.0,0.0
2018-10-29 00:00:00+09:00,1544.4804556337758,1555.5387882516789,1509.46240234375,1509.46240234375,1596100,0.0,0.0
2018-10-30 00:00:00+09:00,1483.6598002115884,1555.538970656622,1474.4445219494046,1548.166748046875,2061400,0.0,0.0
2018-10-31 00:00:00+09:00,1594.24314502207,1603.4584233169953,1494.7181394368772,1595.1646728515625,3553400,0.0,0.0
2018-11-01 00:00:00+09:00,1589.6354774376016,1638.4764515269887,1583.1847827465504,1632.0257568359375,2433200,0.0,0.0
2018-11-02 00:00:00+09:00,1642.1624360657615,1642.1624360657615,1558.3034115528635,1602.5367431640625,1956900,0.0,0.0
2018-11-05 00:00:00+09:00,1573.9695135973777,1674.416045788311,1571.2049301425814,1667.0438232421875,1810700,0.0,0.0
2018-11-06 00:00:00+09:00,1670.729921760046,1732.472285112458,1643.0840874231449,1644.005615234375,1990300,0.0,0.0
2018-11-07 00:00:00+09:00,1654.1423257280821,1701.140241389437,1639.3978815990295,1648.6131591796875,1571100,0.0,0.0
2018-11-08 00:00:00+09:00,1690.0820616004503,1710.3556741169223,1666.1223377173467,1682.7098388671875,1840400,0.0,0.0
2018-11-09 00:00:00+09:00,1668.886872622476,1672.5729838817194,1618.2028428078784,1620.0458984375,1750300,0.0,0.0
2018-11-12 00:00:00+09:00,1607.1444417685946,1632.9472195034114,1575.812497376317,1629.2611083984375,1216200,0.0,0.0
2018-11-13 00:00:00+09:00,1575.8124702995397,1590.5569144660851,1549.0881652476762,1583.1846923828125,1736900,0.0,0.0
2018-11-14 00:00:00+09:00,1607.1442726518856,1661.514405728985,1607.1442726518856,1649.5345458984375,2272800,0.0,0.0
2018-11-15 00:00:00+09:00,1620.045770260162,1648.6131302590613,1597.9291044545625,1602.5367431640625,1507800,0.0,0.0
2018-11-16 00:00:00+09:00,1601.6151856625129,1621.888795607608,1551.8526885245521,1556.4603271484375,1548100,0.0,0.0
2018-11-19 00:00:00+09:00,1550.0097596215421,1587.792399422067,1544.4805928214653,1573.969482421875,1199100,0.0,0.0
2018-11-20 00:00:00+09:00,1561.9895993541757,1587.7923773966045,1552.7743214818797,1586.870849609375,1433200,0.0,0.0
2018-11-21 00:00:00+09:00,1552.7743107087178,1640.3194498881412,1532.5006995303252,1634.790283203125,1922100,0.0,0.0
2018-11-22 00:00:00+09:00,1631.104071183638,1653.2207365556196,1593.321434506503,1621.8887939453125,1771100,0.0,0.0
2018-11-23 00:00:00+09:00,1621.8887939453125,1621.8887939453125,1621.8887939453125,1621.8887939453125,0,0.0,0.0
2018-11-26 00:00:00+09:00,1596.0861862417905,1618.2028539495288,1576.7341019975192,1613.59521484375,1188600,0.0,0.0
2018-11-27 00:00:00+09:00,1625.575074601545,1658.7500761240256,1624.6535467814763,1655.06396484375,1442700,0.0,0.0
2018-11-28 00:00:00+09:00,1660.59295834628,1669.8082355846057,1617.2811553261497,1621.8887939453125,1896600,0.0,0.0
2018-11-29 00:00:00+09:00,1635.7118680879669,1644.9271462180398,1608.9875615107549,1632.0257568359375,1658700,0.0,0.0
2018-11-30 00:00:00+09:00,1622.810422340085,1622.810422340085,1539.8729220501318,1551.852783203125,6196800,0.0,0.0
2018-12-03 00:00:00+09:00,1563.832700232089,1596.0861737194923,1537.1083936282407,1590.5570068359375,2861800,0.0,0.0
2018-12-04 00:00:00+09:00,1590.5570624315746,1597.00775735453,1495.6396942795166,1499.3258056640625,2680300,0.0,0.0
2018-12-05 00:00:00+09:00,1473.522919443597,1486.4243083567992,1434.8187527039904,1439.4263916015625,2700900,0.0,0.0
2018-12-06 00:00:00+09:00,1419.1528578491614,1419.1528578491614,1370.3118828712356,1394.2716064453125,2594400,0.0,0.0
2018-12-07 00:00:00+09:00,1392.4285721941692,1398.879267101753,1322.3924560546875,1322.3924560546875,2808700,0.0,0.0
2018-12-10 00:00:00+09:00,1273.551364386177,1294.7465028672784,1249.591642624932,1268.9437255859375,2661000,0.0,0.0
2018-12-11 00:00:00+09:00,1262.4930922673466,1265.2576756810706,1197.0646181425425,1212.7305908203125,2433300,0.0,0.0
2018-12-12 00:00:00+09:00,1197.0646211941794,1218.2597607534296,1152.8312864618308,1200.750732421875,4099200,0.0,0.0
2018-12-13 00:00:00+09:00,1212.7305798404432,1244.0625249123086,1184.1632181572716,1219.1812744140625,3275900,0.0,0.0
2018-12-14 00:00:00+09:00,1210.8875561331201,1222.8674177995817,1170.34033203125,1170.34033203125,2898100,0.0,0.0
2018-12-17 00:00:00+09:00,1151.909755063307,1177.7125335767253,1139.9298936106488,1141.77294921875,2114600,0.0,0.0
2018-12-18 00:00:00+09:00,1116.8917304259328,1129.7931200513149,1092.9320068359375,1092.9320068359375,2955500,0.0,0.0
2018-12-19 00:00:00+09:00,1092.9319846598307,1108.597957458496,1068.9722615559895,1105.8333740234375,2972500,0.0,0.0
2018-12-20 00:00:00+09:00,1082.795198545949,1093.8535324885459,1026.5820010044147,1033.9542236328125,2382200,0.0,0.0
2018-12-21 00:00:00+09:00,1023.8173373475367,1040.4048369625284,986.0346993356114,993.4069213867188,3356000,0.0,0.0
2018-12-24 00:00:00+09:00,993.4069213867188,993.4069213867188,993.4069213867188,993.4069213867188,0,0.0,0.0
2018-12-25 00:00:00+09:00,968.5257356195335,971.290319070398,916.9201778700627,925.2139282226562,3421200,0.0,0.0
2018-12-26 00:00:00+09:00,952.8597114548345,970.368739034759,939.0367949443679,960.23193359375,2526100,0.0,0.0
2018-12-27 00:00:00+09:00,1038.5618483882442,1059.7569881512698,1000.7792079411121,1052.384765625,3427200,0.0,0.0
2018-12-28 00:00:00+09:00,1033.0326485469423,1058.8354265659561,1010.915981673502,1015.5236206054688,2208300,0.0,0.0
2018-12-31 00:00:00+09:00,1015.5236206054688,1015.5236206054688,1015.5236206054688,1015.5236206054688,0,0.0,0.0
2019-01-04 00:00:00+09:00,979.5840756095416,985.11324254619,945.4875461668765,972.2118530273438,2958800,0.0,0.0
2019-01-07 00:00:00+09:00,1022.8958896902157,1056.0708915180064,1009.0729722619694,1033.9542236328125,1728500,0.0,0.0
2019-01-08 00:00:00+09:00,1052.3847995999665,1055.149383136569,1030.2681313071478,1033.03271484375,1500300,0.0,0.0
2019-01-09 00:00:00+09:00,1033.9541502590127,1045.9340111800175,1024.7388726274708,1025.660400390625,1621200,0.0,0.0
2019-01-10 00:00:00+09:00,1027.5035400390625,1038.5618741022631,1013.6806224600616,1027.5035400390625,1461900,0.0,0.0
2019-01-11 00:00:00+09:00,1045.0124923668193,1150.9881860371756,1038.5617979694932,1114.1270751953125,3556400,0.0,0.0
2019-01-15 00:00:00+09:00,1133.4792467905768,1135.3223024764152,1071.7368813149926,1074.50146484375,3266100,0.0,0.0
2019-01-16 00:00:00+09:00,1068.0508278763264,1070.8154115550399,1015.5237379807693,1042.248046875,3120300,0.0,0.0
2019-01-17 00:00:00+09:00,1051.4632321903052,1054.2278156228826,1018.2882309993754,1020.1312866210938,2216500,0.0,0.0
2019-01-18 00:00:00+09:00,1028.4249147227113,1117.8131017550616,1011.8374160981514,1112.283935546875,4103100,0.0,0.0
2019-01-21 00:00:00+09:00,1139.9299139548475,1184.1632493387058,1106.7549124169539,1170.34033203125,3977000,0.0,0.0
2019-01-22 00:00:00+09:00,1179.5554707245155,1186.0061647050402,1087.4026995741629,1093.8533935546875,3759200,0.0,0.0
2019-01-23 00:00:00+09:00,1071.7367490750546,1111.362441431226,1060.6784163244952,1080.9520263671875,2451600,0.0,0.0
2019-01-24 00:00:00+09:00,1076.3444470803868,1108.5979193815972,1053.3062525795224,1107.6763916015625,1803700,0.0,0.0
2019-01-25 00:00:00+09:00,1116.8916926568675,1168.4972494132905,1094.7750254755435,1165.732666015625,2853900,0.0,0.0
2019-01-28 00:00:00+09:00,1175.8694133119122,1190.6138573659803,1126.1069146294333,1127.0284423828125,2408900,0.0,0.0
2019-01-29 00:00:00+09:00,1128.8715387811724,1128.8715387811724,1088.324316163726,1113.20556640625,2046000,0.0,0.0
2019-01-30 00:00:00+09:00,1122.4209955976132,1124.2640514196125,1087.4029349796253,1088.324462890625,2062300,0.0,0.0
2019-01-31 00:00:00+09:00,1065.2860675954034,1101.225649460646,1043.169401832177,1062.521484375,3284200,0.0,0.0
2019-02-01 00:00:00+09:00,1082.7951539237545,1179.5555719339623,1078.1875149708874,1172.183349609375,5158500,0.0,0.0
2019-02-04 00:00:00+09:00,1191.5352484994826,1230.2394097036422,1165.7324743633762,1210.8873291015625,3389600,0.0,0.0
2019-02-05 00:00:00+09:00,1210.8876401259213,1211.8091680103398,1120.5779074529075,1125.185546875,3323700,0.0,0.0
2019-02-06 00:00:00+09:00,1144.5375194266758,1147.3021028069334,1114.1271022438414,1118.7347412109375,1736700,0.0,0.0
2019-02-07 00:00:00+09:00,1121.4993326155866,1157.438916816086,1119.656277015561,1124.263916015625,1956000,0.0,0.0
2019-02-08 00:00:00+09:00,1105.8333953910312,1115.0486736859564,1048.6986699624945,1063.443115234375,2744600,0.0,0.0
2019-02-12 00:00:00+09:00,1087.402676035936,1132.5575329221742,1084.6380929612685,1130.7144775390625,2283700,0.0,0.0
2019-02-13 00:00:00+09:00,1150.9882183045102,1183.2416911953492,1140.851412538818,1177.7125244140625,2753500,0.0,0.0
2019-02-14 00:00:00+09:00,1162.0465113321939,1181.3985943916516,1143.6159560374724,1150.066650390625,1552200,0.0,0.0
2019-02-15 00:00:00+09:00,1140.8514390126193,1148.2236615587428,1111.362548828125,1111.362548828125,1693000,0.0,0.0
2019-02-18 00:00:00+09:00,1148.223713148585,1246.8271941332548,1142.694545990566,1221.0244140625,4837800,0.0,0.0
2019-02-19 00:00:00+09:00,1216.41680242891,1223.7890254739336,1165.732768994372,1166.654296875,2836200,0.0,0.0
2019-02-20 00:00:00+09:00,1189.6923765386953,1279.0805721422998,1188.7708487489674,1255.120849609375,5184400,0.0,0.0
2019-02-21 00:00:00+09:00,1268.9438320956388,1270.7868877704327,1218.2598010388049,1257.885498046875,3637200,0.0,0.0
2019-02-22 00:00:00+09:00,1240.3764954949818,1287.374416200958,1234.8473283531023,1262.4931640625,2464900,0.0,0.0
2019-02-25 00:00:00+09:00,1290.1389803006473,1306.7264814759415,1245.9056438331966,1263.4146728515625,2935900,0.0,0.0
2019-02-26 00:00:00+09:00,1278.1589973011494,1279.0805250569542,1226.553442976085,1251.4346923828125,2033400,0.0,0.0
2019-02-27 00:00:00+09:00,1254.1992756502266,1262.493025452469,1244.0624703363746,1251.4346923828125,1705200,0.0,0.0
2019-02-28 00:00:00+09:00,1243.1410312447497,1243.1410312447497,1199.8292236328125,1199.8292236328125,3169900,0.0,0.0
2019-03-01 00:00:00+09:00,1212.7305828065362,1228.3965553807848,1198.9076658292581,1207.201416015625,1647800,0.0,0.0
2019-03-04 00:00:00+09:00,1212.730637409278,1247.7486953283908,1211.8091095693014,1245.9056396484375,1874800,0.0,0.0
2019-03-05 00:00:00+09:00,1227.4749482650009,1245.9055030437546,1209.9659212251847,1222.8673095703125,1344300,0.0,0.0
2019-03-06 00:00:00+09:00,1221.0243693124075,1246.8271484375,1214.5736745311344,1246.8271484375,1537100,0.0,0.0
2019-03-07 00:00:00+09:00,1231.1609934089408,1231.1609934089408,1187.8491919941052,1220.1026611328125,3123400,0.0,0.0
2019-03-08 00:00:00+09:00,1180.4771026538608,1185.0847416181616,1135.3222408037132,1160.2034912109375,3873300,0.0,0.0
2019-03-11 00:00:00+09:00,1107.676351379545,1134.4006560301332,1081.873574475529,1121.499267578125,3897000,0.0,0.0
2019-03-12 00:00:00+09:00,1155.595822593972,1178.6340168243144,1141.7729060557665,1167.57568359375,1945100,0.0,0.0
2019-03-13 00:00:00+09:00,1160.2035395179084,1164.8111786740558,1113.2056201252053,1122.4208984375,1670000,0.0,0.0
2019-03-14 00:00:00+09:00,1139.0083526661604,1140.851408252999,1115.97015783068,1118.7347412109375,943200,0.0,0.0
2019-03-15 00:00:00+09:00,1107.6763643728461,1122.420808490954,1092.9319202547383,1103.0687255859375,2143300,0.0,0.0
2019-03-18 00:00:00+09:00,1101.225814505369,1123.3424835833011,1100.3042866271219,1119.6563720703125,1037700,0.0,0.0
2019-03-19 00:00:00+09:00,1120.5778284026655,1143.616023887918,1114.127133666795,1140.8514404296875,1109200,0.0,0.0
2019-03-20 00:00:00+09:00,1148.2236357825805,1150.0666913777372,1128.8715520334358,1136.2437744140625,926700,0.0,0.0
2019-03-22 00:00:00+09:00,1130.7146186268544,1156.5173972100263,1122.4208683679776,1129.7930908203125,1574900,0.0,0.0
2019-03-25 00:00:00+09:00,1097.5395531646263,1098.4610809170736,1066.2076095814211,1085.5596923828125,1520900,0.0,0.0
2019-03-26 00:00:00+09:00,1105.8332854626226,1135.3221730749592,1093.8534248701108,1127.949951171875,1498900,0.0,0.0
2019-03-27 00:00:00+09:00,1158.8655756328892,1165.42342448449,1141.0657001785441,1145.7498779296875,789400,20.0,0.0
2019-03-28 00:00:00+09:00,1130.7605258500882,1137.3183747986805,1105.4659656198046,1127.01318359375,1344000,0.0,0.0
2019-03-29 00:00:00+09:00,1142.002631527254,1158.86567284595,1137.3184533831716,1141.0657958984375,1349800,0.0,0.0
2019-04-01 00:00:00+09:00,1159.8024056868671,1202.8968407931643,1158.865570141078,1179.4759521484375,1704400,0.0,0.0
2019-04-02 00:00:00+09:00,1204.7706244227986,1213.2021451224916,1168.2340347241288,1172.918212890625,1053400,0.0,0.0
2019-04-03 00:00:00+09:00,1178.5392480468752,1207.5811532054229,1170.1077271943934,1194.4654541015625,1163100,0.0,0.0
2019-04-04 00:00:00+09:00,1203.8337844488187,1214.1389763779528,1183.2234005905511,1189.78125,1003700,0.0,0.0
2019-04-05 00:00:00+09:00,1190.717920223749,1212.26513671875,1178.5390587265745,1212.26513671875,1290300,0.0,0.0
2019-04-08 00:00:00+09:00,1213.202003364231,1221.6335230787313,1176.6654179347288,1183.2232666015625,1054300,0.0,0.0
2019-04-09 00:00:00+09:00,1189.7812596820932,1207.5811367954473,1186.9707527694584,1204.7706298828125,964200,0.0,0.0
2019-04-10 00:00:00+09:00,1192.5917009762568,1222.5704397282132,1180.4128383582747,1197.27587890625,1413600,0.0,0.0
2019-04-11 00:00:00+09:00,1185.0970458984375,1192.5917307736845,1172.918182976161,1185.0970458984375,987200,0.0,0.0
2019-04-12 00:00:00+09:00,1186.9706962938146,1186.9706962938146,1155.1182861328125,1155.1182861328125,1477300,0.0,0.0
2019-04-15 00:00:00+09:00,1179.4759222264406,1204.7704813210505,1172.9180735722823,1200.0863037109375,1992600,0.0,0.0
2019-04-16 00:00:00+09:00,1203.8336861393532,1239.4334371691552,1195.4021661586107,1202.8968505859375,2155500,0.0,0.0
2019-04-17 00:00:00+09:00,1202.8969586077226,1225.3810139088014,1201.0232873326327,1204.7706298828125,1138400,0.0,0.0
2019-04-18 00:00:00+09:00,1197.2759610523897,1218.8231810087316,1190.7181115004596,1194.4654541015625,1618700,0.0,0.0
2019-04-19 00:00:00+09:00,1195.402322048611,1226.3178993429717,1193.5286506974378,1222.570556640625,1683800,0.0,0.0
2019-04-22 00:00:00+09:00,1224.4440389028769,1230.065052088353,1200.086315099147,1215.07568359375,1177600,0.0,0.0
2019-04-23 00:00:00+09:00,1213.2019722185325,1234.7491887135336,1200.0862752215755,1212.26513671875,1397000,0.0,0.0
2019-04-24 00:00:00+09:00,1217.8862492931255,1244.1176454317467,1189.7811820017457,1190.718017578125,2659000,0.0,0.0
2019-04-25 00:00:00+09:00,1195.4022595897225,1213.2021364958389,1186.970738949983,1206.644287109375,1384700,0.0,0.0
2019-04-26 00:00:00+09:00,1189.7812442717814,1198.212764900479,1144.8131342520605,1157.9288330078125,2905000,0.0,0.0
2019-05-07 00:00:00+09:00,1146.686766108663,1149.497272888341,1081.1082745828407,1089.539794921875,3499500,0.0,0.0
2019-05-08 00:00:00+09:00,1058.624267578125,1076.4241446435979,1045.5085686877767,1058.624267578125,1974200,0.0,0.0
2019-05-09 00:00:00+09:00,1076.4241020310094,1078.2977732268857,1050.1927052887393,1064.2452392578125,1947500,0.0,0.0
2019-05-10 00:00:00+09:00,1052.0664045403316,1057.687418277858,988.3615821817008,1003.3509521484375,4177700,0.0,0.0
2019-05-13 00:00:00+09:00,972.4352944643443,1000.5403607783427,952.7617480445455,981.8036499023438,2049700,0.0,0.0
2019-05-14 00:00:00+09:00,936.8356401641294,1000.5404636952901,929.3409550428163,984.6142578125,2769400,0.0,0.0
2019-05-15 00:00:00+09:00,995.8562134929907,1013.6560893691588,982.7405154789719,1002.4140625,1837600,0.0,0.0
2019-05-16 00:00:00+09:00,1002.4140745664512,1002.4140745664512,971.4985003041214,976.1826782226562,1440900,0.0,0.0
2019-05-17 00:00:00+09:00,988.3614917387839,995.8561760363292,978.9931363668524,982.740478515625,1728400,0.0,0.0
2019-05-20 00:00:00+09:00,984.6141578887264,990.2351711592615,964.0037758967645,973.3721313476562,1554100,0.0,0.0
2019-05-21 00:00:00+09:00,953.6986433445289,957.4459857545271,931.21458888454,949.0144653320312,3514600,0.0,0.0
2019-05-22 00:00:00+09:00,955.5722474055503,965.8774383089435,940.5828788187966,941.5197143554688,2175400,0.0,0.0
2019-05-23 00:00:00+09:00,936.8355869644212,945.267107247101,923.7198887469193,926.5303955078125,2995200,0.0,0.0
2019-05-24 00:00:00+09:00,912.4778962174082,929.3409374206046,899.362197503811,921.8462524414062,2251500,0.0,0.0
2019-05-27 00:00:00+09:00,921.8462594576552,937.7724651596675,915.2884100509442,920.909423828125,1274700,0.0,0.0
2019-05-28 00:00:00+09:00,925.5935481098667,958.3827932352161,924.6567125348566,952.7617797851562,2071800,0.0,0.0
2019-05-29 00:00:00+09:00,938.7092704313347,941.5197772290334,922.783065244376,933.0882568359375,2153200,0.0,0.0
2019-05-30 00:00:00+09:00,919.0357125418527,951.8249581473215,917.1620413643973,950.8881225585938,1585700,0.0,0.0
2019-05-31 00:00:00+09:00,936.8355940228049,941.5197719929189,922.7830601124629,925.5935668945312,2678200,0.0,0.0
2019-06-03 00:00:00+09:00,908.7305528485451,914.3515665775052,892.8043472831583,897.488525390625,2107800,0.0,0.0
2019-06-04 00:00:00+09:00,904.0463482320067,927.4672380825768,901.2358414499383,925.5935668945312,1717200,0.0,0.0
2019-06-05 00:00:00+09:00,945.2670951850764,967.751148985316,943.3934240350563,952.7617797851562,2442500,0.0,0.0
2019-06-06 00:00:00+09:00,950.8880780857412,960.2564335348618,928.4040250078518,932.1513671875,1694600,0.0,0.0
2019-06-07 00:00:00+09:00,941.519766671317,951.8249581473215,935.898753138951,950.8881225585938,1368100,0.0,0.0
2019-06-10 00:00:00+09:00,964.9406459668159,972.4353305956843,961.1933036523816,968.68798828125,1404700,0.0,0.0
2019-06-11 00:00:00+09:00,969.6247651088561,1005.2245149389397,966.8142585433231,1001.4771728515625,2015900,0.0,0.0
2019-06-12 00:00:00+09:00,1050.1927677608426,1057.6874529901795,1021.1508624971617,1031.4560546875,4377100,0.0,0.0
2019-06-13 00:00:00+09:00,1030.5191656121626,1030.5191656121626,983.6773853570643,997.7299194335938,2327800,0.0,0.0
2019-06-14 00:00:00+09:00,1008.0350812865985,1022.0876149476569,997.7298899351555,1009.9087524414062,1443900,0.0,0.0
2019-06-17 00:00:00+09:00,1008.0351040323053,1008.9719396308483,979.9300360760143,998.666748046875,2048600,0.0,0.0
2019-06-18 00:00:00+09:00,991.1720581054688,1013.6561123536079,988.3615513244513,991.1720581054688,1288500,0.0,0.0
2019-06-19 00:00:00+09:00,1011.7824255901834,1044.5716708639393,1010.8455900109332,1034.2664794921875,2449300,0.0,0.0
2019-06-20 00:00:00+09:00,1046.445378580729,1060.4979127604167,1029.5823375651041,1053.9400634765625,2340900,0.0,0.0
2019-06-21 00:00:00+09:00,1053.0031448404518,1069.866184526509,1046.445296073652,1065.1820068359375,2652000,0.0,0.0
2019-06-24 00:00:00+09:00,1062.3716058498476,1084.855661000109,1051.129578274717,1075.4873046875,1791700,0.0,0.0
2019-06-25 00:00:00+09:00,1086.729291757642,1097.0344833174127,1069.8662510234717,1072.6767578125,1784500,0.0,0.0
2019-06-26 00:00:00+09:00,1069.8661430138616,1100.7817145720555,1063.3082945015174,1070.802978515625,2459100,0.0,0.0
2019-06-27 00:00:00+09:00,1094.2239433859481,1111.0869836093616,1085.7924232742412,1101.7186279296875,2138800,0.0,0.0
2019-06-28 00:00:00+09:00,1105.46605040781,1115.771242403137,1098.908200956238,1107.3397216796875,2020800,0.0,0.0
2019-07-01 00:00:00+09:00,1134.5079861577665,1147.623685419706,1127.0133008652294,1143.8763427734375,2424700,0.0,0.0
2019-07-02 00:00:00+09:00,1140.1288769729738,1163.549765982279,1128.8868502485075,1152.3077392578125,2209800,0.0,0.0
2019-07-03 00:00:00+09:00,1151.3709419975341,1167.2971470536434,1135.4447369414252,1163.5498046875,1968200,0.0,0.0
2019-07-04 00:00:00+09:00,1177.6023299210556,1208.5179042149257,1171.9813164130792,1205.7073974609375,2348000,0.0,0.0
2019-07-05 00:00:00+09:00,1217.886343402063,1253.4860980553542,1217.886343402063,1251.6124267578125,3337000,0.0,0.0
2019-07-08 00:00:00+09:00,1271.285879690726,1277.843728738504,1236.6229632953266,1247.864990234375,3532500,0.0,0.0
2019-07-09 00:00:00+09:00,1255.359564082205,1270.3489320115448,1245.9912091263677,1262.854248046875,2672700,0.0,0.0
2019-07-10 00:00:00+09:00,1260.9806771883402,1307.822455687164,1252.5491570585518,1306.8856201171875,4441300,0.0,0.0
2019-07-11 00:00:00+09:00,1323.748725264336,1339.6749307346074,1282.5279581648094,1322.8118896484375,4609700,0.0,0.0
2019-07-12 00:00:00+09:00,1319.0644715373458,1321.8749782238601,1285.338391299175,1291.896240234375,3181200,0.0,0.0
2019-07-16 00:00:00+09:00,1268.4754498237003,1287.212162524198,1255.3597509333517,1270.34912109375,2998100,0.0,0.0
2019-07-17 00:00:00+09:00,1270.3490683345472,1331.243382082147,1256.2965343927933,1326.5592041015625,4567400,0.0,0.0
2019-07-18 00:00:00+09:00,1306.8855710373712,1310.6329131765465,1261.917465367268,1272.22265625,3794000,0.0,0.0
2019-07-19 00:00:00+09:00,1284.4015557370037,1308.7592803534603,1278.7805423639752,1291.896240234375,2735400,0.0,0.0
2019-07-22 00:00:00+09:00,1300.327894951186,1305.0120732471196,1281.5911817674512,1298.4542236328125,2065600,0.0,0.0
2019-07-23 00:00:00+09:00,1288.1488841482903,1309.696101846771,1278.7805286272119,1293.7698974609375,1776400,0.0,0.0
2019-07-24 00:00:00+09:00,1311.5698803430316,1348.106469866873,1298.4541815396012,1304.0751953125,5069700,0.0,0.0
2019-07-25 00:00:00+09:00,1306.885694323793,1311.5698724396489,1272.2227762664593,1280.654296875,2366500,0.0,0.0
2019-07-26 00:00:00+09:00,1270.3489950515184,1296.5803902295734,1260.9806396307845,1295.6435546875,2373100,0.0,0.0
2019-07-29 00:00:00+09:00,1288.1489959828582,1293.7700097835107,1273.159625847785,1278.7806396484375,1814100,0.0,0.0
2019-07-30 00:00:00+09:00,1274.0964475128017,1302.2015162079372,1274.0964475128017,1280.654296875,2043500,0.0,0.0
2019-07-31 00:00:00+09:00,1284.4015557370037,1297.5172536074033,1277.8437068018038,1291.896240234375,2035900,0.0,0.0
2019-08-01 00:00:00+09:00,1275.9700219708884,1301.2645818778003,1271.285844210349,1293.7698974609375,2202700,0.0,0.0
2019-08-02 00:00:00+09:00,1216.0125789770343,1217.8862501310823,1107.339652042261,1116.7080078125,8271100,0.0,0.0
2019-08-05 00:00:00+09:00,1069.8663212847605,1095.1608840471847,1040.8244158908658,1063.3084716796875,4712800,0.0,0.0
2019-08-06 00:00:00+09:00,1009.9088304684165,1098.9082171980078,1006.1614878692758,1097.0345458984375,4549600,0.0,0.0
2019-08-07 00:00:00+09:00,1086.7291782628288,1112.0237367223945,1077.3608232778042,1104.529052734375,2940500,0.0,0.0
2019-08-08 00:00:00+09:00,1077.3609452681108,1077.3609452681108,1023.9613158069958,1030.5191650390625,4555800,0.0,0.0
2019-08-09 00:00:00+09:00,1063.3084457532495,1066.1189526583241,1047.3822399578264,1058.624267578125,2646100,0.0,0.0
2019-08-13 00:00:00+09:00,1038.9505597904072,1059.5609405977914,1027.7085338954705,1055.8135986328125,2141600,0.0,0.0
2019-08-14 00:00:00+09:00,1082.044992387665,1083.9186633701545,1047.3820792116098,1055.8135986328125,1759400,0.0,0.0
2019-08-15 00:00:00+09:00,1027.7086663411458,1056.7505703125,1020.2139814453125,1053.9400634765625,2061400,0.0,0.0
2019-08-16 00:00:00+09:00,1038.950614322393,1058.624160671149,1038.013778781976,1048.3189697265625,1617600,0.0,0.0
2019-08-19 00:00:00+09:00,1062.3714748528635,1065.1819814000933,1046.445271085228,1052.0662841796875,1310100,0.0,0.0
2019-08-20 00:00:00+09:00,1058.6241856951262,1068.929376883309,1055.8136790074402,1061.4346923828125,1415900,0.0,0.0
2019-08-21 00:00:00+09:00,1050.192656148642,1051.1294917027442,1037.0769583912102,1038.0137939453125,2086900,0.0,0.0
2019-08-22 00:00:00+09:00,1040.824331940428,1045.508509851951,1015.5297712182033,1017.4034423828125,2206200,0.0,0.0
2019-08-23 00:00:00+09:00,1017.403480404713,1041.761206454918,1017.403480404713,1028.6455078125,1704300,0.0,0.0
2019-08-26 00:00:00+09:00,990.2352716534847,993.0457785739771,975.2459014108587,984.6142578125,1952200,0.0,0.0
2019-08-27 00:00:00+09:00,1003.3508689647896,1026.7717575960871,993.9825135122705,1014.5928955078125,1615800,0.0,0.0
2019-08-28 00:00:00+09:00,1005.2245552860089,1015.5297464399196,998.666706369884,1004.2877197265625,1438800,0.0,0.0
2019-08-29 00:00:00+09:00,1008.0350296841802,1012.7192073314116,983.6773059185773,992.1088256835938,1489600,0.0,0.0
2019-08-30 00:00:00+09:00,1012.7193161344876,1028.6455218461308,1006.161466723811,1026.7718505859375,1708400,0.0,0.0
2019-09-02 00:00:00+09:00,1028.6454798980546,1038.0138358169804,1015.5297816115585,1032.392822265625,1096500,0.0,0.0
2019-09-03 00:00:00+09:00,1032.3928187779018,1056.7505440848215,1029.5823120117188,1049.255859375,1360100,0.0,0.0
2019-09-04 00:00:00+09:00,1048.3190517630628,1052.06639421798,1033.3296819433945,1045.508544921875,1567400,0.0,0.0
2019-09-05 00:00:00+09:00,1063.3084000665147,1093.2871390992268,1062.3715644717422,1081.1082763671875,2434400,0.0,0.0
2019-09-06 00:00:00+09:00,1100.7818443980225,1116.7080498063344,1095.1608307245008,1111.0870361328125,2345400,0.0,0.0
2019-09-09 00:00:00+09:00,1124.2027347043634,1130.760583990139,1108.2765292960516,1111.0870361328125,1621200,0.0,0.0
2019-09-10 00:00:00+09:00,1119.518521730507,1148.5604248046875,1119.518521730507,1148.5604248046875,2244600,0.0,0.0
2019-09-11 00:00:00+09:00,1171.0443900930263,1206.6441395518543,1170.107554580952,1193.5284423828125,3342200,0.0,0.0
2019-09-12 00:00:00+09:00,1204.770551223815,1216.9494137167462,1183.2233329670905,1190.718017578125,2505500,0.0,0.0
2019-09-13 00:00:00+09:00,1199.1495800395255,1199.1495800395255,1164.486662491508,1185.0970458984375,2226000,0.0,0.0
2019-09-17 00:00:00+09:00,1173.8549892562842,1205.7073991802376,1161.676126638302,1197.27587890625,2051600,0.0,0.0
2019-09-18 00:00:00+09:00,1192.5918212890624,1193.5286569695725,1156.9920654296875,1156.9920654296875,2099600,0.0,0.0
2019-09-19 00:00:00+09:00,1177.6022011122136,1193.5284043094352,1163.549668879371,1165.42333984375,2103000,0.0,0.0
2019-09-20 00:00:00+09:00,1170.1076641719558,1183.2233625693996,1157.9288013743292,1178.5391845703125,2085600,0.0,0.0
2019-09-24 00:00:00+09:00,1171.04446141716,1180.4128171084972,1162.6129412949563,1167.297119140625,1766900,0.0,0.0
2019-09-25 00:00:00+09:00,1141.0657944327563,1141.0657944327563,1092.350341796875,1092.350341796875,4188500,0.0,0.0
2019-09-26 00:00:00+09:00,1104.5290942570132,1133.570995802363,1097.0344099872455,1098.9080810546875,3615900,0.0,0.0
2019-09-27 00:00:00+09:00,1110.1500912304198,1126.076295070856,1095.1607229100089,1117.644775390625,2291300,0.0,0.0
2019-09-30 00:00:00+09:00,1103.5923493070084,1134.5079244573744,1102.6555136963912,1119.5185546875,2032100,0.0,0.0
2019-10-01 00:00:00+09:00,1132.6342806587586,1175.7287197905227,1128.8869381255615,1172.918212890625,2737700,0.0,0.0
2019-10-02 00:00:00+09:00,1148.560395543281,1175.7286267592312,1145.7498888657688,1160.7392578125,2211100,0.0,0.0
2019-10-03 00:00:00+09:00,1127.949940196936,1131.6972821909458,1100.7817107403653,1104.529052734375,3050800,0.0,0.0
2019-10-04 00:00:00+09:00,1114.8343627215827,1121.3922119140625,1100.7818287376972,1121.3922119140625,1834600,0.0,0.0
2019-10-07 00:00:00+09:00,1133.5711172826145,1133.5711172826145,1106.4028838931965,1115.771240234375,1482700,0.0,0.0
2019-10-08 00:00:00+09:00,1124.2027684261923,1151.371001996492,1124.2027684261923,1139.192138671875,2366900,0.0,0.0
2019-10-09 00:00:00+09:00,1117.6449824243557,1126.0765036664507,1104.5292827144303,1106.4029541015625,2059400,0.0,0.0
2019-10-10 00:00:00+09:00,1105.4659717759212,1108.2764784838262,1081.1082469740788,1093.287109375,1955500,0.0,0.0
2019-10-11 00:00:00+09:00,1100.7818269492382,1129.82373046875,1099.8449913518346,1129.82373046875,2239000,0.0,0.0
2019-10-15 00:00:00+09:00,1152.3078472583325,1162.613039388285,1147.6236690174449,1154.1815185546875,1993700,0.0,0.0
2019-10-16 00:00:00+09:00,1171.0444630011496,1193.5285166907715,1153.244587163532,1158.8656005859375,2506100,0.0,0.0
2019-10-17 00:00:00+09:00,1163.5498287905555,1178.539198565635,1157.9288151249004,1176.66552734375,1809700,0.0,0.0
2019-10-18 00:00:00+09:00,1185.0970057564568,1195.4021971108607,1178.5391567127451,1182.2864990234375,1470700,0.0,0.0
2019-10-21 00:00:00+09:00,1182.2864322449411,1187.9074453934907,1173.8549125221166,1174.791748046875,759200,0.0,0.0
2019-10-23 00:00:00+09:00,1187.9074325255615,1194.4652811278318,1166.36021568953,1168.23388671875,1997400,0.0,0.0
2019-10-24 00:00:00+09:00,1170.1076258480261,1180.4128171084972,1159.8024345875551,1167.297119140625,1098900,0.0,0.0
2019-10-25 00:00:00+09:00,1164.4866561579763,1173.8550122010815,1144.8131084674553,1153.24462890625,1767800,0.0,0.0
2019-10-28 00:00:00+09:00,1159.802460570606,1171.9813232421875,1147.6235978990244,1171.9813232421875,1410400,0.0,0.0
2019-10-29 00:00:00+09:00,1176.6654994419644,1206.64423828125,1174.791828264509,1180.412841796875,2278700,0.0,0.0
2019-10-30 00:00:00+09:00,1180.412859516759,1181.34969511955,1152.3077914330268,1161.6761474609375,3454900,0.0,0.0
2019-10-31 00:00:00+09:00,1171.0444322363358,1182.2864587858046,1162.6129123242342,1179.4759521484375,1717500,0.0,0.0
2019-11-01 00:00:00+09:00,1171.9813164130792,1205.7073974609375,1170.1076452437537,1205.7073974609375,3504600,0.0,0.0
2019-11-05 00:00:00+09:00,1247.865053607048,1324.6855749251995,1246.9282179812167,1320.938232421875,7336500,0.0,0.0
2019-11-06 00:00:00+09:00,1347.1696392822266,1498.93701171875,1347.1696392822266,1498.93701171875,10650700,0.0,0.0
2019-11-07 00:00:00+09:00,1477.389735328613,1542.0313914717165,1452.0951742291377,1514.8631591796875,6711800,0.0,0.0
2019-11-08 00:00:00+09:00,1545.7788600691829,1585.1259583254894,1539.2210103597986,1555.147216796875,5761200,0.0,0.0
2019-11-11 00:00:00+09:00,1539.2209111412415,1555.1471165517107,1503.6211578707807,1519.54736328125,3251100,0.0,0.0
2019-11-12 00:00:00+09:00,1509.2422256879665,1572.0102139692165,1508.3053900419777,1569.19970703125,3076600,0.0,0.0
2019-11-13 00:00:00+09:00,1569.199751888413,1585.1259583254894,1549.5262027602598,1555.147216796875,2629500,0.0,0.0
2019-11-14 00:00:00+09:00,1557.9576136286414,1574.8206545458486,1542.0314083179458,1561.7049560546875,2542700,0.0,0.0
2019-11-15 00:00:00+09:00,1564.5154247339221,1627.2834088400136,1551.3997265625,1616.0413818359375,4564900,0.0,0.0
2019-11-18 00:00:00+09:00,1646.9570463737557,1653.5148958189297,1553.2734828712667,1587.9364013671875,3491800,0.0,0.0
2019-11-19 00:00:00+09:00,1569.1996886666898,1599.1784289874863,1561.7050035864906,1587.9364013671875,1705600,0.0,0.0
2019-11-20 00:00:00+09:00,1573.88396241679,1594.4943476389146,1567.3261125733866,1583.2523193359375,1948200,0.0,0.0
2019-11-21 00:00:00+09:00,1564.5154209900816,1582.315297037274,1528.9156688956964,1567.325927734375,2648300,0.0,0.0
2019-11-22 00:00:00+09:00,1563.5784912109375,1590.7467214356932,1553.2733004360302,1563.5784912109375,2067300,0.0,0.0
2019-11-25 00:00:00+09:00,1601.0519912097839,1610.4203469219533,1579.5047730717936,1586.0626220703125,1872800,0.0,0.0
2019-11-26 00:00:00+09:00,1598.2415019216041,1606.673022154485,1557.9575719200632,1567.325927734375,2617600,0.0,0.0
2019-11-27 00:00:00+09:00,1583.25218133405,1598.2415510981593,1565.4523047391701,1593.557373046875,1829600,0.0,0.0
2019-11-28 00:00:00+09:00,1575.7574513783986,1578.5679581287764,1530.7893433723564,1550.462890625,3142700,0.0,0.0
2019-11-29 00:00:00+09:00,1536.4103032657574,1562.6416986873678,1535.4734677149854,1549.5260009765625,1913700,0.0,0.0
2019-12-02 00:00:00+09:00,1558.8944652022947,1571.0733282116876,1542.031424112366,1551.3997802734375,1475800,0.0,0.0
2019-12-03 00:00:00+09:00,1525.1682860310266,1575.7574060836528,1518.6104371353158,1572.9468994140625,2162900,0.0,0.0
2019-12-04 00:00:00+09:00,1550.4629748780337,1564.5155093935446,1538.2841116312575,1539.220947265625,1874000,0.0,0.0
2019-12-05 00:00:00+09:00,1556.083888535883,1589.8099692025248,1556.083888535883,1560.76806640625,2126000,0.0,0.0
2019-12-06 00:00:00+09:00,1556.0838746727227,1563.5785591985396,1537.3471633581805,1562.6417236328125,1432300,0.0,0.0
2019-12-09 00:00:00+09:00,1578.5679950577548,1586.062679900759,1565.4522965824974,1570.136474609375,1386400,0.0,0.0
2019-12-10 00:00:00+09:00,1567.3259090867361,1601.0519896169947,1567.3259090867361,1594.494140625,2161200,0.0,0.0
2019-12-11 00:00:00+09:00,1593.557407475089,1626.3466545424776,1559.8313247772035,1564.5155029296875,2859400,0.0,0.0
2019-12-12 00:00:00+09:00,1592.6205740141481,1596.3679165412402,1556.083984375,1556.083984375,1671900,0.0,0.0
2019-12-13 00:00:00+09:00,1590.7468579276365,1601.0520495867672,1568.262803398624,1570.136474609375,1768300,0.0,0.0
2019-12-16 00:00:00+09:00,1585.125733244821,1672.2514384409014,1584.1888977050783,1667.5672607421875,5300700,0.0,0.0
2019-12-17 00:00:00+09:00,1703.1671320455887,1722.8406797754883,1651.6411737053756,1684.430419921875,5376300,0.0,0.0
2019-12-18 00:00:00+09:00,1662.883202234904,1665.6937090555828,1612.2940794626873,1618.8519287109375,3883500,0.0,0.0
2019-12-19 00:00:00+09:00,1612.2940224021759,1651.6411164991493,1607.6098445334885,1634.778076171875,2035000,0.0,0.0
2019-12-20 00:00:00+09:00,1632.9044240671437,1635.714930821132,1599.1783430192854,1607.60986328125,1606800,0.0,0.0
2019-12-23 00:00:00+09:00,1616.0413762477008,1622.599225310735,1563.5785837434275,1575.7574462890625,1818600,0.0,0.0
2019-12-24 00:00:00+09:00,1570.1364606418542,1589.8100081797295,1557.9575978803123,1572.0101318359375,1160500,0.0,0.0
2019-12-25 00:00:00+09:00,1575.7576212068884,1578.5681282601706,1529.8526726699458,1536.4105224609375,1575600,0.0,0.0
2019-12-26 00:00:00+09:00,1529.8525077888971,1555.147068542296,1527.0420010385196,1550.462890625,1366500,0.0,0.0
2019-12-27 00:00:00+09:00,1558.8944772248947,1564.5154909648884,1544.8419428749107,1557.9576416015625,1515700,0.0,0.0
2019-12-30 00:00:00+09:00,1564.5154591002874,1583.2521711853208,1539.2208977854923,1578.5679931640625,1583200,0.0,0.0
2020-01-06 00:00:00+09:00,1545.7786804416426,1580.4415963060915,1539.2208314943143,1579.5047607421875,2616500,0.0,0.0
2020-01-07 00:00:00+09:00,1572.9468554744844,1597.304579263845,1566.389006761964,1595.430908203125,1750100,0.0,0.0
2020-01-08 00:00:00+09:00,1564.5154349180411,1575.7574619952966,1530.789353686275,1565.4522705078125,2857600,0.0,0.0
2020-01-09 00:00:00+09:00,1592.620480129966,1613.2308628140008,1579.5047820583072,1609.4835205078125,1964500,0.0,0.0
2020-01-10 00:00:00+09:00,1616.9782157290765,1656.3253102022059,1616.9782157290765,1624.472900390625,2800500,0.0,0.0
2020-01-14 00:00:00+09:00,1651.6412345667738,1651.6412345667738,1594.4942604836353,1602.92578125,2619800,0.0,0.0
2020-01-15 00:00:00+09:00,1594.4942010628058,1633.8412965061889,1583.252173793268,1627.283447265625,1885300,0.0,0.0
2020-01-16 00:00:00+09:00,1633.8411484783082,1634.7779839992247,1608.5465894135639,1614.1676025390625,1311200,0.0,0.0
2020-01-17 00:00:00+09:00,1620.7256037840368,1622.5992750022845,1591.6836999012016,1601.9888916015625,1492800,0.0,0.0
2020-01-20 00:00:00+09:00,1601.9888375306282,1614.167700038171,1599.1783307981184,1601.052001953125,852500,0.0,0.0
2020-01-21 00:00:00+09:00,1601.0519379079165,1602.9256089879725,1574.8205427871314,1576.6942138671875,1409500,0.0,0.0
2020-01-22 00:00:00+09:00,1583.2522606249083,1599.178466796875,1568.2628901101164,1599.178466796875,1479300,0.0,0.0
2020-01-23 00:00:00+09:00,1582.3154060750933,1591.6837625349813,1561.7050218633397,1569.19970703125,1462700,0.0,0.0
2020-01-24 00:00:00+09:00,1569.1996996330492,1573.8838778409092,1542.031466027462,1545.77880859375,1359300,0.0,0.0
2020-01-27 00:00:00+09:00,1500.810656929614,1514.863191170528,1483.0107802244563,1494.2528076171875,2399500,0.0,0.0
2020-01-28 00:00:00+09:00,1464.2740044539419,1482.073880387803,1460.5266621520764,1478.3265380859375,1568400,0.0,0.0
2020-01-29 00:00:00+09:00,1498.0001946171626,1504.558044124555,1468.9582896558543,1480.2003173828125,1430400,0.0,0.0
2020-01-30 00:00:00+09:00,1473.6423828603395,1480.2002319894063,1416.49541187847,1434.2952880859375,2548900,0.0,0.0
2020-01-31 00:00:00+09:00,1433.3584542594037,1454.9056728528458,1420.2427559851346,1425.86376953125,1810600,0.0,0.0
2020-02-03 00:00:00+09:00,1381.8324608138844,1415.5585412134099,1365.9062561807752,1406.190185546875,2239500,0.0,0.0
2020-02-04 00:00:00+09:00,1394.0114082272064,1452.0952169033399,1393.0745726033977,1443.6636962890625,2726900,0.0,0.0
2020-02-05 00:00:00+09:00,1518.6104149858184,1527.9787704144785,1441.7899004708047,1460.526611328125,3996500,0.0,0.0
2020-02-06 00:00:00+09:00,1475.516076990076,1475.516076990076,1434.2953103947978,1455.842529296875,2340000,0.0,0.0
2020-02-07 00:00:00+09:00,1436.1689696160915,1455.8425171450792,1436.1689696160915,1449.28466796875,1384000,0.0,0.0
2020-02-10 00:00:00+09:00,1417.4321925985573,1442.7267525457887,1409.937508169748,1441.7899169921875,1492500,0.0,0.0
2020-02-12 00:00:00+09:00,1443.6637408455265,1457.7162756363655,1423.0533564856294,1429.6112060546875,1676400,0.0,0.0
2020-02-13 00:00:00+09:00,1446.474171390155,1480.200253106506,1445.5373357869232,1464.2740478515625,2121100,0.0,0.0
2020-02-14 00:00:00+09:00,1448.3478150115168,1470.8318690608546,1446.4741438407386,1468.0213623046875,1379300,0.0,0.0
2020-02-17 00:00:00+09:00,1448.3478785894924,1452.0952210955454,1422.1164810471214,1426.8006591796875,1409500,0.0,0.0
2020-02-18 00:00:00+09:00,1428.674379899198,1445.537421760303,1386.5167752464347,1395.8851318359375,2026800,0.0,0.0
2020-02-19 00:00:00+09:00,1394.9482039217216,1399.6323819066838,1361.2221224299944,1383.7061767578125,1664500,0.0,0.0
2020-02-20 00:00:00+09:00,1402.4429130937972,1436.168995172205,1394.9482281874843,1396.8218994140625,1643400,0.0,0.0
2020-02-21 00:00:00+09:00,1401.5060108310856,1408.063859812247,1387.4534773000253,1389.3271484375,1499600,0.0,0.0
2020-02-25 00:00:00+09:00,1276.9068547672166,1332.1801522222904,1276.9068547672166,1310.6329345703125,2608900,0.0,0.0
2020-02-26 00:00:00+09:00,1283.4646926405458,1300.3277323978668,1265.6648173411515,1295.6435546875,2291600,0.0,0.0
2020-02-27 00:00:00+09:00,1282.5278795899173,1283.4647151484198,1224.4440749627627,1243.1807861328125,2912000,0.0,0.0
2020-02-28 00:00:00+09:00,1171.0444859095983,1210.3915806361608,1167.2971435546874,1180.412841796875,4138300,0.0,0.0
2020-03-02 00:00:00+09:00,1180.412889563519,1235.686191535144,1167.297190790591,1206.644287109375,4687900,0.0,0.0
2020-03-03 00:00:00+09:00,1262.8542537070132,1264.7279247065785,1212.26513671875,1212.26513671875,2856800,0.0,0.0
2020-03-04 00:00:00+09:00,1194.4653944269132,1230.0651473588525,1180.412860374832,1218.8231201171875,2173200,0.0,0.0
2020-03-05 00:00:00+09:00,1239.433350445473,1241.3070214212032,1215.0756277609814,1231.0018310546875,2084600,0.0,0.0
2020-03-06 00:00:00+09:00,1202.8968564547024,1208.5178698026216,1156.9919141133626,1169.1707763671875,3224000,0.0,0.0
2020-03-09 00:00:00+09:00,1112.9606942328655,1113.8975298340717,1043.634859743613,1047.3822021484375,3234800,0.0,0.0
2020-03-10 00:00:00+09:00,991.1721038954478,1054.8769272081986,973.3722267933556,1050.1927490234375,3991200,0.0,0.0
2020-03-11 00:00:00+09:00,1054.8769173324379,1082.9819861778847,1035.203369140625,1035.203369140625,3624000,0.0,0.0
2020-03-12 00:00:00+09:00,993.0457276336906,1022.0876309890156,959.3196463178294,966.8143310546875,4126500,0.0,0.0
2020-03-13 00:00:00+09:00,880.6254754184691,939.6461189837495,862.8255987876703,906.8568725585938,4780800,0.0,0.0
2020-03-16 00:00:00+09:00,934.9619502503589,946.203977708279,894.678018526145,897.488525390625,3838200,0.0,0.0
2020-03-17 00:00:00+09:00,856.2677653905455,929.3409444938962,839.404724059003,920.909423828125,6064900,0.0,0.0
2020-03-18 00:00:00+09:00,920.9093568032577,1000.5403795176798,910.6041656284501,954.6354370117188,4837200,0.0,0.0
2020-03-19 00:00:00+09:00,959.3196153846154,976.1826554987981,904.0463172325722,913.4146728515625,5172400,0.0,0.0
2020-03-23 00:00:00+09:00,926.5304118830984,927.4672474866202,874.0676180858754,883.4359741210938,4410100,0.0,0.0
2020-03-24 00:00:00+09:00,911.541006353837,964.003798086432,890.9306238874605,962.130126953125,3816500,0.0,0.0
2020-03-25 00:00:00+09:00,1082.0451240638122,1090.4766445110627,1038.9506862223097,1087.6661376953125,4692100,0.0,0.0
2020-03-26 00:00:00+09:00,1088.6029176997567,1127.0131755531904,1059.5610154203312,1095.1607666015625,4448600,0.0,0.0
2020-03-27 00:00:00+09:00,1150.4340902862161,1159.802446070306,1082.0450930623613,1108.2764892578125,4162200,0.0,0.0
2020-03-30 00:00:00+09:00,1082.591150632679,1113.0330810546875,1064.5162544446114,1113.0330810546875,3206400,18.0,0.0
2020-03-31 00:00:00+09:00,1122.5462727147578,1148.2316535311124,1076.8833734856828,1079.7373046875,3181700,0.0,0.0
2020-04-01 00:00:00+09:00,1074.9807220173775,1086.3964464989779,1000.7785128869743,1017.902099609375,3267400,0.0,0.0
2020-04-02 00:00:00+09:00,1005.5349405232863,1032.171627689466,999.8270789876764,1007.4375610351562,2109800,0.0,0.0
2020-04-03 00:00:00+09:00,1074.0293184372774,1086.3963522191061,990.3140128372062,1001.729736328125,1683800,0.0,0.0
2020-04-06 00:00:00+09:00,1008.3889259190366,1087.3476814391122,1001.729753766741,1078.785888671875,2717800,0.0,0.0
2020-04-07 00:00:00+09:00,1133.0105682345968,1139.6697403400897,1049.2952617655417,1072.126708984375,2677000,0.0,0.0
2020-04-08 00:00:00+09:00,1083.5425040299194,1098.7634698459674,1026.4638822197394,1089.2503662109375,3040000,0.0,0.0
2020-04-09 00:00:00+09:00,1089.2502758704732,1108.2764815625337,1081.6397935936488,1101.6173095703125,2028400,0.0,0.0
2020-04-10 00:00:00+09:00,1112.081681342974,1134.9131273243524,1092.104166109268,1111.13037109375,1799500,0.0,0.0
2020-04-13 00:00:00+09:00,1092.1042570415295,1100.66604999743,1078.7859124434622,1084.4937744140625,1273100,0.0,0.0
2020-04-14 00:00:00+09:00,1083.5424681268917,1119.6922607421875,1074.9806751390586,1119.6922607421875,1655600,0.0,0.0
2020-04-15 00:00:00+09:00,1140.6209720973789,1141.5722823326562,1108.2764240979536,1112.0816650390625,1594900,0.0,0.0
2020-04-16 00:00:00+09:00,1103.5200454088836,1103.5200454088836,1081.6399065775006,1094.958251953125,1834800,0.0,0.0
2020-04-17 00:00:00+09:00,1094.9580972742642,1125.4000252610379,1092.104166525504,1096.8607177734375,1926600,0.0,0.0
2020-04-20 00:00:00+09:00,1094.006873022152,1132.0592859968356,1094.006873022152,1127.302734375,1626300,0.0,0.0
2020-04-21 00:00:00+09:00,1144.4263310916658,1151.0855034255326,1103.519986755056,1105.422607421875,3281600,0.0,0.0
2020-04-22 00:00:00+09:00,1094.958081671093,1095.9093919071236,1043.5873289254466,1055.0030517578125,2894100,0.0,0.0
2020-04-23 00:00:00+09:00,1067.3701412119765,1074.980623502258,1050.2465560588432,1073.0780029296875,1980700,0.0,0.0
2020-04-24 00:00:00+09:00,1065.4675949260752,1068.321525983913,1051.1979396368868,1061.662353515625,1222100,0.0,0.0
2020-04-27 00:00:00+09:00,1070.2240307850107,1107.325130518891,1070.2240307850107,1096.8607177734375,2268000,0.0,0.0
2020-04-28 00:00:00+09:00,1102.5686425491347,1137.7671238039388,1095.9094704198474,1121.5948486328125,2005300,0.0,0.0
2020-04-30 00:00:00+09:00,1142.523592149545,1157.7445559084067,1139.6696614447585,1140.6209716796875,2473000,0.0,0.0
2020-05-01 00:00:00+09:00,1119.6922368701964,1124.4487884286934,1094.9581687660118,1113.984375,2100500,0.0,0.0
2020-05-07 00:00:00+09:00,1114.935712473436,1116.838333143186,1084.493781757438,1091.1529541015625,1830300,0.0,0.0
2020-05-08 00:00:00+09:00,1113.033144415485,1131.1080416324885,1102.5687302372196,1123.49755859375,1630800,0.0,0.0
2020-05-11 00:00:00+09:00,1091.1529226689952,1100.6660257437031,1062.6136134448716,1078.785888671875,3967400,0.0,0.0
2020-05-12 00:00:00+09:00,1079.7373074122838,1083.5425490243094,1056.9058577401297,1065.4676513671875,2466300,0.0,0.0
2020-05-13 00:00:00+09:00,1054.0518706947246,1061.662353515625,1039.782215405536,1061.662353515625,2055700,0.0,0.0
2020-05-14 00:00:00+09:00,1046.4412598548904,1058.8082929259026,1035.9768472563414,1040.7333984375,1866900,0.0,0.0
2020-05-15 00:00:00+09:00,1055.003236934117,1071.175513785226,1017.9021312168667,1065.4676513671875,2972200,0.0,0.0
2020-05-18 00:00:00+09:00,1067.3701811855278,1082.5911463361238,1051.19790571302,1077.8345947265625,2114900,0.0,0.0
2020-05-19 00:00:00+09:00,1101.6174334793411,1144.4264011015953,1095.909571129707,1136.81591796875,3773500,0.0,0.0
2020-05-20 00:00:00+09:00,1122.5462311601216,1122.5462311601216,1070.2241610636754,1074.980712890625,4479400,0.0,0.0
2020-05-21 00:00:00+09:00,1074.9806071468113,1087.3476406803586,1071.175366059566,1074.029296875,1818800,0.0,0.0
2020-05-22 00:00:00+09:00,1080.6885438814907,1090.201647260729,1057.8570957713182,1062.6136474609375,1985600,0.0,0.0
2020-05-25 00:00:00+09:00,1077.8346838862885,1086.3964774917401,1066.41895907902,1079.7373046875,1540100,0.0,0.0
2020-05-26 00:00:00+09:00,1087.3477503916292,1110.17919921875,1077.834646713662,1110.17919921875,2523700,0.0,0.0
2020-05-27 00:00:00+09:00,1107.3252191005608,1118.7409430088142,1087.3477022611178,1113.0330810546875,2784000,0.0,0.0
2020-05-28 00:00:00+09:00,1131.10792468843,1174.868197636847,1120.6435115920694,1158.6959228515625,4178900,0.0,0.0
2020-05-29 00:00:00+09:00,1132.0593376780741,1145.377682827228,1110.17919921875,1110.17919921875,2945900,0.0,0.0
2020-06-01 00:00:00+09:00,1103.5200266441732,1119.6923028967171,1092.1043022306128,1110.17919921875,1422200,0.0,0.0
2020-06-02 00:00:00+09:00,1124.448738271394,1152.036736080083,1118.740876655803,1131.10791015625,1943500,0.0,0.0
2020-06-03 00:00:00+09:00,1150.1341476567375,1166.306422685823,1132.0592520359946,1143.4749755859375,2517300,0.0,0.0
2020-06-04 00:00:00+09:00,1155.8420738226505,1168.2091083573785,1133.010625450845,1153.939453125,2197800,0.0,0.0
2020-06-05 00:00:00+09:00,1135.8645475420378,1161.5499267578125,1133.9619268593879,1161.5499267578125,1401900,0.0,0.0
2020-06-08 00:00:00+09:00,1189.137893618295,1241.4599609375,1184.3813420438219,1241.4599609375,3356100,0.0,0.0
2020-06-09 00:00:00+09:00,1254.7783571138064,1280.4637366756508,1205.3102186984024,1224.33642578125,3401700,0.0,0.0
2020-06-10 00:00:00+09:00,1195.797052461152,1222.4337409805728,1193.8944318526217,1213.8719482421875,1590200,0.0,0.0
2020-06-11 00:00:00+09:00,1181.5274532409317,1196.7484188221351,1148.2315910320485,1153.939453125,2523700,0.0,0.0
2020-06-12 00:00:00+09:00,1103.5199123475609,1136.8157717718407,1087.3476377700536,1131.10791015625,2713700,0.0,0.0
2020-06-15 00:00:00+09:00,1124.4488763943525,1127.3028075527136,1080.6885986328125,1080.6885986328125,1971600,0.0,0.0
2020-06-16 00:00:00+09:00,1125.4001122029622,1151.0854909261068,1117.789629618327,1141.5723876953125,2364300,0.0,0.0
2020-06-17 00:00:00+09:00,1141.5723876953125,1145.3776289876303,1124.448801879883,1141.5723876953125,1705000,0.0,0.0
2020-06-18 00:00:00+09:00,1137.7671954952484,1144.4263680441338,1123.4975400333517,1138.718505859375,1233600,0.0,0.0
2020-06-19 00:00:00+09:00,1145.377622957343,1145.377622957343,1119.692244369429,1120.6435546875,1830300,0.0,0.0
2020-06-22 00:00:00+09:00,1112.081761824862,1135.864519776634,1105.422589598366,1120.6435546875,1350900,0.0,0.0
2020-06-23 00:00:00+09:00,1135.864501953125,1153.9393977128482,1125.4000886185486,1135.864501953125,1676000,0.0,0.0
2020-06-24 00:00:00+09:00,1133.0106037319106,1142.5237070378041,1127.3027417483745,1133.9619140625,1058800,0.0,0.0
2020-06-25 00:00:00+09:00,1113.0330736024157,1117.789625199007,1095.9094878546862,1106.3739013671875,1502500,0.0,0.0
2020-06-26 00:00:00+09:00,1122.5461767955987,1123.497487114917,1102.5686600899144,1106.3739013671875,1051500,0.0,0.0
2020-06-29 00:00:00+09:00,1094.9581236368451,1098.763364726808,1059.7596435546875,1059.7596435546875,2012200,0.0,0.0
2020-06-30 00:00:00+09:00,1094.006901552956,1114.9357292348386,1090.20166015625,1090.20166015625,2348700,0.0,0.0
2020-07-01 00:00:00+09:00,1118.7408544008792,1118.7408544008792,1060.7109291300853,1068.3214111328125,2491900,0.0,0.0
2020-07-02 00:00:00+09:00,1068.3214360071042,1082.5910900944655,1051.1978511022708,1059.7596435546875,2240400,0.0,0.0
2020-07-03 00:00:00+09:00,1073.0780520833332,1073.0780520833332,1055.9544661458333,1070.22412109375,1166100,0.0,0.0
2020-07-06 00:00:00+09:00,1058.8083449854996,1132.059236776949,1058.8083449854996,1130.1566162109375,2643700,0.0,0.0
2020-07-07 00:00:00+09:00,1116.8382158064662,1141.5722819146163,1113.9842851016797,1140.6209716796875,1643900,0.0,0.0
2020-07-08 00:00:00+09:00,1113.0331659731658,1127.3028219471807,1089.2504060164742,1094.0069580078125,2272900,0.0,0.0
2020-07-09 00:00:00+09:00,1095.9094893292684,1109.227833817645,1081.6398345202936,1092.104248046875,1451700,0.0,0.0
2020-07-10 00:00:00+09:00,1075.931909571357,1087.3476327498329,1065.467496657754,1067.3701171875,1516000,0.0,0.0
2020-07-13 00:00:00+09:00,1095.909472911227,1102.568645055653,1085.445059541415,1093.0555419921875,1627400,0.0,0.0
2020-07-14 00:00:00+09:00,1093.055633652378,1094.9582544246189,1074.9807363160899,1080.6885986328125,1127100,0.0,0.0
2020-07-15 00:00:00+09:00,1097.8121070537989,1130.1566578682089,1096.860796735728,1120.6435546875,2213600,0.0,0.0
2020-07-16 00:00:00+09:00,1122.5462620946653,1152.9881946260462,1122.5462620946653,1136.81591796875,1983600,0.0,0.0
2020-07-17 00:00:00+09:00,1144.4262539259619,1165.355079849795,1124.448738271394,1131.10791015625,1090700,0.0,0.0
2020-07-20 00:00:00+09:00,1129.2054022181103,1138.718505859375,1113.984436392087,1138.718505859375,1095200,0.0,0.0
2020-07-21 00:00:00+09:00,1141.5722819146163,1144.4262126194028,1124.448697685897,1140.6209716796875,955200,0.0,0.0
2020-07-22 00:00:00+09:00,1139.669818394075,1151.0855427853346,1124.4488525390625,1124.4488525390625,1294300,0.0,0.0
2020-07-27 00:00:00+09:00,1108.2765131298036,1113.984375,1090.2016172075148,1113.984375,1493100,0.0,0.0
2020-07-28 00:00:00+09:00,1112.08175715347,1116.8383087238442,1084.4937580453002,1085.445068359375,1565600,0.0,0.0
2020-07-29 00:00:00+09:00,1060.7110640706005,1060.7110640706005,1027.4152010728687,1032.1717529296875,3186400,0.0,0.0
2020-07-30 00:00:00+09:00,1047.392602941492,1051.1978440057665,1032.171638684395,1038.830810546875,1776900,0.0,0.0
2020-07-31 00:00:00+09:00,1027.415124393204,1027.415124393204,978.8982990746359,979.849609375,2383200,0.0,0.0
2020-08-03 00:00:00+09:00,993.1679761833967,1005.5350103695885,989.3627348953378,999.8271484375,1355500,0.0,0.0
2020-08-04 00:00:00+09:00,1016.9507826732413,1060.7110595703125,1016.9507826732413,1060.7110595703125,1947900,0.0,0.0
2020-08-05 00:00:00+09:00,1047.392680353495,1077.8346111176293,1041.6848183352197,1076.88330078125,1886000,0.0,0.0
2020-08-06 00:00:00+09:00,1189.1378764233557,1217.6771854575163,1152.036774678947,1164.40380859375,8921000,0.0,0.0
2020-08-07 00:00:00+09:00,1147.2801985914691,1189.1378509447234,1139.6697163454228,1172.965576171875,3572700,0.0,0.0
2020-08-11 00:00:00+09:00,1172.965659713745,1217.67724609375,1172.965659713745,1217.67724609375,3478200,0.0,0.0
2020-08-12 00:00:00+09:00,1212.920646787818,1237.6547148791774,1197.69968180852,1206.261474609375,2399400,0.0,0.0
2020-08-13 00:00:00+09:00,1234.8007425895685,1240.5086042656374,1195.797021136431,1201.5048828125,2408100,0.0,0.0
2020-08-14 00:00:00+09:00,1201.5049720734005,1212.9206962736228,1193.8944892732522,1203.4075927734375,1421400,0.0,0.0
2020-08-17 00:00:00+09:00,1201.5049812844943,1221.482498788037,1195.797119140625,1195.797119140625,1540900,0.0,0.0
2020-08-18 00:00:00+09:00,1198.6509528526894,1199.6022631327312,1178.6734369718113,1187.2352294921875,1570900,0.0,0.0
2020-08-19 00:00:00+09:00,1176.7708651010291,1186.2839682950553,1166.3064515876003,1184.38134765625,1447600,0.0,0.0
2020-08-20 00:00:00+09:00,1179.6248066054623,1188.186599556631,1156.7933587356792,1162.501220703125,1542500,0.0,0.0
2020-08-21 00:00:00+09:00,1154.8907634738252,1172.9656601015045,1150.134211729699,1153.939453125,1338900,0.0,0.0
2020-08-24 00:00:00+09:00,1155.8419352347612,1157.7445557042834,1137.7670407742999,1154.890625,1437800,0.0,0.0
2020-08-25 00:00:00+09:00,1155.8420524566868,1202.4562586874504,1155.8420524566868,1197.69970703125,3118700,0.0,0.0
2020-08-26 00:00:00+09:00,1192.943169892724,1212.9206870918842,1184.3813768073694,1211.01806640625,1841800,0.0,0.0
2020-08-27 00:00:00+09:00,1203.4076185287183,1208.1641703806106,1188.1866526026633,1194.8458251953125,1527900,0.0,0.0
2020-08-28 00:00:00+09:00,1201.5049045201538,1276.6584179461966,1201.5049045201538,1235.7520751953125,5890100,0.0,0.0
2020-08-31 00:00:00+09:00,1284.2689740087555,1298.5386292755195,1250.0218013685221,1252.875732421875,2713700,0.0,0.0
2020-09-01 00:00:00+09:00,1250.9730759402219,1300.4412127834855,1241.4599727011328,1283.317626953125,3371600,0.0,0.0
2020-09-02 00:00:00+09:00,1283.3177272630774,1314.7109704059103,1283.3177272630774,1312.808349609375,2899400,0.0,0.0
2020-09-03 00:00:00+09:00,1330.883098033798,1338.4935803670862,1313.759512783899,1321.3699951171875,2029400,0.0,0.0
2020-09-04 00:00:00+09:00,1284.2690376613452,1312.808349609375,1273.8046232804008,1312.808349609375,2283200,0.0,0.0
2020-09-07 00:00:00+09:00,1313.75953028624,1322.3213230252525,1290.9280829822071,1306.1490478515625,2203700,0.0,0.0
2020-09-08 00:00:00+09:00,1345.152866882551,1350.860729118262,1271.901968190927,1279.512451171875,5419900,0.0,0.0
2020-09-09 00:00:00+09:00,1256.6810467344342,1269.0480820164537,1247.1679426713424,1255.729736328125,2572700,0.0,0.0
2020-09-10 00:00:00+09:00,1262.3889064145892,1274.7559416695926,1242.4113879257372,1269.9993896484375,2175900,0.0,0.0
2020-09-11 00:00:00+09:00,1260.4861417680388,1260.4861417680388,1228.1415917151232,1250.021728515625,2714300,0.0,0.0
2020-09-14 00:00:00+09:00,1267.1453265947166,1295.6846357522552,1265.242705984214,1291.87939453125,2485600,0.0,0.0
2020-09-15 00:00:00+09:00,1290.9281590817411,1290.9281590817411,1264.2914689901502,1280.4637451171875,1585600,0.0,0.0
2020-09-16 00:00:00+09:00,1285.220199505072,1295.6846126764679,1267.1453040272065,1271.90185546875,1487700,0.0,0.0
2020-09-17 00:00:00+09:00,1272.8531909620906,1286.1715352621422,1260.4861569691852,1263.340087890625,1332500,0.0,0.0
2020-09-18 00:00:00+09:00,1264.2913561226787,1289.0254232853497,1255.7295636432927,1287.122802734375,1744000,0.0,0.0
2020-09-23 00:00:00+09:00,1275.7071808486974,1279.5124222531676,1247.1678703151695,1252.875732421875,1623400,0.0,0.0
2020-09-24 00:00:00+09:00,1236.7035010553177,1236.7035010553177,1178.6735675442603,1179.6248779296875,4184500,0.0,0.0
2020-09-25 00:00:00+09:00,1194.8457126292578,1196.7483331907695,1163.4524733643173,1172.965576171875,2402500,0.0,0.0
2020-09-28 00:00:00+09:00,1178.6734369718113,1189.1378500522712,1173.916885571602,1187.2352294921875,1568400,0.0,0.0
2020-09-29 00:00:00+09:00,1200.5535878156813,1249.0704126798648,1199.6022775242266,1214.8232421875,4316700,0.0,0.0
2020-09-30 00:00:00+09:00,1221.482436922188,1250.021746196071,1217.6771956856703,1234.80078125,2850600,0.0,0.0
2020-10-02 00:00:00+09:00,1233.8495110067513,1272.853234947597,1231.94689032671,1239.557373046875,2757500,0.0,0.0
2020-10-05 00:00:00+09:00,1262.388801357378,1283.3176285087436,1258.5835600571297,1269.0479736328125,1947400,0.0,0.0
2020-10-06 00:00:00+09:00,1261.4374269238945,1279.5123221814767,1252.8756344334608,1258.58349609375,1249600,0.0,0.0
2020-10-07 00:00:00+09:00,1244.3138742843964,1259.534839107447,1228.141599159905,1256.680908203125,1240200,0.0,0.0
2020-10-08 00:00:00+09:00,1267.145378464033,1269.9993094966096,1250.9731026127654,1260.4862060546875,1320600,0.0,0.0
2020-10-09 00:00:00+09:00,1264.2914326752896,1273.8045360061797,1234.8008123495304,1247.1678466796875,1398000,0.0,0.0
2020-10-12 00:00:00+09:00,1255.7296820955034,1261.4375442868466,1224.3364400431158,1237.65478515625,1327100,0.0,0.0
2020-10-13 00:00:00+09:00,1241.4599609375,1248.1191331417624,1229.0929268438697,1241.4599609375,1123400,0.0,0.0
2020-10-14 00:00:00+09:00,1236.7034364174717,1236.7034364174717,1213.8719883605338,1218.6285400390625,2124200,0.0,0.0
2020-10-15 00:00:00+09:00,1221.4824131826867,1233.8494469610162,1205.3101382417944,1229.0928955078125,1726100,0.0,0.0
2020-10-16 00:00:00+09:00,1236.7033955445484,1245.2651882829339,1204.3588451995372,1213.8719482421875,2078800,0.0,0.0
2020-10-19 00:00:00+09:00,1211.0180590781745,1211.969369415235,1180.5761282922344,1204.35888671875,2370300,0.0,0.0
2020-10-20 00:00:00+09:00,1188.1865800399355,1212.9206481592616,1184.3813387908083,1191.9918212890625,1315000,0.0,0.0
2020-10-21 00:00:00+09:00,1193.8944306436385,1230.995532472405,1192.943120340337,1228.1416015625,1779400,0.0,0.0
2020-10-22 00:00:00+09:00,1210.0667247953868,1211.0180351136223,1187.235277157738,1198.6510009765625,1971200,0.0,0.0
2020-10-23 00:00:00+09:00,1198.6510391235352,1233.8495220184325,1193.8944873809814,1217.67724609375,1788600,0.0,0.0
2020-10-26 00:00:00+09:00,1211.9693102762794,1229.0928955078125,1206.2614485324352,1229.0928955078125,1399200,0.0,0.0
2020-10-27 00:00:00+09:00,1209.1153479509749,1216.725830078125,1191.991763164887,1216.725830078125,1321800,0.0,0.0
2020-10-28 00:00:00+09:00,1210.0667338508388,1211.9693545015475,1173.9169414873702,1191.04052734375,1974400,0.0,0.0
2020-10-29 00:00:00+09:00,1162.5012586412415,1182.478776179266,1156.79339648752,1181.5274658203125,1545300,0.0,0.0
2020-10-30 00:00:00+09:00,1186.2839728800457,1189.137903849284,1126.3514225260417,1141.5723876953125,2979000,0.0,0.0
2020-11-02 00:00:00+09:00,1147.2802305988525,1192.9431253490557,1147.2802305988525,1171.06298828125,1930900,0.0,0.0
2020-11-04 00:00:00+09:00,1195.797006270101,1204.3587986777627,1172.9655598496695,1173.9168701171875,2050300,0.0,0.0
2020-11-05 00:00:00+09:00,1180.5760975416813,1197.6996831627532,1164.4038222328911,1191.9918212890625,2075500,0.0,0.0
2020-11-06 00:00:00+09:00,1212.9207317645732,1268.0967336801382,1205.3102487417368,1236.7034912109375,4218300,0.0,0.0
2020-11-09 00:00:00+09:00,1140.6211047529364,1144.4263461365992,1098.7634495326452,1118.740966796875,9689700,0.0,0.0
2020-11-10 00:00:00+09:00,1133.9619082198183,1138.7184598482572,1108.2765294262485,1113.0330810546875,4717200,0.0,0.0
2020-11-11 00:00:00+09:00,1123.4974604850067,1138.7184252333218,1111.1304266270008,1129.205322265625,3005500,0.0,0.0
2020-11-12 00:00:00+09:00,1129.2054400399006,1129.2054400399006,1094.9582657842677,1108.276611328125,2728900,0.0,0.0
2020-11-13 00:00:00+09:00,1106.3738445976462,1109.227775409162,1095.909431622088,1102.568603515625,1584300,0.0,0.0
2020-11-16 00:00:00+09:00,1117.7895424230967,1127.3026449118038,1103.519888690036,1125.4000244140625,2900500,0.0,0.0
2020-11-17 00:00:00+09:00,1135.8644207103832,1139.6696616507866,1108.2764238924594,1126.351318359375,2914600,0.0,0.0
2020-11-18 00:00:00+09:00,1126.351471125731,1152.0368509571454,1110.179194935581,1138.718505859375,3448300,0.0,0.0
2020-11-19 00:00:00+09:00,1218.6285147733465,1235.7521004610282,1191.0405156098595,1227.1903076171875,16115100,0.0,0.0
2020-11-20 00:00:00+09:00,1220.5311715986143,1274.7558612175708,1216.7259302218454,1260.4862060546875,8366600,0.0,0.0
2020-11-24 00:00:00+09:00,1289.0254216942335,1317.5647299236261,1285.2201805969812,1315.662109375,7281200,0.0,0.0
2020-11-25 00:00:00+09:00,1330.883241910461,1360.373864140071,1328.0293107269504,1341.34765625,6503500,0.0,0.0
2020-11-26 00:00:00+09:00,1347.055399548991,1390.815673828125,1318.5160902365124,1390.815673828125,5945400,0.0,0.0
2020-11-27 00:00:00+09:00,1404.1341369628906,1423.1603447808159,1357.5199278089735,1369.886962890625,8413200,0.0,0.0
2020-11-30 00:00:00+09:00,1388.9130929129465,1391.7670239257811,1317.5648175920758,1331.83447265625,7016100,0.0,0.0
2020-12-01 00:00:00+09:00,1331.8343996062993,1355.6171567421259,1266.1939899114172,1328.98046875,32412500,0.0,0.0
2020-12-02 00:00:00+09:00,1331.834514810027,1358.4712051062274,1320.4187903973695,1322.3214111328125,4977100,0.0,0.0
2020-12-03 00:00:00+09:00,1309.954321930132,1322.32135619672,1289.9768050379512,1304.2464599609375,2882100,0.0,0.0
2020-12-04 00:00:00+09:00,1317.5648158851866,1348.9580569857,1307.1004021850156,1346.1041259765625,3309600,0.0,0.0
2020-12-07 00:00:00+09:00,1346.1041388307349,1354.6659319399057,1301.3925525939542,1309.954345703125,3585700,0.0,0.0
2020-12-08 00:00:00+09:00,1303.2950919961447,1318.5160565742017,1281.4149554151875,1314.7108154296875,2543500,0.0,0.0
2020-12-09 00:00:00+09:00,1314.7108369512518,1353.7145593210066,1312.808216347849,1348.9580078125,2871000,0.0,0.0
2020-12-10 00:00:00+09:00,1340.3962894618764,1349.9093930066733,1325.1753237902017,1337.5423583984375,1756500,0.0,0.0
2020-12-11 00:00:00+09:00,1343.250263028295,1343.250263028295,1306.149158029638,1328.029296875,3062400,0.0,0.0
2020-12-14 00:00:00+09:00,1323.2726060905131,1355.617155772093,1322.3212958057609,1343.2501220703125,2044100,0.0,0.0
2020-12-15 00:00:00+09:00,1355.61713701413,1389.864306791329,1348.006654841419,1387.0103759765625,3911600,0.0,0.0
2020-12-16 00:00:00+09:00,1393.6696806601615,1444.0891298581057,1393.6696806601615,1428.8681640625,4321700,0.0,0.0
2020-12-17 00:00:00+09:00,1415.5497495107215,1418.4036804573157,1386.059129729248,1397.474853515625,2582000,0.0,0.0
2020-12-18 00:00:00+09:00,1369.8868529944407,1412.6958171505169,1366.0816117361228,1411.7445068359375,2924700,0.0,0.0
2020-12-21 00:00:00+09:00,1410.7931890055063,1426.0141539576898,1387.0104312677197,1405.0853271484375,1908200,0.0,0.0
2020-12-22 00:00:00+09:00,1398.4262646484376,1445.0404734700521,1392.71840234375,1426.965576171875,4463200,0.0,0.0
2020-12-23 00:00:00+09:00,1443.1377204065298,1449.7968924848724,1406.0366188271926,1434.575927734375,2766700,0.0,0.0
2020-12-24 00:00:00+09:00,1445.0404144024549,1463.115310961801,1435.5273109501675,1437.429931640625,2064700,0.0,0.0
2020-12-25 00:00:00+09:00,1443.1377650894658,1475.482316185736,1440.283834110383,1474.531005859375,2495000,0.0,0.0
2020-12-28 00:00:00+09:00,1436.4786304669308,1440.2838718721412,1391.7670439557085,1429.8194580078125,4436400,0.0,0.0
2020-12-29 00:00:00+09:00,1446.9429976300496,1487.8493414157774,1440.2838253858613,1482.1414794921875,3228500,0.0,0.0
2020-12-30 00:00:00+09:00,1482.1415032194093,1502.1190202717892,1471.6770895253057,1487.849365234375,2184900,0.0,0.0
2021-01-04 00:00:00+09:00,1516.3885911113084,1517.3399013943142,1473.5796283760455,1506.87548828125,2666600,0.0,0.0
2021-01-05 00:00:00+09:00,1484.9954503720523,1558.246347027176,1483.0928296797115,1550.6358642578125,3287600,0.0,0.0
2021-01-06 00:00:00+09:00,1540.1714576343684,1563.9542163995686,1519.2426299209922,1557.2950439453125,3184700,0.0,0.0
2021-01-07 00:00:00+09:00,1594.3961345615671,1636.2537896455224,1588.6882725046642,1593.44482421875,4887300,0.0,0.0
2021-01-08 00:00:00+09:00,1616.2763507439108,1626.740765021829,1602.0066949103862,1617.2276611328125,2702500,0.0,0.0
2021-01-12 00:00:00+09:00,1609.6170857747395,1652.4260508219402,1593.4448100902416,1643.8642578125,2840700,0.0,0.0
2021-01-13 00:00:00+09:00,1642.9130112367393,1719.969151312116,1641.9617008654384,1703.796875,4136600,0.0,0.0
2021-01-14 00:00:00+09:00,1706.650696233183,1754.21621173578,1686.673179722092,1745.6544189453125,4277800,0.0,0.0
2021-01-15 00:00:00+09:00,1770.3885268132967,1830.3210776941337,1750.4110098530175,1828.41845703125,6613600,0.0,0.0
2021-01-18 00:00:00+09:00,1834.126331629014,1838.8828833189232,1771.3398493222116,1792.2686767578125,3915800,0.0,0.0
2021-01-19 00:00:00+09:00,1800.8304807417621,1873.1300668676859,1792.2686876479027,1834.1263427734375,6163400,0.0,0.0
2021-01-20 00:00:00+09:00,1855.0551265932127,1939.7217451915694,1851.2498853078932,1935.91650390625,7334500,0.0,0.0
2021-01-21 00:00:00+09:00,1959.6992338175023,1987.287232740176,1945.4295792023263,1973.017578125,6612900,0.0,0.0
2021-01-22 00:00:00+09:00,1960.650428446414,2059.586694607708,1955.8938771886594,2051.02490234375,7899300,0.0,0.0
2021-01-25 00:00:00+09:00,2062.4407641589787,2080.515660154837,1931.1599406101138,1972.0662841796875,7482800,0.0,0.0
2021-01-26 00:00:00+09:00,1971.1150499696816,2043.4146367446315,1953.9914636282463,2010.1187744140625,4101700,0.0,0.0
2021-01-27 00:00:00+09:00,2024.388374944271,2138.5456141328577,2016.7778923316985,2133.7890625,6687100,0.0,0.0
2021-01-28 00:00:00+09:00,2096.688033161569,2242.2385182222406,2077.661825964096,2235.579345703125,10618200,0.0,0.0
2021-01-29 00:00:00+09:00,2252.702887821987,2269.826473962526,2011.0700611721625,2068.148681640625,11839200,0.0,0.0
2021-02-01 00:00:00+09:00,2027.2422437816394,2159.47437512169,2011.069968725662,2137.59423828125,5462500,0.0,0.0
2021-02-02 00:00:00+09:00,2121.421859135266,2142.3506846513988,2067.197174843468,2108.103515625,5852300,0.0,0.0
2021-02-03 00:00:00+09:00,2111.908950190941,2187.062466886925,2109.0550191771695,2125.227294921875,4374700,0.0,0.0
2021-02-04 00:00:00+09:00,2148.0587937250193,2177.5494148966204,2111.9090000307983,2171.841552734375,4636500,0.0,0.0
2021-02-05 00:00:00+09:00,2188.013633071192,2190.867563896937,2129.983706281043,2154.7177734375,3965800,0.0,0.0
2021-02-08 00:00:00+09:00,2117.6168194915076,2157.571853821536,2022.4857853723925,2131.886474609375,4013000,0.0,0.0
2021-02-09 00:00:00+09:00,2140.4483756667537,2196.5756886286817,2129.0326509965307,2168.036376953125,3964000,0.0,0.0
2021-02-10 00:00:00+09:00,2162.328323836179,2216.5530112355027,2159.474392920425,2214.650390625,3119700,0.0,0.0
2021-02-12 00:00:00+09:00,2213.6992914682805,2227.0176370121376,2157.571978104882,2216.55322265625,3165400,0.0,0.0
2021-02-15 00:00:00+09:00,2230.822615497456,2292.65778394408,2188.96496301051,2231.77392578125,4087200,0.0,0.0
2021-02-16 00:00:00+09:00,2220.3583984375,2253.6542613103848,2193.7217081391923,2220.3583984375,3596900,0.0,0.0
2021-02-17 00:00:00+09:00,2202.283226953794,2237.4817061750855,2200.3806064553455,2222.2607421875,2497700,0.0,0.0
2021-02-18 00:00:00+09:00,2227.968690479901,2246.0435859193194,2124.2758692748157,2146.156005859375,3983500,0.0,0.0
2021-02-19 00:00:00+09:00,2098.5906219991293,2121.4220702892376,1973.017656403533,1996.8004150390625,7113700,0.0,0.0
2021-02-22 00:00:00+09:00,2012.9727502555493,2049.122544447284,1982.5308183046145,2035.80419921875,3533900,0.0,0.0
2021-02-24 00:00:00+09:00,2021.5345504354557,2034.8528957089127,1888.3510977008846,1894.0589599609375,6405700,0.0,0.0
2021-02-25 00:00:00+09:00,1957.7965586942785,1976.8227643181294,1925.4520091337315,1940.6729736328125,3650600,0.0,0.0
2021-02-26 00:00:00+09:00,1888.3509819838043,1995.8490479607162,1875.0326375264879,1914.9876708984375,5630500,0.0,0.0
2021-03-01 00:00:00+09:00,1934.0139591396464,1938.7705109329067,1822.710647177355,1860.7630615234375,5108800,0.0,0.0
2021-03-02 00:00:00+09:00,1888.3509685147192,1915.9389675509544,1872.1786932176158,1887.399658203125,2705400,0.0,0.0
2021-03-03 00:00:00+09:00,1902.6206819405727,1919.7442680780377,1851.2499235281773,1876.935302734375,2439700,0.0,0.0
2021-03-04 00:00:00+09:00,1862.6656151107595,1885.4970628955696,1834.1263053797468,1878.837890625,2448200,0.0,0.0
2021-03-05 00:00:00+09:00,1874.0812530888838,1956.8452475146366,1843.639324104699,1954.942626953125,4320200,0.0,0.0
2021-03-08 00:00:00+09:00,1980.628131808007,1987.2873042012136,1846.4933736019893,1862.6656494140625,4873800,0.0,0.0
2021-03-09 00:00:00+09:00,1875.9839942004755,1894.058890696322,1850.298614969536,1862.6656494140625,2708300,0.0,0.0
2021-03-10 00:00:00+09:00,1861.71435546875,1879.7892521237864,1838.882907062388,1861.71435546875,1861100,0.0,0.0
2021-03-11 00:00:00+09:00,1860.7629144799619,1884.5456715668734,1851.249811645197,1869.32470703125,1897700,0.0,0.0
2021-03-12 00:00:00+09:00,1856.0063772249364,1904.5232020524463,1848.3958948990526,1896.9127197265625,3479100,0.0,0.0
2021-03-15 00:00:00+09:00,1895.9614801002456,1907.3772040145473,1741.849207257175,1772.2911376953125,8464000,0.0,0.0
2021-03-16 00:00:00+09:00,1780.852933843085,1814.148795319852,1724.725624496535,1743.7518310546875,6663200,0.0,0.0
2021-03-17 00:00:00+09:00,1746.6058327846436,1792.2687303737846,1742.8005913188817,1760.87548828125,5640200,0.0,0.0
2021-03-18 00:00:00+09:00,1757.070142665936,1766.5832457664553,1720.920350883962,1745.6544189453125,4503500,0.0,0.0
2021-03-19 00:00:00+09:00,1726.6282774399656,1805.5870361328125,1724.7256567485717,1805.5870361328125,5943000,0.0,0.0
2021-03-22 00:00:00+09:00,1791.3173607847746,1806.5383261446027,1770.3885334150107,1771.33984375,3089000,0.0,0.0
2021-03-23 00:00:00+09:00,1768.4858387363886,1796.0738372965582,1754.2161843087147,1782.7554931640625,3095300,0.0,0.0
2021-03-24 00:00:00+09:00,1747.5571071271854,1750.4110381676762,1697.1376587451819,1727.57958984375,4084200,0.0,0.0
2021-03-25 00:00:00+09:00,1745.6543360419453,1794.1711595504678,1731.3846820688502,1778.9501953125,2634200,0.0,0.0
2021-03-26 00:00:00+09:00,1796.0739073970897,1834.1263206894007,1780.8529420801651,1814.1488037109375,2607500,0.0,0.0
2021-03-29 00:00:00+09:00,1841.736785174532,1856.006440018343,1818.9053374244345,1829.3697509765625,3084400,0.0,0.0
2021-03-30 00:00:00+09:00,1845.7983537010612,1898.9496151950707,1835.1681014022593,1872.857177734375,7438100,30.0,0.0
2021-03-31 00:00:00+09:00,1897.9832143733638,1897.9832143733638,1840.9664070169338,1845.79833984375,2877400,0.0,0.0
2021-04-01 00:00:00+09:00,1864.1596490986058,1865.1260356455725,1797.4789773579091,1812.941162109375,3080900,0.0,0.0
2021-04-02 00:00:00+09:00,1833.2352981527833,1874.7899200929887,1829.3697519257873,1864.15966796875,2168800,0.0,0.0
2021-04-05 00:00:00+09:00,1861.2604716464984,1889.285681240345,1856.4285389579043,1876.72265625,1334400,0.0,0.0
2021-04-06 00:00:00+09:00,1882.520969096807,1882.520969096807,1807.142819410179,1817.7730712890625,2277200,0.0,0.0
2021-04-07 00:00:00+09:00,1832.2688943392063,1857.3949445780352,1814.8739364815556,1847.7310791015625,1790300,0.0,0.0
2021-04-08 00:00:00+09:00,1834.201697198276,1835.1680837616047,1799.411780918435,1821.638671875,1577100,0.0,0.0
2021-04-09 00:00:00+09:00,1838.067234011462,1865.1260576457003,1828.4033684278056,1853.5294189453125,2171200,0.0,0.0
2021-04-12 00:00:00+09:00,1854.4958086418867,1862.2269011218946,1835.1680774418671,1842.899169921875,1214100,0.0,0.0
2021-04-13 00:00:00+09:00,1841.9328274197048,1852.5630798339844,1830.336188422309,1843.8656005859375,1396800,0.0,0.0
2021-04-14 00:00:00+09:00,1834.201664472829,1858.361328125,1821.6386393737,1858.361328125,1281600,0.0,0.0
2021-04-15 00:00:00+09:00,1839.0336743849994,1872.8572049175664,1839.0336743849994,1857.39501953125,1176300,0.0,0.0
2021-04-16 00:00:00+09:00,1851.5966618651032,1858.3613678322513,1796.512627561183,1800.378173828125,2989100,0.0,0.0
2021-04-19 00:00:00+09:00,1797.4789540657396,1827.436936633502,1783.9495425835244,1817.7730712890625,1656300,0.0,0.0
2021-04-20 00:00:00+09:00,1790.714274503079,1802.3109130859375,1763.6554511430757,1802.3109130859375,1646500,0.0,0.0
2021-04-21 00:00:00+09:00,1749.15968785661,1767.521032646265,1701.8067460306575,1720.1680908203125,2669000,0.0,0.0
2021-04-22 00:00:00+09:00,1739.495852953767,1773.3193834278682,1730.7983736889983,1763.655517578125,1321500,0.0,0.0
2021-04-23 00:00:00+09:00,1738.529415842973,1769.4537856634151,1736.5966427291953,1749.15966796875,1069800,0.0,0.0
2021-04-26 00:00:00+09:00,1749.1596182339313,1772.3528949397955,1740.4621394692322,1769.4537353515625,977400,0.0,0.0
2021-04-27 00:00:00+09:00,1770.420166015625,1784.9159643181547,1760.7563004806052,1770.420166015625,1007100,0.0,0.0
2021-04-28 00:00:00+09:00,1773.3193430016015,1791.6806876975309,1761.7227042462775,1786.8487548828125,1085500,0.0,0.0
2021-04-30 00:00:00+09:00,1782.983242462439,1806.17652041317,1775.2521498121953,1784.916015625,1493400,0.0,0.0
2021-05-06 00:00:00+09:00,1797.4789447044818,1810.041969586825,1764.6218027045074,1769.4537353515625,1806900,0.0,0.0
2021-05-07 00:00:00+09:00,1771.3865084103845,1772.3528949397955,1740.4621394692322,1769.4537353515625,1500100,0.0,0.0
2021-05-10 00:00:00+09:00,1774.285759767769,1793.6134913556532,1759.789961076856,1760.75634765625,1119200,0.0,0.0
2021-05-11 00:00:00+09:00,1756.890769156555,1756.890769156555,1678.613457659481,1682.47900390625,2912000,0.0,0.0
2021-05-12 00:00:00+09:00,1795.5461660303815,1822.6049887692677,1735.6302013942761,1790.7142333984375,8439800,0.0,0.0
2021-05-13 00:00:00+09:00,1755.9243825276692,1855.4621983781644,1753.9916094043585,1832.2689208984375,4209500,0.0,0.0
2021-05-14 00:00:00+09:00,1848.697530121279,1868.0252617482658,1811.008453448655,1854.495849609375,3263900,0.0,0.0
2021-05-17 00:00:00+09:00,1845.7982603778462,1860.2940582342167,1756.890700192107,1766.5545654296875,3295000,0.0,0.0
2021-05-18 00:00:00+09:00,1768.4873425935443,1841.9327185701068,1762.6890234374998,1836.1343994140625,2975300,0.0,0.0
2021-05-19 00:00:00+09:00,1792.6470329272208,1810.0419906591292,1769.453755951343,1775.2520751953125,2623800,0.0,0.0
2021-05-20 00:00:00+09:00,1784.9159593693162,1834.2016734612682,1770.4201611069775,1826.4705810546875,2342900,0.0,0.0
2021-05-21 00:00:00+09:00,1817.7731628417969,1857.395012749566,1815.8403896755642,1843.8656005859375,1577500,0.0,0.0
2021-05-24 00:00:00+09:00,1843.865511142713,1906.680635998204,1843.865511142713,1887.3529052734375,2669200,0.0,0.0
2021-05-25 00:00:00+09:00,1913.445384241473,1952.1008465493815,1908.6134514529845,1933.739501953125,2792400,0.0,0.0
2021-05-26 00:00:00+09:00,1925.0419907506744,1994.6218217416626,1918.2772849598837,1970.462158203125,2936900,0.0,0.0
2021-05-27 00:00:00+09:00,1962.7311330836314,1980.126091427061,1928.9076029714074,1931.8067626953125,3948000,0.0,0.0
2021-05-28 00:00:00+09:00,1976.2604613901922,2011.0503766029292,1969.4957556543823,1988.823486328125,2592600,0.0,0.0
2021-05-31 00:00:00+09:00,1980.1260462122277,1983.0252058699323,1925.0420127158409,1930.84033203125,2184000,0.0,0.0
2021-06-01 00:00:00+09:00,1953.0672123423794,1953.0672123423794,1902.8151118763706,1927.941162109375,1519200,0.0,0.0
2021-06-02 00:00:00+09:00,1932.773166232639,1977.2269490559895,1932.773166232639,1948.2353515625,2477700,0.0,0.0
2021-06-03 00:00:00+09:00,1932.7731020952588,1961.7646986266877,1922.142850033735,1941.4705810546875,1746100,0.0,0.0
2021-06-04 00:00:00+09:00,1932.77307868359,1949.2016498524004,1915.3781209754377,1946.302490234375,1604200,0.0,0.0
2021-06-07 00:00:00+09:00,1957.8991493753867,1964.663855222192,1940.5041914836015,1952.100830078125,1240700,0.0,0.0
2021-06-08 00:00:00+09:00,1952.1008465493815,1958.8655524532655,1931.8067288377297,1933.739501953125,1169400,0.0,0.0
2021-06-09 00:00:00+09:00,1930.8402859669811,1935.672218614546,1894.117597845487,1895.083984375,1533300,0.0,0.0
2021-06-10 00:00:00+09:00,1900.8822987453998,1911.5125505431624,1866.0923837709033,1870.92431640625,2203500,0.0,0.0
2021-06-11 00:00:00+09:00,1862.226928388171,1862.226928388171,1820.672305699696,1827.43701171875,2544200,0.0,0.0
2021-06-14 00:00:00+09:00,1853.5294563651146,1887.3529865907553,1852.563069787239,1875.75634765625,1819900,0.0,0.0
2021-06-15 00:00:00+09:00,1868.0252379102171,1883.4874230144922,1852.563052805942,1859.3277587890625,1723900,0.0,0.0
2021-06-16 00:00:00+09:00,1839.0336710719228,1857.3950161850948,1829.369805222885,1833.2353515625,1751000,0.0,0.0
2021-06-17 00:00:00+09:00,1832.2689240716181,1841.9327897049072,1811.008419678382,1821.638671875,1577000,0.0,0.0
2021-06-18 00:00:00+09:00,1822.605034851397,1851.5966313760746,1818.7394886481068,1826.4705810546875,4276400,0.0,0.0
2021-06-21 00:00:00+09:00,1797.479003103156,1803.2773224680047,1751.0924481843647,1762.6890869140625,2629800,0.0,0.0
2021-06-22 00:00:00+09:00,1806.1764932285375,1822.60506486304,1791.6806947275059,1800.378173828125,1901900,0.0,0.0
2021-06-23 00:00:00+09:00,1797.4789999148502,1798.4453864739442,1767.521016582936,1773.3193359375,1253900,0.0,0.0
2021-06-24 00:00:00+09:00,1776.2184853366368,1787.8151239786605,1764.621846694613,1770.420166015625,1091900,0.0,0.0
2021-06-25 00:00:00+09:00,1787.8150794103717,1799.4117177633038,1768.4873488221515,1769.4537353515625,1860300,0.0,0.0
2021-06-28 00:00:00+09:00,1752.0588276394164,1763.6554663220822,1731.7647099447513,1749.15966796875,3341700,0.0,0.0
2021-06-29 00:00:00+09:00,1758.8235294117646,1770.420168067227,1721.1344537815125,1725.0,3038200,0.0,0.0
2021-06-30 00:00:00+09:00,1738.529453042421,1782.0168490329206,1732.731133577021,1771.3865966796875,2224600,0.0,0.0
2021-07-01 00:00:00+09:00,1781.0503794099166,1782.98315247493,1736.5965989146066,1748.1932373046875,1820600,0.0,0.0
2021-07-02 00:00:00+09:00,1757.8571712363355,1782.0168354919201,1750.1260786745486,1779.11767578125,1622600,0.0,0.0
2021-07-05 00:00:00+09:00,1759.7899577488874,1772.352983257254,1747.226932240521,1771.3865966796875,877800,0.0,0.0
2021-07-06 00:00:00+09:00,1782.0168181302256,1782.9832046910337,1759.789927231638,1762.6890869140625,752000,0.0,0.0
2021-07-07 00:00:00+09:00,1746.260531928995,1756.8907841986236,1736.5966662293326,1744.3277587890625,1321500,0.0,0.0
2021-07-08 00:00:00+09:00,1734.663875844388,1741.4285817669008,1725.000010240798,1727.899169921875,1451500,0.0,0.0
2021-07-09 00:00:00+09:00,1708.5714823695093,1710.5042555396105,1654.4538336066742,1694.07568359375,2983400,0.0,0.0
2021-07-12 00:00:00+09:00,1725.0,1743.361344537815,1713.4033613445379,1725.0,1624800,0.0,0.0
2021-07-13 00:00:00+09:00,1739.4957406180247,1766.5545632498606,1727.8991023472379,1731.7646484375,1560300,0.0,0.0
2021-07-14 00:00:00+09:00,1717.268910645632,1730.7983224346242,1704.7058854129966,1714.3697509765625,1233600,0.0,0.0
2021-07-15 00:00:00+09:00,1728.865504816166,1728.865504816166,1706.638614592146,1713.4033203125,1331700,0.0,0.0
2021-07-16 00:00:00+09:00,1697.9411591404705,1719.2016631251547,1685.3781340586115,1708.5714111328125,1395300,0.0,0.0
2021-07-19 00:00:00+09:00,1681.5126133631993,1682.4789999226034,1634.1596719523966,1658.3193359375,3122600,0.0,0.0
2021-07-20 00:00:00+09:00,1626.4285958446892,1648.6554869346642,1618.6975032916544,1639.9580078125,2219200,0.0,0.0
2021-07-21 00:00:00+09:00,1676.6806805661786,1679.579840244391,1650.588243462267,1658.3193359375,2365800,0.0,0.0
2021-07-26 00:00:00+09:00,1696.9748159013452,1698.907589040185,1661.2185128328088,1674.7479248046875,2410000,0.0,0.0
2021-07-27 00:00:00+09:00,1680.5462748092843,1693.109300440406,1673.7815687002187,1683.4454345703125,2037800,0.0,0.0
2021-07-28 00:00:00+09:00,1662.184892424738,1669.915984947644,1650.5882536403794,1661.218505859375,1827900,0.0,0.0
2021-07-29 00:00:00+09:00,1662.1849195353789,1663.151306116504,1629.3277757771214,1645.75634765625,1542300,0.0,0.0
2021-07-30 00:00:00+09:00,1642.8571637167313,1649.6218696849767,1608.0672473086124,1615.79833984375,1990200,0.0,0.0
2021-08-02 00:00:00+09:00,1623.5294158412182,1638.9916007539919,1615.7983233848315,1634.15966796875,1717600,0.0,0.0
2021-08-03 00:00:00+09:00,1628.3612943331589,1634.1596134821198,1619.6638156097176,1630.2940673828125,1310900,0.0,0.0
2021-08-04 00:00:00+09:00,1616.7647264106422,1625.462205512672,1587.7731294038763,1615.79833984375,1734600,0.0,0.0
2021-08-05 00:00:00+09:00,1604.2016441613312,1633.1932401401502,1590.6722327045488,1622.56298828125,2661400,0.0,0.0
2021-08-06 00:00:00+09:00,1556.8487646298718,1572.3109497534458,1510.4622092591492,1524.9580078125,6969900,0.0,0.0
2021-08-10 00:00:00+09:00,1521.0924130469252,1521.0924130469252,1488.2352707066486,1499.8319091796875,3121300,0.0,0.0
2021-08-11 00:00:00+09:00,1517.2269423090388,1517.2269423090388,1495.0000507975053,1509.495849609375,1923400,0.0,0.0
2021-08-12 00:00:00+09:00,1516.2604803498257,1516.2604803498257,1498.8655226402675,1499.8319091796875,1575600,0.0,0.0
2021-08-13 00:00:00+09:00,1497.8991936248483,1501.764739930977,1478.5714620942051,1493.0672607421875,1628700,0.0,0.0
2021-08-16 00:00:00+09:00,1467.9412061992443,1474.7059122185958,1449.5798612895765,1468.9075927734375,2195800,0.0,0.0
2021-08-17 00:00:00+09:00,1465.0419876026995,1467.9411472087736,1437.0167780773181,1440.88232421875,2846700,0.0,0.0
2021-08-18 00:00:00+09:00,1436.0504824270215,1482.4370390599267,1433.151322637465,1466.974853515625,2603000,0.0,0.0
2021-08-19 00:00:00+09:00,1436.050441944356,1443.781534498565,1417.689097128109,1420.5882568359375,3001300,0.0,0.0
2021-08-20 00:00:00+09:00,1401.2604670422015,1401.2604670422015,1381.932736462309,1392.56298828125,2968300,0.0,0.0
2021-08-23 00:00:00+09:00,1411.8907264316204,1422.5209783075602,1399.327701487328,1406.0924072265625,2188500,0.0,0.0
2021-08-24 00:00:00+09:00,1411.8907675401808,1427.3529525371987,1408.0252212909265,1417.6890869140625,2043000,0.0,0.0
2021-08-25 00:00:00+09:00,1420.58817891342,1431.2184305923638,1403.1932216206026,1421.5545654296875,2572300,0.0,0.0
2021-08-26 00:00:00+09:00,1429.2856811689974,1430.2520677012278,1407.0587909276944,1416.72265625,2212300,0.0,0.0
2021-08-27 00:00:00+09:00,1401.260518503713,1411.8907707130516,1394.4958125523158,1407.058837890625,1711200,0.0,0.0
2021-08-30 00:00:00+09:00,1410.9243191020748,1418.6554112615381,1395.4621347831478,1400.2940673828125,3764500,0.0,0.0
2021-08-31 00:00:00+09:00,1408.991600755979,1410.9243738708706,1391.5966427219546,1404.15966796875,2483600,0.0,0.0
2021-09-01 00:00:00+09:00,1411.8907809554917,1420.5882600989548,1403.1933018120287,1409.9580078125,2195000,0.0,0.0
2021-09-02 00:00:00+09:00,1399.327710201301,1403.193256362078,1369.3697274552787,1374.20166015625,4263300,0.0,0.0
2021-09-03 00:00:00+09:00,1369.3697217270278,1402.2268639561873,1364.5377890462692,1395.462158203125,3557500,0.0,0.0
2021-09-06 00:00:00+09:00,1419.6217950690282,1424.4537276594606,1400.2940647072987,1410.92431640625,2564500,0.0,0.0
2021-09-07 00:00:00+09:00,1424.4537752559268,1428.3193214574353,1396.428565294989,1401.260498046875,2566600,0.0,0.0
2021-09-08 00:00:00+09:00,1408.025174667162,1427.3529052734375,1398.3613093640245,1427.3529052734375,3069400,0.0,0.0
2021-09-09 00:00:00+09:00,1420.5881815871146,1420.5881815871146,1401.2604512253852,1410.92431640625,2032900,0.0,0.0
2021-09-10 00:00:00+09:00,1420.5882363241228,1430.252101877348,1409.957984215575,1414.7899169921875,2551900,0.0,0.0
2021-09-13 00:00:00+09:00,1403.1932476240333,1406.0924072265625,1384.8319034746833,1406.0924072265625,2387100,0.0,0.0
2021-09-14 00:00:00+09:00,1410.9244147290956,1435.0840793648679,1408.025254972803,1415.75634765625,2215500,0.0,0.0
2021-09-15 00:00:00+09:00,1411.8907160483116,1414.7898756295197,1395.4621450881327,1403.1932373046875,2043000,0.0,0.0
2021-09-16 00:00:00+09:00,1404.159608390894,1404.159608390894,1365.5041477331954,1376.1343994140625,3659300,0.0,0.0
2021-09-17 00:00:00+09:00,1371.302537537704,1376.134470369056,1353.9075793448367,1361.638671875,3705200,0.0,0.0
2021-09-21 00:00:00+09:00,1332.6470373905067,1348.1092220157773,1326.8487181560301,1339.4117431640625,3759100,0.0,0.0
2021-09-22 00:00:00+09:00,1331.6806537642044,1334.579813387784,1320.0840152698863,1328.781494140625,2513700,0.0,0.0
2021-09-24 00:00:00+09:00,1357.7730948311942,1368.4033468191965,1350.0420024762834,1352.941162109375,3391900,0.0,0.0
2021-09-27 00:00:00+09:00,1362.6050245905496,1378.0672092667544,1361.6386380482868,1363.5714111328125,2155600,0.0,0.0
2021-09-28 00:00:00+09:00,1370.3361183699033,1399.3277146682792,1363.571412566949,1398.361328125,4270100,0.0,0.0
2021-09-29 00:00:00+09:00,1376.1343967770035,1389.6638079812717,1367.4369181456882,1386.7646484375,3802900,0.0,0.0
2021-09-30 00:00:00+09:00,1386.7647089988477,1393.529414896403,1366.4705913061816,1369.3697509765625,3190900,0.0,0.0
2021-10-01 00:00:00+09:00,1352.9412163628472,1356.8067626953125,1316.218526204427,1322.016845703125,4456200,0.0,0.0
2021-10-04 00:00:00+09:00,1342.3109498892259,1351.0084290461755,1278.5294360715952,1294.9580078125,4331100,0.0,0.0
2021-10-05 00:00:00+09:00,1265.966410622668,1294.9580078125,1253.4033851737406,1294.9580078125,4554600,0.0,0.0
2021-10-06 00:00:00+09:00,1295.9243398883386,1299.7898860177593,1269.8319035147479,1291.0924072265625,4142300,0.0,0.0
2021-10-07 00:00:00+09:00,1286.2604615347727,1310.4201245989118,1282.3949154445104,1298.823486328125,2623500,0.0,0.0
2021-10-08 00:00:00+09:00,1304.6218702653705,1315.252122541607,1300.7563239831027,1305.5882568359375,2689600,0.0,0.0
2021-10-11 00:00:00+09:00,1296.890804499453,1335.5462681208971,1294.9580313183808,1324.916015625,3041200,0.0,0.0
2021-10-12 00:00:00+09:00,1323.949629034464,1334.579881530361,1321.0504692628556,1324.916015625,2121600,0.0,0.0
2021-10-13 00:00:00+09:00,1299.7899342003373,1318.1512789957324,1299.7899342003373,1316.218505859375,2236900,0.0,0.0
2021-10-14 00:00:00+09:00,1317.1848585738464,1330.714270180621,1310.4201527704593,1318.1512451171875,2017900,0.0,0.0
2021-10-15 00:00:00+09:00,1323.9495849609375,1332.6470639862282,1320.084038727475,1323.9495849609375,2197100,0.0,0.0
2021-10-18 00:00:00+09:00,1329.7479520909926,1335.546271649529,1312.3529934153837,1314.2857666015625,1654100,0.0,0.0
2021-10-19 00:00:00+09:00,1322.0168558533917,1335.5462681208971,1315.252149719639,1324.916015625,1951500,0.0,0.0
2021-10-20 00:00:00+09:00,1335.5462544685347,1348.109280017081,1327.8151618232755,1332.6470947265625,2132900,0.0,0.0
2021-10-21 00:00:00+09:00,1328.7815074460211,1330.7142805477608,1308.4873898777546,1321.0504150390625,2225500,0.0,0.0
2021-10-22 00:00:00+09:00,1309.4537531460687,1332.64702995456,1309.4537531460687,1325.88232421875,1788600,0.0,0.0
2021-10-25 00:00:00+09:00,1319.1176054581351,1342.310882037619,1318.15121893399,1333.6134033203125,2765500,0.0,0.0
2021-10-26 00:00:00+09:00,1339.411777033282,1350.0420292319588,1334.5798442157018,1337.47900390625,1535100,0.0,0.0
2021-10-27 00:00:00+09:00,1337.4789417093705,1341.3444877836748,1300.7562540034774,1320.083984375,3499900,0.0,0.0
2021-10-28 00:00:00+09:00,1318.1512348026497,1325.8823270888822,1306.554596373301,1315.2520751953125,6283000,0.0,0.0
2021-10-29 00:00:00+09:00,1325.8822983664243,1327.815071396113,1268.8654939906087,1295.92431640625,3560000,0.0,0.0
2021-11-01 00:00:00+09:00,1321.0504522732124,1323.9496120075355,1303.655493867274,1308.4874267578125,2486100,0.0,0.0
2021-11-02 00:00:00+09:00,1304.6218632403468,1306.5546363710732,1283.3613588023559,1292.058837890625,1820500,0.0,0.0
2021-11-04 00:00:00+09:00,1304.6218600400477,1304.6218600400477,1284.3277422172025,1302.6890869140625,3422900,0.0,0.0
2021-11-05 00:00:00+09:00,1309.4537353515625,1332.6470118448742,1257.268863241611,1309.4537353515625,5384900,0.0,0.0
2021-11-08 00:00:00+09:00,1302.6890246857376,1303.655411202567,1267.8991100798871,1285.2940673828125,3119700,0.0,0.0
2021-11-09 00:00:00+09:00,1285.2941351382801,1308.4874127648354,1278.5294291638681,1281.4285888671875,2020100,0.0,0.0
2021-11-10 00:00:00+09:00,1281.4285135472076,1284.3276730801197,1264.9999428607048,1271.7646484375,1560300,0.0,0.0
2021-11-11 00:00:00+09:00,1261.134404462083,1285.2940673828125,1261.134404462083,1285.2940673828125,1334600,0.0,0.0
2021-11-12 00:00:00+09:00,1280.4622022994145,1297.8571605193308,1278.5294291638681,1281.4285888671875,1719000,0.0,0.0
2021-11-15 00:00:00+09:00,1284.3277043410967,1294.957956220519,1268.8655197892099,1280.462158203125,1519400,0.0,0.0
2021-11-16 00:00:00+09:00,1284.3276835478464,1284.3276835478464,1269.8318857651393,1274.663818359375,1313400,0.0,0.0
2021-11-17 00:00:00+09:00,1273.697444959418,1275.6302180170196,1247.605008681797,1266.9327392578125,2254700,0.0,0.0
2021-11-18 00:00:00+09:00,1260.168058256101,1316.2184780251607,1259.2016717083586,1296.8907470703125,4470700,0.0,0.0
2021-11-19 00:00:00+09:00,1309.4537326706625,1336.5125551907943,1305.588186596358,1320.083984375,4652000,0.0,0.0
2021-11-22 00:00:00+09:00,1314.2856755615412,1324.9159273491714,1300.7562641954667,1322.983154296875,1926600,0.0,0.0
2021-11-24 00:00:00+09:00,1327.8151270983387,1333.6134464306458,1286.2605052168042,1299.7899169921875,2851000,0.0,0.0
2021-11-25 00:00:00+09:00,1297.8571642714019,1319.1176688238745,1297.8571642714019,1305.5882568359375,1574300,0.0,0.0
2021-11-26 00:00:00+09:00,1292.0588339828864,1293.0252205453269,1247.6050521106256,1267.899169921875,3790500,0.0,0.0
2021-11-29 00:00:00+09:00,1247.6050552497177,1273.697492501261,1241.806735860486,1257.2689208984375,2498400,0.0,0.0
2021-11-30 00:00:00+09:00,1260.1680556409942,1267.8991480068898,1222.4789803572528,1227.3109130859375,3752800,0.0,0.0
2021-12-01 00:00:00+09:00,1222.47900390625,1235.042029242836,1208.9495920053114,1222.47900390625,2204200,0.0,0.0
2021-12-02 00:00:00+09:00,1222.4790378307787,1240.8403830630195,1218.6134914660963,1220.5462646484375,1893900,0.0,0.0
2021-12-03 00:00:00+09:00,1235.041971458579,1236.9747444968552,1215.7142410758156,1229.24365234375,1626300,0.0,0.0
2021-12-06 00:00:00+09:00,1228.277263162662,1248.5713800205817,1227.3108766456182,1239.8739013671875,1868300,0.0,0.0
2021-12-07 00:00:00+09:00,1261.1344200850078,1269.831898844215,1240.8403029801916,1266.9327392578125,2789300,0.0,0.0
2021-12-08 00:00:00+09:00,1266.9327628119618,1274.6638551861004,1246.6386453298478,1262.100830078125,2113500,0.0,0.0
2021-12-09 00:00:00+09:00,1252.4369441105769,1264.9999690129207,1242.7730788010817,1256.302490234375,1816800,0.0,0.0
2021-12-10 00:00:00+09:00,1256.3025445294527,1265.0000236838873,1245.672292229588,1260.1680908203125,2053300,0.0,0.0
2021-12-13 00:00:00+09:00,1262.100809420072,1268.8655151367186,1255.3361037034254,1256.302490234375,1009500,0.0,0.0
2021-12-14 00:00:00+09:00,1251.4705767293615,1252.4369632750984,1214.7478879913572,1227.3109130859375,2645100,0.0,0.0
2021-12-15 00:00:00+09:00,1235.0420054518331,1242.773097817729,1227.3109130859375,1227.3109130859375,1223600,0.0,0.0
2021-12-16 00:00:00+09:00,1242.7731051341025,1251.4705840969384,1231.176466516988,1240.84033203125,1419000,0.0,0.0
2021-12-17 00:00:00+09:00,1221.5125835512035,1229.2436758521605,1199.2856931859524,1224.4117431640625,3293400,0.0,0.0
2021-12-20 00:00:00+09:00,1204.1176137520358,1207.0167733357086,1184.7898831942184,1186.72265625,2491700,0.0,0.0
2021-12-21 00:00:00+09:00,1198.3193138295278,1263.0672122380586,1196.3865407427058,1237.941162109375,4848000,0.0,0.0
2021-12-22 00:00:00+09:00,1233.1092999951995,1296.8908155121928,1232.1429133964573,1258.2353515625,4307100,0.0,0.0
2021-12-23 00:00:00+09:00,1258.2352604986056,1274.6638314882186,1251.4705547970002,1266.9327392578125,1605200,0.0,0.0
2021-12-24 00:00:00+09:00,1266.932830951181,1276.596696938604,1252.437031970046,1258.2353515625,1631700,0.0,0.0
2021-12-27 00:00:00+09:00,1259.2016704378232,1264.999989718427,1248.5714184233825,1262.100830078125,1459500,0.0,0.0
2021-12-28 00:00:00+09:00,1266.9327833594346,1278.52942210872,1261.1344639847919,1267.899169921875,1559300,0.0,0.0
2021-12-29 00:00:00+09:00,1268.8654889045877,1286.2604461020612,1264.033556349734,1271.7646484375,1051600,0.0,0.0
2021-12-30 00:00:00+09:00,1280.4622260302328,1281.428612615916,1263.0672674879354,1276.5966796875,1585800,0.0,0.0
2022-01-04 00:00:00+09:00,1285.2941351382801,1298.823547087104,1276.5966560283218,1281.4285888671875,2754600,0.0,0.0
2022-01-05 00:00:00+09:00,1310.420170081689,1338.4453802088049,1295.9243717400775,1334.579833984375,5625300,0.0,0.0
2022-01-06 00:00:00+09:00,1341.3445599469142,1348.1092659408828,1290.1260717068665,1305.5882568359375,3835100,0.0,0.0
2022-01-07 00:00:00+09:00,1303.6555074207142,1316.2185330667255,1282.3950024813103,1300.75634765625,2259500,0.0,0.0
2022-01-11 00:00:00+09:00,1297.8571533575291,1299.78992648241,1266.9327833594346,1267.899169921875,2953600,0.0,0.0
2022-01-12 00:00:00+09:00,1291.0923838320284,1312.3528871586036,1288.1932242874952,1295.92431640625,2576300,0.0,0.0
2022-01-13 00:00:00+09:00,1294.9580281273218,1303.6555074207142,1288.1933220102387,1300.75634765625,1855200,0.0,0.0
2022-01-14 00:00:00+09:00,1294.9579591330146,1300.7562783530132,1249.5377919096925,1269.8319091796875,3721900,0.0,0.0
2022-01-17 00:00:00+09:00,1275.6302124847618,1290.1260103539068,1264.9999607140555,1288.1932373046875,1554100,0.0,0.0
2022-01-18 00:00:00+09:00,1291.0924072265625,1303.6554321471801,1286.2604745647864,1291.0924072265625,2380400,0.0,0.0
2022-01-19 00:00:00+09:00,1294.957956220519,1304.621821565448,1271.7646793926888,1280.462158203125,2931000,0.0,0.0
2022-01-20 00:00:00+09:00,1274.6638861246436,1289.1596846779944,1268.8655667033033,1270.79833984375,2137800,0.0,0.0
2022-01-21 00:00:00+09:00,1249.53776387564,1254.369696450565,1231.1764200909245,1250.504150390625,2898800,0.0,0.0
2022-01-24 00:00:00+09:00,1238.9075619921568,1245.672267868869,1222.4789905772843,1230.2100830078125,2385500,0.0,0.0
2022-01-25 00:00:00+09:00,1213.7815415579855,1215.7143147133327,1180.9243979170847,1204.11767578125,3567400,0.0,0.0
2022-01-26 00:00:00+09:00,1212.8150764960906,1219.5797821020449,1198.3192787690457,1205.083984375,1616300,0.0,0.0
2022-01-27 00:00:00+09:00,1205.0840587569103,1210.8823782056204,1166.42859576551,1179.9580078125,2654500,0.0,0.0
2022-01-28 00:00:00+09:00,1197.3529934080063,1204.1176995854528,1187.6891274402258,1199.2857666015625,1843900,0.0,0.0
2022-01-31 00:00:00+09:00,1198.3192736037233,1236.0083475315826,1196.386500581782,1226.344482421875,2436700,0.0,0.0
2022-02-01 00:00:00+09:00,1236.0084158071888,1236.0084158071888,1215.7142979557807,1222.47900390625,1494900,0.0,0.0
2022-02-02 00:00:00+09:00,1219.5798410636878,1240.8403454245445,1219.5798410636878,1233.1092529296875,1700700,0.0,0.0
2022-02-03 00:00:00+09:00,1215.7142568772447,1216.6806434089435,1196.3865262432662,1210.88232421875,2254200,0.0,0.0
2022-02-04 00:00:00+09:00,1203.1513231283598,1212.8151891775835,1190.588297264369,1202.1849365234375,1524800,0.0,0.0
2022-02-07 00:00:00+09:00,1194.4537327085004,1207.0167574052728,1179.9579349814555,1205.083984375,1771600,0.0,0.0
2022-02-08 00:00:00+09:00,1203.1512087289784,1222.4789389896848,1201.2184357029078,1215.7142333984375,2310500,0.0,0.0
2022-02-09 00:00:00+09:00,1247.6049984806539,1293.9915514838076,1226.344495020875,1264.0335693359375,7229700,0.0,0.0
2022-02-10 00:00:00+09:00,1278.529412773728,1301.7226901029564,1272.7310934414209,1299.7899169921875,3856800,0.0,0.0
2022-02-14 00:00:00+09:00,1269.8319702148438,1299.7899542914497,1269.8319702148438,1287.2269287109375,2307600,0.0,0.0
2022-02-15 00:00:00+09:00,1279.4958292334502,1285.2941487012756,1261.1344842520034,1273.697509765625,2481700,0.0,0.0
2022-02-16 00:00:00+09:00,1293.9915966386554,1293.9915966386554,1260.1680672268908,1265.0,1884400,0.0,0.0
2022-02-17 00:00:00+09:00,1261.1344977225965,1273.697523370408,1259.2017245460102,1265.9664306640625,1363000,0.0,0.0
2022-02-18 00:00:00+09:00,1251.4705649830253,1276.5966149363526,1250.504178446359,1269.8319091796875,1332700,0.0,0.0
2022-02-21 00:00:00+09:00,1159.6638342770957,1160.63022080566,1124.8739192487828,1141.302490234375,10348100,0.0,0.0
2022-02-22 00:00:00+09:00,1130.6723132358034,1131.6386998283126,1044.6639065024815,1046.5966796875,12448800,0.0,0.0
2022-02-24 00:00:00+09:00,1034.9999814420132,1044.6638468149545,988.613427651895,1001.1764526367188,8315100,0.0,0.0
2022-02-25 00:00:00+09:00,1014.7059255571507,1040.798363642906,1012.7731523656133,1035.9664306640625,4552200,0.0,0.0
2022-02-28 00:00:00+09:00,1049.4958394650278,1069.7899579077216,1042.731133317463,1046.5966796875,3617300,0.0,0.0
2022-03-01 00:00:00+09:00,1054.3276834690826,1064.9579350897607,1041.7646588264627,1044.663818359375,2597500,0.0,0.0
2022-03-02 00:00:00+09:00,1031.1344174318208,1050.462147842914,1024.3697117879383,1047.56298828125,2417200,0.0,0.0
2022-03-03 00:00:00+09:00,1058.19325330089,1058.19325330089,1038.8655226469925,1039.8319091796875,2141400,0.0,0.0
2022-03-04 00:00:00+09:00,1033.067229994288,1037.8991627819134,1008.9075660561616,1024.3697509765625,2845500,0.0,0.0
2022-03-07 00:00:00+09:00,1009.8739723537279,1015.6722918122182,969.2857361442958,977.9832153320312,4722300,0.0,0.0
2022-03-08 00:00:00+09:00,963.4873875754744,1019.5378073140678,961.5546144810402,1004.0756225585938,4631500,0.0,0.0
2022-03-09 00:00:00+09:00,1016.6386507383116,1016.6386507383116,983.7815080338414,993.4453735351562,3212800,0.0,0.0
2022-03-10 00:00:00+09:00,1029.201634183843,1044.663818359375,1021.4705420960771,1044.663818359375,4356400,0.0,0.0
2022-03-11 00:00:00+09:00,1028.2353039365826,1037.8991695750844,1013.7395054788301,1020.5042114257812,2960800,0.0,0.0
2022-03-14 00:00:00+09:00,1022.4369982062764,1043.6975028948757,1022.4369982062764,1030.1680908203125,1866000,0.0,0.0
2022-03-15 00:00:00+09:00,1038.8655666964078,1048.5294324331187,1033.0672472543813,1040.79833984375,1663900,0.0,0.0
2022-03-16 00:00:00+09:00,1048.5294460106759,1070.7563374929298,1048.5294460106759,1067.857177734375,2846400,0.0,0.0
2022-03-17 00:00:00+09:00,1101.680635724749,1102.6470222473145,1072.6890400477819,1082.3529052734375,2728600,0.0,0.0
2022-03-18 00:00:00+09:00,1084.285742880712,1089.11767578125,1075.5882636597437,1089.11767578125,2711300,0.0,0.0
2022-03-22 00:00:00+09:00,1092.9832222070145,1123.9075927734375,1091.050449046613,1123.9075927734375,3266200,0.0,0.0
2022-03-23 00:00:00+09:00,1128.73946536304,1147.1008094057606,1120.0419866059617,1141.302490234375,2881100,0.0,0.0
2022-03-24 00:00:00+09:00,1121.008449748411,1141.3025682352359,1116.1765167753576,1140.336181640625,2029500,0.0,0.0
2022-03-25 00:00:00+09:00,1147.1008226893848,1151.9327553881608,1131.6386380533022,1133.5714111328125,2091700,0.0,0.0
2022-03-28 00:00:00+09:00,1146.134480724952,1149.0336404569714,1130.6722954875158,1134.537841796875,1861400,0.0,0.0
2022-03-29 00:00:00+09:00,1145.1680672268908,1164.4957983193278,1133.5714285714287,1150.0,2985900,0.0,0.0
2022-03-30 00:00:00+09:00,1147.0,1169.0,1140.0,1164.0,2376300,40.0,0.0
2022-03-31 00:00:00+09:00,1142.0,1156.0,1137.0,1149.0,2066500,0.0,0.0
2022-04-01 00:00:00+09:00,1143.0,1153.0,1132.0,1138.0,2241000,0.0,0.0
2022-04-04 00:00:00+09:00,1141.0,1157.0,1135.0,1138.0,1270100,0.0,0.0
2022-04-05 00:00:00+09:00,1153.0,1160.0,1142.0,1144.0,1719500,0.0,0.0
2022-04-06 00:00:00+09:00,1127.0,1130.0,1107.0,1112.0,2238200,0.0,0.0
2022-04-07 00:00:00+09:00,1097.0,1103.0,1077.0,1088.0,2260400,0.0,0.0
2022-04-08 00:00:00+09:00,1098.0,1107.0,1072.0,1085.0,2126000,0.0,0.0
2022-04-11 00:00:00+09:00,1089.0,1099.0,1083.0,1091.0,1860000,0.0,0.0
2022-04-12 00:00:00+09:00,1087.0,1092.0,1075.0,1079.0,1796000,0.0,0.0
2022-04-13 00:00:00+09:00,1080.0,1089.0,1079.0,1089.0,1543900,0.0,0.0
2022-04-14 00:00:00+09:00,1089.0,1099.0,1086.0,1096.0,1430700,0.0,0.0
2022-04-15 00:00:00+09:00,1085.0,1098.0,1081.0,1092.0,1045300,0.0,0.0
2022-04-18 00:00:00+09:00,1086.0,1093.0,1073.0,1089.0,1367700,0.0,0.0
2022-04-19 00:00:00+09:00,1100.0,1107.0,1098.0,1101.0,1348600,0.0,0.0
2022-04-20 00:00:00+09:00,1112.0,1124.0,1104.0,1118.0,1734000,0.0,0.0
2022-04-21 00:00:00+09:00,1128.0,1137.0,1123.0,1134.0,1981100,0.0,0.0
2022-04-22 00:00:00+09:00,1117.0,1123.0,1095.0,1113.0,1936200,0.0,0.0
2022-04-25 00:00:00+09:00,1083.0,1093.0,1080.0,1087.0,2217400,0.0,0.0
2022-04-26 00:00:00+09:00,1097.0,1105.0,1088.0,1095.0,1511700,0.0,0.0
2022-04-27 00:00:00+09:00,1067.0,1078.0,1055.0,1075.0,3894800,0.0,0.0
2022-04-28 00:00:00+09:00,1085.0,1103.0,1070.0,1100.0,2368300,0.0,0.0
2022-05-02 00:00:00+09:00,1105.0,1105.0,1080.0,1090.0,2392300,0.0,0.0
2022-05-06 00:00:00+09:00,1083.0,1102.0,1073.0,1096.0,2069300,0.0,0.0
2022-05-09 00:00:00+09:00,1089.0,1092.0,1076.0,1076.0,2193400,0.0,0.0
2022-05-10 00:00:00+09:00,1064.0,1089.0,1057.0,1085.0,2432800,0.0,0.0
2022-05-11 00:00:00+09:00,1080.0,1106.0,1079.0,1104.0,3539900,0.0,0.0
2022-05-12 00:00:00+09:00,1015.0,1040.0,996.0,1014.0,11448600,0.0,0.0
2022-05-13 00:00:00+09:00,1032.0,1059.0,1016.0,1057.0,4630300,0.0,0.0
2022-05-16 00:00:00+09:00,1069.0,1073.0,1052.0,1056.0,2437400,0.0,0.0
2022-05-17 00:00:00+09:00,1055.0,1061.0,1048.0,1056.0,1336200,0.0,0.0
2022-05-18 00:00:00+09:00,1065.0,1083.0,1062.0,1082.0,2497300,0.0,0.0
2022-05-19 00:00:00+09:00,1042.0,1077.0,1042.0,1075.0,2090600,0.0,0.0
2022-05-20 00:00:00+09:00,1081.0,1082.0,1063.0,1072.0,1873000,0.0,0.0
2022-05-23 00:00:00+09:00,1090.0,1092.0,1074.0,1079.0,1183600,0.0,0.0
2022-05-24 00:00:00+09:00,1082.0,1085.0,1062.0,1063.0,1454000,0.0,0.0
2022-05-25 00:00:00+09:00,1052.0,1061.0,1045.0,1050.0,1679500,0.0,0.0
2022-05-26 00:00:00+09:00,1055.0,1066.0,1045.0,1046.0,1581300,0.0,0.0
2022-05-27 00:00:00+09:00,1065.0,1066.0,1052.0,1054.0,1235400,0.0,0.0
2022-05-30 00:00:00+09:00,1058.0,1070.0,1055.0,1067.0,2689900,0.0,0.0
2022-05-31 00:00:00+09:00,1070.0,1072.0,1047.0,1049.0,4698600,0.0,0.0
2022-06-01 00:00:00+09:00,1062.0,1089.0,1058.0,1086.0,2765900,0.0,0.0
2022-06-02 00:00:00+09:00,1078.0,1083.0,1069.0,1073.0,1983000,0.0,0.0
2022-06-03 00:00:00+09:00,1075.0,1080.0,1069.0,1072.0,1434400,0.0,0.0
2022-06-06 00:00:00+09:00,1064.0,1065.0,1054.0,1058.0,1896100,0.0,0.0
2022-06-07 00:00:00+09:00,1069.0,1088.0,1066.0,1070.0,2070600,0.0,0.0
2022-06-08 00:00:00+09:00,1071.0,1092.0,1069.0,1086.0,2224400,0.0,0.0
2022-06-09 00:00:00+09:00,1046.0,1047.0,992.0,1024.0,11994400,0.0,0.0
2022-06-10 00:00:00+09:00,1020.0,1028.0,1005.0,1026.0,4149800,0.0,0.0
2022-06-13 00:00:00+09:00,1010.0,1022.0,1005.0,1020.0,3421800,0.0,0.0
2022-06-14 00:00:00+09:00,999.0,1010.0,993.0,995.0,5724500,0.0,0.0
2022-06-15 00:00:00+09:00,1000.0,1030.0,999.0,1026.0,4754000,0.0,0.0
2022-06-16 00:00:00+09:00,1043.0,1073.0,1039.0,1045.0,3893200,0.0,0.0
2022-06-17 00:00:00+09:00,1008.0,1061.0,1008.0,1061.0,6242700,0.0,0.0
2022-06-20 00:00:00+09:00,1068.0,1069.0,1032.0,1048.0,2428000,0.0,0.0
2022-06-21 00:00:00+09:00,1065.0,1076.0,1051.0,1062.0,2898800,0.0,0.0
2022-06-22 00:00:00+09:00,1070.0,1071.0,1053.0,1053.0,2045600,0.0,0.0
2022-06-23 00:00:00+09:00,1051.0,1057.0,1041.0,1041.0,2168900,0.0,0.0
2022-06-24 00:00:00+09:00,1041.0,1048.0,1029.0,1045.0,1780700,0.0,0.0
2022-06-27 00:00:00+09:00,1055.0,1066.0,1052.0,1062.0,1705700,0.0,0.0
2022-06-28 00:00:00+09:00,1057.0,1060.0,1045.0,1049.0,2019900,0.0,0.0
2022-06-29 00:00:00+09:00,1033.0,1042.0,1032.0,1036.0,3088200,0.0,0.0
2022-06-30 00:00:00+09:00,1037.0,1051.0,1037.0,1049.0,3078100,0.0,0.0
2022-07-01 00:00:00+09:00,1044.0,1055.0,1017.0,1019.0,2339100,0.0,0.0
2022-07-04 00:00:00+09:00,1029.0,1034.0,1020.0,1031.0,1305800,0.0,0.0
2022-07-05 00:00:00+09:00,1039.0,1040.0,1032.0,1036.0,1283100,0.0,0.0
2022-07-06 00:00:00+09:00,1020.0,1044.0,1016.0,1038.0,2341500,0.0,0.0
2022-07-07 00:00:00+09:00,1044.0,1052.0,1026.0,1052.0,3027800,0.0,0.0
2022-07-08 00:00:00+09:00,1058.0,1071.0,1054.0,1058.0,2490400,0.0,0.0
2022-07-11 00:00:00+09:00,1073.0,1078.0,1067.0,1072.0,1686100,0.0,0.0
2022-07-12 00:00:00+09:00,1065.0,1066.0,1042.0,1044.0,2269100,0.0,0.0
2022-07-13 00:00:00+09:00,1055.0,1058.0,1046.0,1051.0,1302900,0.0,0.0
2022-07-14 00:00:00+09:00,1037.0,1048.0,1034.0,1040.0,2127100,0.0,0.0
2022-07-15 00:00:00+09:00,1049.0,1052.0,1035.0,1050.0,1393300,0.0,0.0
2022-07-19 00:00:00+09:00,1068.0,1073.0,1056.0,1065.0,1863200,0.0,0.0
2022-07-20 00:00:00+09:00,1082.0,1088.0,1075.0,1087.0,2337700,0.0,0.0
2022-07-21 00:00:00+09:00,1088.0,1092.0,1079.0,1089.0,1422900,0.0,0.0
2022-07-22 00:00:00+09:00,1088.0,1096.0,1084.0,1087.0,1280800,0.0,0.0
2022-07-25 00:00:00+09:00,1079.0,1081.0,1064.0,1069.0,1477400,0.0,0.0
2022-07-26 00:00:00+09:00,1069.0,1076.0,1063.0,1072.0,1224600,0.0,0.0
2022-07-27 00:00:00+09:00,1066.0,1071.0,1050.0,1057.0,2163000,0.0,0.0
2022-07-28 00:00:00+09:00,1063.0,1063.0,1051.0,1056.0,1562400,0.0,0.0
2022-07-29 00:00:00+09:00,1063.0,1074.0,1058.0,1066.0,1711300,0.0,0.0
2022-08-01 00:00:00+09:00,1075.0,1076.0,1058.0,1060.0,1474600,0.0,0.0
2022-08-02 00:00:00+09:00,1053.0,1060.0,1041.0,1047.0,1796000,0.0,0.0
2022-08-03 00:00:00+09:00,1043.0,1051.0,1042.0,1051.0,1691900,0.0,0.0
2022-08-04 00:00:00+09:00,1057.0,1063.0,1053.0,1060.0,2025400,0.0,0.0
2022-08-05 00:00:00+09:00,1059.0,1068.0,1051.0,1062.0,1886800,0.0,0.0
2022-08-08 00:00:00+09:00,1035.0,1048.0,1003.0,1022.0,9037200,0.0,0.0
2022-08-09 00:00:00+09:00,1016.0,1024.0,1007.0,1008.0,3399800,0.0,0.0
2022-08-10 00:00:00+09:00,1004.0,1010.0,1002.0,1008.0,1939100,0.0,0.0
2022-08-12 00:00:00+09:00,1021.0,1024.0,1011.0,1023.0,2891200,0.0,0.0
2022-08-15 00:00:00+09:00,1022.0,1035.0,1018.0,1032.0,1819300,0.0,0.0
2022-08-16 00:00:00+09:00,1035.0,1042.0,1023.0,1024.0,1862600,0.0,0.0
2022-08-17 00:00:00+09:00,1031.0,1051.0,1028.0,1051.0,2792500,0.0,0.0
2022-08-18 00:00:00+09:00,1042.0,1050.0,1040.0,1049.0,1517800,0.0,0.0
2022-08-19 00:00:00+09:00,1051.0,1066.0,1048.0,1052.0,2435300,0.0,0.0
2022-08-22 00:00:00+09:00,1036.0,1040.0,1028.0,1034.0,2575600,0.0,0.0
2022-08-23 00:00:00+09:00,1024.0,1025.0,1013.0,1014.0,2788600,0.0,0.0
2022-08-24 00:00:00+09:00,1019.0,1019.0,1010.0,1015.0,1655000,0.0,0.0
2022-08-25 00:00:00+09:00,1017.0,1020.0,1015.0,1016.0,1066800,0.0,0.0
2022-08-26 00:00:00+09:00,1018.0,1026.0,1016.0,1020.0,1499100,0.0,0.0
2022-08-29 00:00:00+09:00,1001.0,1011.0,997.0,1001.0,3493200,0.0,0.0
2022-08-30 00:00:00+09:00,1005.0,1007.0,1000.0,1002.0,3630900,0.0,0.0
2022-08-31 00:00:00+09:00,997.0,1005.0,996.0,1003.0,3117700,0.0,0.0
2022-09-01 00:00:00+09:00,1005.0,1007.0,996.0,1002.0,2306300,0.0,0.0
2022-09-02 00:00:00+09:00,1001.0,1004.0,998.0,1004.0,1491900,0.0,0.0
2022-09-05 00:00:00+09:00,1000.0,1002.0,992.0,992.0,3095800,0.0,0.0
2022-09-06 00:00:00+09:00,993.0,1004.0,990.0,1001.0,1990000,0.0,0.0
2022-09-07 00:00:00+09:00,988.0,991.0,933.0,935.0,10236800,0.0,0.0
2022-09-08 00:00:00+09:00,936.0,955.0,932.0,948.0,4667900,0.0,0.0
2022-09-09 00:00:00+09:00,957.0,970.0,955.0,965.0,3617400,0.0,0.0
2022-09-12 00:00:00+09:00,979.0,983.0,974.0,979.0,2118000,0.0,0.0
2022-09-13 00:00:00+09:00,971.0,974.0,964.0,969.0,2237400,0.0,0.0
2022-09-14 00:00:00+09:00,950.0,958.0,946.0,949.0,2621000,0.0,0.0
2022-09-15 00:00:00+09:00,954.0,956.0,950.0,951.0,1299200,0.0,0.0
2022-09-16 00:00:00+09:00,947.0,950.0,937.0,943.0,2997600,0.0,0.0
2022-09-20 00:00:00+09:00,943.0,953.0,943.0,945.0,1601700,0.0,0.0
2022-09-21 00:00:00+09:00,938.0,940.0,931.0,938.0,2393500,0.0,0.0
2022-09-22 00:00:00+09:00,932.0,935.0,924.0,933.0,2519600,0.0,0.0
2022-09-26 00:00:00+09:00,922.0,923.0,892.0,898.0,5601600,0.0,0.0
2022-09-27 00:00:00+09:00,900.0,909.0,893.0,893.0,3181000,0.0,0.0
2022-09-28 00:00:00+09:00,892.0,895.0,879.0,883.0,4011100,0.0,0.0
2022-09-29 00:00:00+09:00,893.0,898.0,881.0,883.0,2688800,0.0,0.0
2022-09-30 00:00:00+09:00,877.0,881.0,858.0,863.0,4430200,0.0,0.0
2022-10-03 00:00:00+09:00,855.0,862.0,838.0,859.0,3212200,0.0,0.0
2022-10-04 00:00:00+09:00,874.0,877.0,860.0,873.0,3059000,0.0,0.0
2022-10-05 00:00:00+09:00,881.0,891.0,877.0,886.0,2970100,0.0,0.0
2022-10-06 00:00:00+09:00,888.0,902.0,885.0,897.0,3235400,0.0,0.0
2022-10-07 00:00:00+09:00,880.0,884.0,858.0,859.0,5375000,0.0,0.0
2022-10-11 00:00:00+09:00,840.0,849.0,818.0,819.0,7400300,0.0,0.0
2022-10-12 00:00:00+09:00,814.0,817.0,792.0,800.0,6378500,0.0,0.0
2022-10-13 00:00:00+09:00,800.0,806.0,791.0,792.0,2578300,0.0,0.0
2022-10-14 00:00:00+09:00,814.0,822.0,804.0,817.0,4098700,0.0,0.0
2022-10-17 00:00:00+09:00,809.0,844.0,806.0,843.0,5056600,0.0,0.0
2022-10-18 00:00:00+09:00,860.0,886.0,856.0,885.0,7860800,0.0,0.0
2022-10-19 00:00:00+09:00,880.0,882.0,856.0,863.0,4856800,0.0,0.0
2022-10-20 00:00:00+09:00,850.0,867.0,848.0,864.0,4887800,0.0,0.0
2022-10-21 00:00:00+09:00,859.0,893.0,857.0,869.0,4030200,0.0,0.0
2022-10-24 00:00:00+09:00,877.0,887.0,867.0,885.0,3139600,0.0,0.0
2022-10-25 00:00:00+09:00,886.0,909.0,885.0,898.0,3897100,0.0,0.0
2022-10-26 00:00:00+09:00,899.0,899.0,887.0,889.0,1896400,0.0,0.0
2022-10-27 00:00:00+09:00,886.0,904.0,880.0,898.0,2812600,0.0,0.0
2022-10-28 00:00:00+09:00,883.0,886.0,869.0,876.0,5766600,0.0,0.0
2022-10-31 00:00:00+09:00,887.0,896.0,880.0,891.0,2683600,0.0,0.0
2022-11-01 00:00:00+09:00,890.0,899.0,884.0,894.0,3527000,0.0,0.0
2022-11-02 00:00:00+09:00,895.0,898.0,885.0,897.0,3347400,0.0,0.0
2022-11-04 00:00:00+09:00,879.0,890.0,875.0,888.0,4164900,0.0,0.0
2022-11-07 00:00:00+09:00,835.0,873.0,830.0,859.0,9781000,0.0,0.0
2022-11-08 00:00:00+09:00,867.0,922.0,867.0,904.0,8557500,0.0,0.0
2022-11-09 00:00:00+09:00,912.0,917.0,902.0,917.0,3621800,0.0,0.0
2022-11-10 00:00:00+09:00,902.0,912.0,895.0,896.0,2592000,0.0,0.0
2022-11-11 00:00:00+09:00,924.0,967.0,916.0,966.0,9310300,0.0,0.0
2022-11-14 00:00:00+09:00,975.0,989.0,970.0,986.0,5100400,0.0,0.0
2022-11-15 00:00:00+09:00,988.0,997.0,977.0,997.0,3545500,0.0,0.0
2022-11-16 00:00:00+09:00,995.0,1000.0,965.0,975.0,3399600,0.0,0.0
2022-11-17 00:00:00+09:00,972.0,999.0,972.0,994.0,3235600,0.0,0.0
2022-11-18 00:00:00+09:00,996.0,1006.0,985.0,988.0,3597400,0.0,0.0
2022-11-21 00:00:00+09:00,987.0,990.0,977.0,978.0,2187000,0.0,0.0
2022-11-22 00:00:00+09:00,979.0,985.0,963.0,972.0,3826800,0.0,0.0
2022-11-24 00:00:00+09:00,978.0,979.0,954.0,972.0,3186800,0.0,0.0
2022-11-25 00:00:00+09:00,975.0,976.0,966.0,971.0,1335800,0.0,0.0
2022-11-28 00:00:00+09:00,970.0,977.0,961.0,968.0,2008200,0.0,0.0
2022-11-29 00:00:00+09:00,963.0,975.0,959.0,972.0,2114800,0.0,0.0
2022-11-30 00:00:00+09:00,969.0,975.0,962.0,973.0,3619000,0.0,0.0
2022-12-01 00:00:00+09:00,1000.0,1004.0,981.0,982.0,2810500,0.0,0.0
2022-12-02 00:00:00+09:00,980.0,1003.0,977.0,1001.0,4323600,0.0,0.0
2022-12-05 00:00:00+09:00,1000.0,1011.0,988.0,1001.0,2632400,0.0,0.0
2022-12-06 00:00:00+09:00,996.0,1014.0,996.0,1010.0,3078300,0.0,0.0
2022-12-07 00:00:00+09:00,1000.0,1017.0,988.0,1002.0,3512600,0.0,0.0
2022-12-08 00:00:00+09:00,999.0,1019.0,989.0,1017.0,4005000,0.0,0.0
2022-12-09 00:00:00+09:00,1020.0,1034.0,1013.0,1027.0,4079600,0.0,0.0
2022-12-12 00:00:00+09:00,1028.0,1043.0,1027.0,1041.0,2969000,0.0,0.0
2022-12-13 00:00:00+09:00,1046.0,1047.0,1007.0,1014.0,2295800,0.0,0.0
2022-12-14 00:00:00+09:00,1020.0,1022.0,1012.0,1013.0,1609800,0.0,0.0
2022-12-15 00:00:00+09:00,1013.0,1014.0,1000.0,1005.0,1336500,0.0,0.0
2022-12-16 00:00:00+09:00,992.0,997.0,981.0,982.0,3895900,0.0,0.0
2022-12-19 00:00:00+09:00,981.0,981.0,960.0,960.0,2134500,0.0,0.0
2022-12-20 00:00:00+09:00,960.0,969.0,943.0,956.0,2663600,0.0,0.0
2022-12-21 00:00:00+09:00,951.0,963.0,947.0,955.0,1915500,0.0,0.0
2022-12-22 00:00:00+09:00,960.0,961.0,949.0,960.0,1684700,0.0,0.0
2022-12-23 00:00:00+09:00,950.0,951.0,928.0,928.0,2403800,0.0,0.0
2022-12-26 00:00:00+09:00,928.0,961.0,928.0,961.0,2160200,0.0,0.0
2022-12-27 00:00:00+09:00,967.0,969.0,950.0,956.0,1190600,0.0,0.0
2022-12-28 00:00:00+09:00,950.0,963.0,949.0,959.0,1922700,0.0,0.0
2022-12-29 00:00:00+09:00,955.0,960.0,946.0,960.0,1608600,0.0,0.0
2022-12-30 00:00:00+09:00,966.0,970.0,945.0,945.0,1607600,0.0,0.0
2023-01-04 00:00:00+09:00,947.0,966.0,946.0,966.0,2109200,0.0,0.0
2023-01-05 00:00:00+09:00,966.0,974.0,959.0,971.0,1527700,0.0,0.0
2023-01-06 00:00:00+09:00,961.0,987.0,960.0,984.0,1588400,0.0,0.0
2023-01-10 00:00:00+09:00,990.0,992.0,968.0,983.0,2028200,0.0,0.0
2023-01-11 00:00:00+09:00,986.0,1006.0,981.0,1003.0,2260800,0.0,0.0
2023-01-12 00:00:00+09:00,1001.0,1003.0,988.0,988.0,1379000,0.0,0.0
2023-01-13 00:00:00+09:00,987.0,1003.0,984.0,987.0,1776300,0.0,0.0
2023-01-16 00:00:00+09:00,979.0,984.0,972.0,981.0,1725900,0.0,0.0
2023-01-17 00:00:00+09:00,985.0,1004.0,984.0,999.0,1533100,0.0,0.0
2023-01-18 00:00:00+09:00,1002.0,1013.0,992.0,1005.0,1557600,0.0,0.0
2023-01-19 00:00:00+09:00,997.0,1014.0,996.0,1003.0,1558500,0.0,0.0
2023-01-20 00:00:00+09:00,990.0,1030.0,990.0,1029.0,2992600,0.0,0.0
2023-01-23 00:00:00+09:00,1038.0,1040.0,1031.0,1036.0,1516500,0.0,0.0
2023-01-24 00:00:00+09:00,1041.0,1069.0,1041.0,1063.0,2978700,0.0,0.0
2023-01-25 00:00:00+09:00,1060.0,1072.0,1057.0,1071.0,1500300,0.0,0.0
2023-01-26 00:00:00+09:00,1069.0,1069.0,1051.0,1056.0,1719800,0.0,0.0
2023-01-27 00:00:00+09:00,1064.0,1086.0,1060.0,1073.0,2394900,0.0,0.0
2023-01-30 00:00:00+09:00,1073.0,1075.0,1060.0,1071.0,1294400,0.0,0.0
2023-01-31 00:00:00+09:00,1074.0,1080.0,1070.0,1074.0,1237000,0.0,0.0
2023-02-01 00:00:00+09:00,1072.0,1088.0,1068.0,1079.0,1973600,0.0,0.0
2023-02-02 00:00:00+09:00,1087.0,1091.0,1076.0,1084.0,1365700,0.0,0.0
2023-02-03 00:00:00+09:00,1084.0,1087.0,1072.0,1074.0,1779600,0.0,0.0
2023-02-06 00:00:00+09:00,1083.0,1091.0,1079.0,1091.0,1935800,0.0,0.0
2023-02-07 00:00:00+09:00,1081.0,1093.0,1081.0,1082.0,2492500,0.0,0.0
2023-02-08 00:00:00+09:00,992.0,1005.0,935.0,946.0,13391500,0.0,0.0
2023-02-09 00:00:00+09:00,939.0,953.0,935.0,943.0,4177500,0.0,0.0
2023-02-10 00:00:00+09:00,931.0,962.0,927.0,961.0,4819800,0.0,0.0
2023-02-13 00:00:00+09:00,960.0,962.0,944.0,953.0,1557200,0.0,0.0
2023-02-14 00:00:00+09:00,957.0,959.0,936.0,943.0,2307700,0.0,0.0
2023-02-15 00:00:00+09:00,948.0,952.0,944.0,949.0,1720400,0.0,0.0
2023-02-16 00:00:00+09:00,947.0,964.0,944.0,964.0,2171200,0.0,0.0
2023-02-17 00:00:00+09:00,959.0,970.0,958.0,969.0,1642400,0.0,0.0
2023-02-20 00:00:00+09:00,969.0,977.0,965.0,977.0,1513400,0.0,0.0
2023-02-21 00:00:00+09:00,977.0,982.0,965.0,967.0,1616500,0.0,0.0
2023-02-22 00:00:00+09:00,957.0,960.0,936.0,938.0,2718000,0.0,0.0
2023-02-24 00:00:00+09:00,936.0,946.0,928.0,935.0,2086500,0.0,0.0
2023-02-27 00:00:00+09:00,931.0,940.0,930.0,933.0,1350000,0.0,0.0
2023-02-28 00:00:00+09:00,934.0,941.0,933.0,940.0,1709600,0.0,0.0
2023-03-01 00:00:00+09:00,935.0,937.0,926.0,935.0,1481400,0.0,0.0
2023-03-02 00:00:00+09:00,939.0,939.0,916.0,918.0,2372500,0.0,0.0
2023-03-03 00:00:00+09:00,921.0,934.0,919.0,932.0,2076200,0.0,0.0
2023-03-06 00:00:00+09:00,941.0,956.0,937.0,949.0,2608600,0.0,0.0
2023-03-07 00:00:00+09:00,943.0,961.0,943.0,960.0,2579300,0.0,0.0
2023-03-08 00:00:00+09:00,951.0,959.0,946.0,949.0,2124600,0.0,0.0
2023-03-09 00:00:00+09:00,951.0,958.0,950.0,950.0,1302000,0.0,0.0
2023-03-10 00:00:00+09:00,941.0,951.0,938.0,944.0,2516600,0.0,0.0
2023-03-13 00:00:00+09:00,935.0,942.0,931.0,941.0,2060500,0.0,0.0
2023-03-14 00:00:00+09:00,932.0,939.0,924.0,932.0,2378000,0.0,0.0
2023-03-15 00:00:00+09:00,940.0,947.0,933.0,937.0,1328300,0.0,0.0
2023-03-16 00:00:00+09:00,920.0,929.0,903.0,929.0,2328700,0.0,0.0
2023-03-17 00:00:00+09:00,939.0,939.0,920.0,925.0,3738500,0.0,0.0
2023-03-20 00:00:00+09:00,917.0,929.0,911.0,911.0,2093600,0.0,0.0
2023-03-22 00:00:00+09:00,920.0,942.0,908.0,938.0,2278500,0.0,0.0
2023-03-23 00:00:00+09:00,931.0,945.0,928.0,942.0,1249400,0.0,0.0
2023-03-24 00:00:00+09:00,945.0,951.0,939.0,944.0,1109100,0.0,0.0
2023-03-27 00:00:00+09:00,948.0,952.0,944.0,946.0,1095700,0.0,0.0
2023-03-28 00:00:00+09:00,946.0,950.0,941.0,949.0,952800,0.0,0.0
2023-03-29 00:00:00+09:00,954.0,956.0,944.0,956.0,1822500,0.0,0.0
2023-03-30 00:00:00+09:00,952.0,958.0,946.0,949.0,1916300,0.0,0.0
2023-03-31 00:00:00+09:00,954.0,959.0,931.0,933.0,3454400,0.0,0.0
2023-04-03 00:00:00+09:00,943.0,946.0,934.0,935.0,2080300,0.0,0.0
2023-04-04 00:00:00+09:00,941.0,951.0,938.0,951.0,1386300,0.0,0.0
2023-04-05 00:00:00+09:00,949.0,955.0,942.0,944.0,1445800,0.0,0.0
2023-04-06 00:00:00+09:00,935.0,939.0,924.0,928.0,2900600,0.0,0.0
2023-04-07 00:00:00+09:00,928.0,944.0,928.0,944.0,1056700,0.0,0.0
2023-04-10 00:00:00+09:00,952.0,956.0,943.0,949.0,1554400,0.0,0.0
2023-04-11 00:00:00+09:00,955.0,962.0,951.0,957.0,1443000,0.0,0.0
2023-04-12 00:00:00+09:00,963.0,967.0,953.0,967.0,1749600,0.0,0.0
2023-04-13 00:00:00+09:00,961.0,964.0,952.0,958.0,1141500,0.0,0.0
2023-04-14 00:00:00+09:00,964.0,966.0,956.0,959.0,1390100,0.0,0.0
2023-04-17 00:00:00+09:00,965.0,972.0,964.0,971.0,1204800,0.0,0.0
2023-04-18 00:00:00+09:00,974.0,979.0,971.0,975.0,1402600,0.0,0.0
2023-04-19 00:00:00+09:00,975.0,978.0,962.0,963.0,1080300,0.0,0.0
2023-04-20 00:00:00+09:00,958.0,965.0,954.0,961.0,1110500,0.0,0.0
2023-04-21 00:00:00+09:00,957.0,965.0,953.0,959.0,1182000,0.0,0.0
2023-04-24 00:00:00+09:00,963.0,969.0,957.0,959.0,887300,0.0,0.0
2023-04-25 00:00:00+09:00,958.0,962.0,945.0,945.0,1466800,0.0,0.0
2023-04-26 00:00:00+09:00,940.0,945.0,937.0,942.0,1535500,0.0,0.0
2023-04-27 00:00:00+09:00,941.0,952.0,940.0,948.0,1216300,0.0,0.0
2023-04-28 00:00:00+09:00,962.0,967.0,952.0,966.0,2139700,0.0,0.0
2023-05-01 00:00:00+09:00,970.0,972.0,965.0,967.0,1747900,0.0,0.0
2023-05-02 00:00:00+09:00,969.0,970.0,956.0,956.0,1203200,0.0,0.0
2023-05-08 00:00:00+09:00,955.0,984.0,950.0,984.0,2515300,0.0,0.0
2023-05-09 00:00:00+09:00,983.0,992.0,972.0,990.0,1971100,0.0,0.0
2023-05-10 00:00:00+09:00,990.0,993.0,975.0,992.0,2045200,0.0,0.0
2023-05-11 00:00:00+09:00,990.0,995.0,979.0,990.0,2188700,0.0,0.0
2023-05-12 00:00:00+09:00,927.0,938.0,904.0,904.0,8765400,0.0,0.0
2023-05-15 00:00:00+09:00,900.0,907.0,875.0,876.0,5531500,0.0,0.0
2023-05-16 00:00:00+09:00,879.0,893.0,874.0,885.0,3190700,0.0,0.0
2023-05-17 00:00:00+09:00,884.0,890.0,867.0,870.0,2717400,0.0,0.0
2023-05-18 00:00:00+09:00,871.0,880.0,860.0,860.0,2928600,0.0,0.0
2023-05-19 00:00:00+09:00,859.0,864.0,855.0,862.0,2282300,0.0,0.0
2023-05-22 00:00:00+09:00,857.0,867.0,857.0,864.0,1864500,0.0,0.0
2023-05-23 00:00:00+09:00,867.0,868.0,844.0,848.0,3489000,0.0,0.0
2023-05-24 00:00:00+09:00,839.0,849.0,834.0,847.0,2337400,0.0,0.0
2023-05-25 00:00:00+09:00,842.0,848.0,834.0,835.0,2038200,0.0,0.0
2023-05-26 00:00:00+09:00,835.0,841.0,820.0,820.0,2680400,0.0,0.0
2023-05-29 00:00:00+09:00,830.0,830.0,817.0,821.0,2054300,0.0,0.0
2023-05-30 00:00:00+09:00,822.0,829.0,817.0,828.0,2101500,0.0,0.0
2023-05-31 00:00:00+09:00,823.0,824.0,793.0,800.0,8155900,0.0,0.0
2023-06-01 00:00:00+09:00,797.0,801.0,775.0,778.0,3868800,0.0,0.0
2023-06-02 00:00:00+09:00,785.0,785.0,756.0,759.0,5411700,0.0,0.0
2023-06-05 00:00:00+09:00,770.2999877929688,812.0,769.5999755859375,802.0,8749700,0.0,0.0
2023-06-06 00:00:00+09:00,790.2000122070312,805.7999877929688,780.0,801.0,3796400,0.0,0.0
2023-06-07 00:00:00+09:00,807.0,840.2000122070312,806.9000244140625,826.5999755859375,8395300,0.0,0.0
2023-06-08 00:00:00+09:00,827.9000244140625,848.4000244140625,823.5999755859375,824.5999755859375,4897700,0.0,0.0
2023-06-09 00:00:00+09:00,820.2999877929688,827.0,808.7999877929688,818.0,5080100,0.0,0.0
2023-06-12 00:00:00+09:00,822.2000122070312,829.9000244140625,809.0,809.5999755859375,3251100,0.0,0.0
2023-06-13 00:00:00+09:00,808.9000244140625,814.9000244140625,798.7999877929688,805.5999755859375,4255100,0.0,0.0
2023-06-14 00:00:00+09:00,797.7999877929688,802.7999877929688,779.7000122070312,789.0999755859375,6062400,0.0,0.0
2023-06-15 00:00:00+09:00,793.9000244140625,796.2000122070312,783.2000122070312,785.0,3801600,0.0,0.0
2023-06-16 00:00:00+09:00,779.4000244140625,781.7000122070312,765.5,767.5999755859375,6292000,0.0,0.0
2023-06-19 00:00:00+09:00,775.0,801.0,771.5999755859375,799.4000244140625,5766400,0.0,0.0
2023-06-20 00:00:00+09:00,799.4000244140625,811.0999755859375,795.4000244140625,811.0999755859375,4341200,0.0,0.0
2023-06-21 00:00:00+09:00,808.0,818.2999877929688,801.0999755859375,808.0,3946800,0.0,0.0
2023-06-22 00:00:00+09:00,810.0,810.7999877929688,791.2999877929688,793.4000244140625,3564300,0.0,0.0
2023-06-23 00:00:00+09:00,792.0,794.5,773.7000122070312,784.4000244140625,4419400,0.0,0.0
2023-06-26 00:00:00+09:00,780.0,787.5999755859375,774.4000244140625,784.7999877929688,2312700,0.0,0.0
2023-06-27 00:00:00+09:00,787.5,792.0,780.0,790.5999755859375,3394300,0.0,0.0
2023-06-28 00:00:00+09:00,792.7000122070312,801.0,790.9000244140625,801.0,3206800,0.0,0.0
2023-06-29 00:00:00+09:00,801.0,813.0999755859375,799.0,807.0,3282700,0.0,0.0
2023-06-30 00:00:00+09:00,804.2000122070312,807.0,797.4000244140625,803.9000244140625,2773500,0.0,0.0
2023-07-03 00:00:00+09:00,813.0,845.0999755859375,806.0,844.2999877929688,6480500,0.0,0.0
2023-07-04 00:00:00+09:00,832.9000244140625,840.7000122070312,827.7000122070312,829.5999755859375,2739500,0.0,0.0
2023-07-05 00:00:00+09:00,825.0,829.7999877929688,819.2000122070312,829.2000122070312,2088700,0.0,0.0
2023-07-06 00:00:00+09:00,820.2999877929688,823.4000244140625,811.7999877929688,815.2999877929688,3338200,0.0,0.0
2023-07-07 00:00:00+09:00,803.2000122070312,806.0,790.2000122070312,790.2000122070312,3722600,0.0,0.0
2023-07-10 00:00:00+09:00,792.2000122070312,794.5,781.4000244140625,786.4000244140625,4014900,0.0,0.0
2023-07-11 00:00:00+09:00,795.7999877929688,795.9000244140625,787.0,788.4000244140625,2148700,0.0,0.0
2023-07-12 00:00:00+09:00,794.0,801.0,788.5999755859375,794.4000244140625,2198900,0.0,0.0
2023-07-13 00:00:00+09:00,802.0,803.7999877929688,793.5999755859375,797.7000122070312,2079900,0.0,0.0
2023-07-14 00:00:00+09:00,797.0,806.5999755859375,796.0,802.0,2426800,0.0,0.0
2023-07-18 00:00:00+09:00,799.0,808.5999755859375,796.0999755859375,805.5,2292200,0.0,0.0
2023-07-19 00:00:00+09:00,805.0,812.0,802.2000122070312,810.5,2453100,0.0,0.0
2023-07-20 00:00:00+09:00,810.0,816.0,802.0999755859375,803.2999877929688,1778600,0.0,0.0
2023-07-21 00:00:00+09:00,805.7999877929688,806.5999755859375,795.2999877929688,798.0,2027500,0.0,0.0
2023-07-24 00:00:00+09:00,804.0,804.5999755859375,796.0,798.5,1865400,0.0,0.0
2023-07-25 00:00:00+09:00,803.0,804.7999877929688,795.9000244140625,804.4000244140625,1614100,0.0,0.0
2023-07-26 00:00:00+09:00,800.4000244140625,807.9000244140625,793.5,805.9000244140625,1682700,0.0,0.0
2023-07-27 00:00:00+09:00,810.0,855.0,809.9000244140625,852.0,8590000,0.0,0.0
2023-07-28 00:00:00+09:00,838.0999755859375,855.0,833.0999755859375,850.7999877929688,4281800,0.0,0.0
2023-07-31 00:00:00+09:00,853.4000244140625,853.7999877929688,838.2000122070312,845.0,3011200,0.0,0.0
2023-08-01 00:00:00+09:00,845.0,857.4000244140625,841.7999877929688,848.5999755859375,2519100,0.0,0.0
2023-08-02 00:00:00+09:00,840.0,842.0999755859375,830.0,840.2999877929688,3529300,0.0,0.0
2023-08-03 00:00:00+09:00,836.2000122070312,836.2000122070312,812.7999877929688,824.5999755859375,2480700,0.0,0.0
2023-08-04 00:00:00+09:00,832.0,850.0,824.2000122070312,839.9000244140625,3558200,0.0,0.0
2023-08-07 00:00:00+09:00,860.0,913.4000244140625,832.0999755859375,912.0999755859375,12750600,0.0,0.0
2023-08-08 00:00:00+09:00,897.0999755859375,899.7999877929688,845.4000244140625,864.5,7501100,0.0,0.0
2023-08-09 00:00:00+09:00,864.7999877929688,887.9000244140625,864.7999877929688,883.7000122070312,3791900,0.0,0.0
2023-08-10 00:00:00+09:00,891.5999755859375,895.0,845.2999877929688,860.5,4787500,0.0,0.0
2023-08-14 00:00:00+09:00,920.5,961.0,898.4000244140625,912.2999877929688,14098900,0.0,0.0
2023-08-15 00:00:00+09:00,911.0,928.0,880.0,880.7000122070312,4896200,0.0,0.0
2023-08-16 00:00:00+09:00,860.2999877929688,860.2999877929688,842.2999877929688,842.2999877929688,5200700,0.0,0.0
2023-08-17 00:00:00+09:00,839.5999755859375,844.5999755859375,823.0,833.5999755859375,3607200,0.0,0.0
2023-08-18 00:00:00+09:00,830.0,858.0,828.0999755859375,852.0999755859375,4395800,0.0,0.0
2023-08-21 00:00:00+09:00,854.5,881.9000244140625,853.7000122070312,873.5,4485200,0.0,0.0
2023-08-22 00:00:00+09:00,875.0999755859375,880.0,869.5999755859375,877.0,1959000,0.0,0.0
2023-08-23 00:00:00+09:00,882.0,898.5,875.2000122070312,898.4000244140625,2970100,0.0,0.0
2023-08-24 00:00:00+09:00,899.0,922.0,898.4000244140625,910.5999755859375,4010500,0.0,0.0
2023-08-25 00:00:00+09:00,884.0,901.2000122070312,882.0999755859375,900.0,2864900,0.0,0.0
2023-08-28 00:00:00+09:00,895.5999755859375,906.4000244140625,893.2000122070312,903.2000122070312,2209700,0.0,0.0
2023-08-29 00:00:00+09:00,905.0,910.2999877929688,900.2999877929688,907.5,1769000,0.0,0.0
2023-08-30 00:00:00+09:00,910.0,937.0,908.9000244140625,919.0,5735500,0.0,0.0
2023-08-31 00:00:00+09:00,919.0,928.5999755859375,890.5999755859375,896.9000244140625,7455700,0.0,0.0
2023-09-01 00:00:00+09:00,903.0,933.7000122070312,903.0,924.0,4092400,0.0,0.0
2023-09-04 00:00:00+09:00,921.0,923.7999877929688,911.0,921.9000244140625,3026200,0.0,0.0
2023-09-05 00:00:00+09:00,922.9000244140625,957.5999755859375,920.0999755859375,950.0,4305600,0.0,0.0
2023-09-06 00:00:00+09:00,959.5,959.5,937.5,940.7999877929688,2648600,0.0,0.0
2023-09-07 00:00:00+09:00,936.5,947.5,932.7000122070312,934.7999877929688,2125700,0.0,0.0
2023-09-08 00:00:00+09:00,921.7000122070312,936.2000122070312,901.5,902.7999877929688,4893300,0.0,0.0
2023-09-11 00:00:00+09:00,908.0999755859375,926.7000122070312,906.5999755859375,923.2000122070312,2493200,0.0,0.0
2023-09-12 00:00:00+09:00,931.5999755859375,943.9000244140625,918.0999755859375,925.5,2197600,0.0,0.0
2023-09-13 00:00:00+09:00,926.0,935.5,924.0,930.0999755859375,2005200,0.0,0.0
2023-09-14 00:00:00+09:00,929.0,937.5999755859375,921.0999755859375,924.2999877929688,2003200,0.0,0.0
2023-09-15 00:00:00+09:00,930.0,940.7999877929688,926.5999755859375,938.5999755859375,2878200,0.0,0.0
2023-09-19 00:00:00+09:00,943.5,958.5999755859375,932.2999877929688,938.5,2813300,0.0,0.0
2023-09-20 00:00:00+09:00,932.0,932.2999877929688,910.0,910.0,3400700,0.0,0.0
2023-09-21 00:00:00+09:00,909.7999877929688,911.0,890.7000122070312,896.5999755859375,2754600,0.0,0.0
2023-09-22 00:00:00+09:00,886.2999877929688,905.4000244140625,878.9000244140625,901.5,2864300,0.0,0.0
2023-09-25 00:00:00+09:00,895.2999877929688,917.7999877929688,894.0999755859375,916.0,2055400,0.0,0.0
2023-09-26 00:00:00+09:00,920.0,924.0,903.7999877929688,912.0999755859375,2067700,0.0,0.0
2023-09-27 00:00:00+09:00,903.9000244140625,926.5999755859375,903.2999877929688,924.0999755859375,2655400,0.0,0.0
2023-09-28 00:00:00+09:00,925.7000122070312,937.5999755859375,920.4000244140625,930.7000122070312,2519300,0.0,0.0
2023-09-29 00:00:00+09:00,937.4000244140625,944.0999755859375,918.4000244140625,932.0,3109200,0.0,0.0
2023-10-02 00:00:00+09:00,942.0,963.7999877929688,936.7999877929688,949.0,4291500,0.0,0.0
2023-10-03 00:00:00+09:00,945.0,945.0999755859375,902.0,903.7999877929688,4041300,0.0,0.0
2023-10-04 00:00:00+09:00,896.2000122070312,919.5,894.7000122070312,912.0,3192700,0.0,0.0
2023-10-05 00:00:00+09:00,917.0,937.0999755859375,904.0,937.0,2864600,0.0,0.0
2023-10-06 00:00:00+09:00,923.2000122070312,925.2999877929688,915.4000244140625,918.7000122070312,2108800,0.0,0.0
2023-10-10 00:00:00+09:00,922.0999755859375,929.9000244140625,912.2999877929688,917.0999755859375,2909700,0.0,0.0
2023-10-11 00:00:00+09:00,923.5,942.0,921.9000244140625,934.5,2828900,0.0,0.0
2023-10-12 00:00:00+09:00,946.2000122070312,968.9000244140625,944.7999877929688,962.9000244140625,4111500,0.0,0.0
2023-10-13 00:00:00+09:00,961.5999755859375,971.5999755859375,947.2999877929688,953.0,3093200,0.0,0.0
2023-10-16 00:00:00+09:00,942.2000122070312,942.2000122070312,923.0999755859375,923.2000122070312,2517700,0.0,0.0
2023-10-17 00:00:00+09:00,931.0,953.0,925.5,951.2999877929688,2950000,0.0,0.0
2023-10-18 00:00:00+09:00,964.9000244140625,967.2000122070312,942.9000244140625,948.2000122070312,3006500,0.0,0.0
2023-10-19 00:00:00+09:00,930.0,938.7000122070312,916.5999755859375,937.5999755859375,3508900,0.0,0.0
2023-10-20 00:00:00+09:00,937.5,948.0,923.5,934.4000244140625,3160700,0.0,0.0
2023-10-23 00:00:00+09:00,925.0,942.5999755859375,918.0999755859375,937.0999755859375,2491300,0.0,0.0
2023-10-24 00:00:00+09:00,940.2000122070312,950.0,917.2000122070312,928.0999755859375,3148900,0.0,0.0
2023-10-25 00:00:00+09:00,931.9000244140625,948.5999755859375,928.5999755859375,935.9000244140625,2512400,0.0,0.0
2023-10-26 00:00:00+09:00,931.0,941.0999755859375,921.9000244140625,929.5999755859375,2917900,0.0,0.0
2023-10-27 00:00:00+09:00,937.0,946.7999877929688,929.0,939.2000122070312,2503200,0.0,0.0
2023-10-30 00:00:00+09:00,939.2000122070312,939.2000122070312,902.2000122070312,911.5999755859375,13592000,0.0,0.0
2023-10-31 00:00:00+09:00,920.0,942.0,914.0,939.7000122070312,3711000,0.0,0.0
2023-11-01 00:00:00+09:00,946.0,954.0,939.0999755859375,951.0,3084900,0.0,0.0
2023-11-02 00:00:00+09:00,959.9000244140625,966.9000244140625,951.7999877929688,961.7000122070312,2269200,0.0,0.0
2023-11-06 00:00:00+09:00,973.0,1003.5,972.7999877929688,999.9000244140625,4525900,0.0,0.0
2023-11-07 00:00:00+09:00,1001.5,1003.0,974.4000244140625,997.2000122070312,2671400,0.0,0.0
2023-11-08 00:00:00+09:00,998.0,1008.5,985.2999877929688,998.7999877929688,3153000,0.0,0.0
2023-11-09 00:00:00+09:00,953.7999877929688,954.2999877929688,883.0999755859375,893.0999755859375,11385300,0.0,0.0
2023-11-10 00:00:00+09:00,893.2000122070312,911.7999877929688,869.4000244140625,910.2000122070312,6407200,0.0,0.0
2023-11-13 00:00:00+09:00,910.4000244140625,928.7000122070312,907.0,921.4000244140625,3256500,0.0,0.0
2023-11-14 00:00:00+09:00,918.0,933.9000244140625,909.7000122070312,922.7999877929688,2828200,0.0,0.0
2023-11-15 00:00:00+09:00,940.2000122070312,998.0,940.2000122070312,993.2000122070312,6348300,0.0,0.0
2023-11-16 00:00:00+09:00,998.0,1007.0,979.7000122070312,981.7000122070312,3554500,0.0,0.0
2023-11-17 00:00:00+09:00,981.0999755859375,999.9000244140625,975.5999755859375,993.2999877929688,2773800,0.0,0.0
2023-11-20 00:00:00+09:00,995.0,1040.0,986.0,1029.5,5414700,0.0,0.0
2023-11-21 00:00:00+09:00,1019.0,1144.5,1017.5,1127.5,15022900,0.0,0.0
2023-11-22 00:00:00+09:00,1108.0,1129.5,1043.0,1046.5,8184700,0.0,0.0
2023-11-24 00:00:00+09:00,1055.0,1059.5,1010.5,1019.0,6378500,0.0,0.0
2023-11-27 00:00:00+09:00,1025.0,1083.0,1016.5,1040.5,6195100,0.0,0.0
2023-11-28 00:00:00+09:00,1010.5,1016.0,941.2999877929688,941.7999877929688,11243400,0.0,0.0
2023-11-29 00:00:00+09:00,936.9000244140625,944.5999755859375,922.0999755859375,925.0,5134600,0.0,0.0
2023-11-30 00:00:00+09:00,934.2000122070312,937.0,916.5999755859375,925.5999755859375,4689500,0.0,0.0
2023-12-01 00:00:00+09:00,935.0,937.7999877929688,917.2999877929688,921.4000244140625,3004500,0.0,0.0
2023-12-04 00:00:00+09:00,919.0,930.9000244140625,905.5,911.5,2805000,0.0,0.0
2023-12-05 00:00:00+09:00,904.0,932.0999755859375,904.0,922.4000244140625,3269300,0.0,0.0
2023-12-06 00:00:00+09:00,925.0,959.9000244140625,922.5,959.0999755859375,3846600,0.0,0.0
2023-12-07 00:00:00+09:00,957.7999877929688,973.0,952.2999877929688,954.5,2785900,0.0,0.0
2023-12-08 00:00:00+09:00,939.5,949.4000244140625,932.9000244140625,948.5,3220700,0.0,0.0
2023-12-11 00:00:00+09:00,952.2999877929688,968.7999877929688,952.0999755859375,960.5,2238700,0.0,0.0
2023-12-12 00:00:00+09:00,975.2999877929688,992.0999755859375,971.5,992.0999755859375,3819000,0.0,0.0
2023-12-13 00:00:00+09:00,995.0,1065.0,995.0,1064.0,6433200,0.0,0.0
2023-12-14 00:00:00+09:00,1059.0,1082.0,1033.5,1044.5,4142100,0.0,0.0
2023-12-15 00:00:00+09:00,1048.5,1055.0,1020.5,1042.0,3924600,0.0,0.0
2023-12-18 00:00:00+09:00,1018.0,1023.5,993.0999755859375,997.5,3058700,0.0,0.0
2023-12-19 00:00:00+09:00,997.5,1018.0,989.0999755859375,1017.5,2031500,0.0,0.0
2023-12-20 00:00:00+09:00,1020.5,1036.5,1008.5,1011.5,1698400,0.0,0.0
2023-12-21 00:00:00+09:00,998.0,1010.0,994.2999877929688,1002.0,1338600,0.0,0.0
2023-12-22 00:00:00+09:00,999.4000244140625,1016.0,995.5,1002.0,1436700,0.0,0.0
2023-12-25 00:00:00+09:00,1006.5,1019.0,1000.5,1000.5,1103900,0.0,0.0
2023-12-26 00:00:00+09:00,1000.0,1013.0,991.5999755859375,995.5,1227200,0.0,0.0
2023-12-27 00:00:00+09:00,1000.0,1019.5,997.4000244140625,1003.0,2228500,0.0,0.0
2023-12-28 00:00:00+09:00,998.9000244140625,1006.5,989.0999755859375,1006.0,1400000,0.0,0.0
2023-12-29 00:00:00+09:00,1015.0,1028.5,996.0999755859375,1005.5,2189200,0.0,0.0
2024-01-04 00:00:00+09:00,994.0,1005.0,979.0,1005.0,2094000,0.0,0.0
2024-01-05 00:00:00+09:00,1005.0,1042.5,1005.0,1026.5,2519000,0.0,0.0
2024-01-09 00:00:00+09:00,1038.0,1063.0,1033.5,1057.0,2946400,0.0,0.0
2024-01-10 00:00:00+09:00,1060.5,1074.0,1059.0,1062.0,2233000,0.0,0.0
2024-01-11 00:00:00+09:00,1067.5,1075.5,1057.0,1070.5,2445300,0.0,0.0
2024-01-12 00:00:00+09:00,1091.5,1092.0,1060.0,1079.0,2259600,0.0,0.0
2024-01-15 00:00:00+09:00,1072.5,1072.5,1064.5,1065.5,288900,0.0,0.0
2024-01-16 00:00:00+09:00,1062.5,1065.5,1048.0,1050.0,1325200,0.0,0.0
2024-01-17 00:00:00+09:00,1056.0,1089.0,1030.5,1068.0,3329900,0.0,0.0
2024-01-18 00:00:00+09:00,1068.0,1093.0,1057.0,1092.0,2365700,0.0,0.0
2024-01-19 00:00:00+09:00,1099.0,1118.0,1058.0,1061.5,3040000,0.0,0.0
2024-01-22 00:00:00+09:00,1071.0,1074.0,1056.5,1071.5,1375000,0.0,0.0
2024-01-23 00:00:00+09:00,1070.5,1074.5,1047.0,1051.5,1849100,0.0,0.0
2024-01-24 00:00:00+09:00,1040.0,1060.0,1039.5,1054.0,1521900,0.0,0.0
2024-01-25 00:00:00+09:00,1050.0,1067.0,1033.0,1033.5,1985000,0.0,0.0
2024-01-26 00:00:00+09:00,1025.0,1048.0,1021.0,1034.0,1779900,0.0,0.0
2024-01-29 00:00:00+09:00,1036.0,1041.0,1006.5,1017.0,2310900,0.0,0.0
2024-01-30 00:00:00+09:00,1029.0,1030.5,997.5999755859375,997.5999755859375,2751200,0.0,0.0
2024-01-31 00:00:00+09:00,997.5,1004.0,987.9000244140625,997.0,2415200,0.0,0.0
2024-02-01 00:00:00+09:00,993.2999877929688,994.0,971.0,980.0,2748500,0.0,0.0
2024-02-02 00:00:00+09:00,990.0,991.9000244140625,974.2999877929688,980.2000122070312,2206100,0.0,0.0
2024-02-05 00:00:00+09:00,981.0,995.5,974.2000122070312,988.0,2912600,0.0,0.0
2024-02-06 00:00:00+09:00,979.7999877929688,982.4000244140625,945.7000122070312,945.7000122070312,4221000,0.0,0.0
2024-02-07 00:00:00+09:00,915.7000122070312,921.0,850.0999755859375,862.0999755859375,14582500,0.0,0.0
2024-02-08 00:00:00+09:00,861.2000122070312,862.0,826.0,842.0,8625500,0.0,0.0
2024-02-09 00:00:00+09:00,841.2000122070312,849.7999877929688,819.4000244140625,819.5999755859375,5518700,0.0,0.0
2024-02-13 00:00:00+09:00,831.0,854.0999755859375,826.0,845.7000122070312,5134400,0.0,0.0
2024-02-14 00:00:00+09:00,840.0,840.0999755859375,811.2000122070312,811.2000122070312,4007800,0.0,0.0
2024-02-15 00:00:00+09:00,820.0,828.7000122070312,805.0999755859375,806.0999755859375,3445200,0.0,0.0
2024-02-16 00:00:00+09:00,797.0,811.5999755859375,785.5999755859375,804.0,3383200,0.0,0.0
2024-02-19 00:00:00+09:00,797.5,822.0,792.0,820.0,2732400,0.0,0.0
2024-02-20 00:00:00+09:00,826.2000122070312,836.5,818.0,825.2000122070312,3075400,0.0,0.0
2024-02-21 00:00:00+09:00,822.0,823.9000244140625,806.4000244140625,809.7999877929688,2810000,0.0,0.0
2024-02-22 00:00:00+09:00,816.0,824.0,812.2999877929688,820.2000122070312,2631700,0.0,0.0
2024-02-26 00:00:00+09:00,828.0,837.9000244140625,822.2000122070312,831.5,2910200,0.0,0.0
2024-02-27 00:00:00+09:00,832.0,839.9000244140625,818.0,820.0,2886400,0.0,0.0
2024-02-28 00:00:00+09:00,820.0,826.4000244140625,816.0999755859375,817.7999877929688,2451800,0.0,0.0
2024-02-29 00:00:00+09:00,817.0,821.9000244140625,808.5999755859375,815.5,3208500,0.0,0.0
2024-03-01 00:00:00+09:00,819.2999877929688,828.7999877929688,812.0999755859375,814.9000244140625,2511700,0.0,0.0
2024-03-04 00:00:00+09:00,818.0,822.5999755859375,807.7999877929688,816.5,2668500,0.0,0.0
2024-03-05 00:00:00+09:00,818.9000244140625,826.0,807.7999877929688,817.0,2503300,0.0,0.0
2024-03-06 00:00:00+09:00,817.0,825.7999877929688,804.2000122070312,807.5999755859375,3887000,0.0,0.0
2024-03-07 00:00:00+09:00,808.0999755859375,813.5,786.0,790.0,3903600,0.0,0.0
2024-03-08 00:00:00+09:00,785.0,806.2000122070312,781.2000122070312,796.5,3412900,0.0,0.0
2024-03-11 00:00:00+09:00,791.2000122070312,795.0999755859375,778.5999755859375,795.0999755859375,3110200,0.0,0.0
2024-03-12 00:00:00+09:00,795.0,818.2000122070312,782.5,813.7000122070312,3545100,0.0,0.0
2024-03-13 00:00:00+09:00,815.0,820.5,802.2999877929688,806.7999877929688,2467700,0.0,0.0
2024-03-14 00:00:00+09:00,799.0,805.9000244140625,795.5,801.7000122070312,2405400,0.0,0.0
2024-03-15 00:00:00+09:00,797.2000122070312,824.4000244140625,794.0,808.5,4652400,0.0,0.0
2024-03-18 00:00:00+09:00,810.0,831.4000244140625,807.9000244140625,830.5999755859375,3046800,0.0,0.0
2024-03-19 00:00:00+09:00,838.0,838.5,818.7000122070312,829.0,3732100,0.0,0.0
2024-03-21 00:00:00+09:00,839.0999755859375,849.0,834.5999755859375,839.7999877929688,3929700,0.0,0.0
2024-03-22 00:00:00+09:00,842.7000122070312,935.0,833.0,883.4000244140625,27109900,0.0,0.0
2024-03-25 00:00:00+09:00,853.4000244140625,869.0,822.5999755859375,823.4000244140625,9395000,0.0,0.0
2024-03-26 00:00:00+09:00,821.0,828.2000122070312,811.2999877929688,813.7999877929688,4922100,0.0,0.0
2024-03-27 00:00:00+09:00,820.0,848.2000122070312,816.5,830.7999877929688,4840700,0.0,0.0
2024-03-28 00:00:00+09:00,839.0,844.5999755859375,827.7000122070312,840.5,2499400,0.0,0.0
2024-03-29 00:00:00+09:00,845.0999755859375,853.9000244140625,828.4000244140625,835.7999877929688,1666700,0.0,0.0
2024-04-01 00:00:00+09:00,834.7000122070312,861.7000122070312,826.2999877929688,858.0,3601100,0.0,0.0
2024-04-02 00:00:00+09:00,857.7999877929688,859.5999755859375,848.0999755859375,854.4000244140625,2325000,0.0,0.0
2024-04-03 00:00:00+09:00,850.0,865.9000244140625,838.5999755859375,846.0999755859375,2433000,0.0,0.0
2024-04-04 00:00:00+09:00,858.0,864.0999755859375,850.0999755859375,857.0,2662500,0.0,0.0
2024-04-05 00:00:00+09:00,854.7999877929688,854.7999877929688,841.0,852.5,1690300,0.0,0.0
2024-04-08 00:00:00+09:00,843.4000244140625,845.0,820.2000122070312,825.4000244140625,3340000,0.0,0.0
2024-04-09 00:00:00+09:00,824.0999755859375,832.5,822.0,832.4000244140625,2244500,0.0,0.0
2024-04-10 00:00:00+09:00,835.0,857.0,831.7000122070312,835.9000244140625,3178600,0.0,0.0
2024-04-11 00:00:00+09:00,822.0,834.9000244140625,815.5999755859375,819.2000122070312,2927900,0.0,0.0
2024-04-12 00:00:00+09:00,828.0,832.7999877929688,815.5999755859375,821.2999877929688,3016700,0.0,0.0
2024-04-15 00:00:00+09:00,815.0,824.5999755859375,812.4000244140625,821.5999755859375,1770700,0.0,0.0
2024-04-16 00:00:00+09:00,808.9000244140625,811.9000244140625,793.2000122070312,803.0,3828900,0.0,0.0
2024-04-17 00:00:00+09:00,801.4000244140625,808.0,793.7000122070312,800.0,1986900,0.0,0.0
2024-04-18 00:00:00+09:00,800.0999755859375,827.2000122070312,798.5,821.4000244140625,3390000,0.0,0.0
2024-04-19 00:00:00+09:00,801.0,806.2999877929688,787.0,788.7000122070312,4968200,0.0,0.0
2024-04-22 00:00:00+09:00,793.0,817.7999877929688,790.2000122070312,817.2000122070312,3888500,0.0,0.0
2024-04-23 00:00:00+09:00,820.0,827.5,813.2000122070312,819.5999755859375,2535600,0.0,0.0
2024-04-24 00:00:00+09:00,819.0,833.0,813.4000244140625,831.0,2774400,0.0,0.0
2024-04-25 00:00:00+09:00,827.0999755859375,832.5999755859375,820.0,820.0,2219300,0.0,0.0
2024-04-26 00:00:00+09:00,815.5,824.2999877929688,808.7999877929688,818.7999877929688,1915900,0.0,0.0
2024-04-30 00:00:00+09:00,814.5,840.7999877929688,812.5,831.0,3108000,0.0,0.0
2024-05-01 00:00:00+09:00,819.9000244140625,836.0999755859375,819.0,828.0,2256700,0.0,0.0
2024-05-02 00:00:00+09:00,821.7999877929688,835.4000244140625,820.7999877929688,834.5,2034100,0.0,0.0
2024-05-07 00:00:00+09:00,840.5,860.4000244140625,835.2000122070312,860.4000244140625,3469100,0.0,0.0
2024-05-08 00:00:00+09:00,860.0,867.0999755859375,851.0999755859375,852.5999755859375,3408300,0.0,0.0
2024-05-09 00:00:00+09:00,849.7999877929688,858.7000122070312,836.5999755859375,843.0,2924300,0.0,0.0
2024-05-10 00:00:00+09:00,846.0999755859375,862.9000244140625,843.0999755859375,862.4000244140625,3220100,0.0,0.0
2024-05-13 00:00:00+09:00,863.0,863.7000122070312,844.0999755859375,851.4000244140625,2171200,0.0,0.0
2024-05-14 00:00:00+09:00,870.0,879.9000244140625,861.5,869.4000244140625,5056900,0.0,0.0
2024-05-15 00:00:00+09:00,854.4000244140625,856.0999755859375,771.0,799.2999877929688,11829200,0.0,0.0
2024-05-16 00:00:00+09:00,800.0,812.5,777.9000244140625,812.0,5876900,0.0,0.0
2024-05-17 00:00:00+09:00,801.0,836.0,801.0,823.4000244140625,4838800,0.0,0.0
2024-05-20 00:00:00+09:00,810.2000122070312,838.5,810.0999755859375,838.5,3204000,0.0,0.0
2024-05-21 00:00:00+09:00,841.7999877929688,870.2999877929688,839.0,868.7999877929688,4346200,0.0,0.0
2024-05-22 00:00:00+09:00,872.7999877929688,947.9000244140625,871.7999877929688,932.5999755859375,13797600,0.0,0.0
2024-05-23 00:00:00+09:00,878.0,953.7999877929688,878.0,951.7000122070312,7639100,0.0,0.0
2024-05-24 00:00:00+09:00,925.0,966.4000244140625,922.9000244140625,948.5,5566900,0.0,0.0
2024-05-27 00:00:00+09:00,942.7999877929688,959.7999877929688,925.0,951.9000244140625,3400800,0.0,0.0
2024-05-28 00:00:00+09:00,945.0999755859375,953.9000244140625,912.5,924.7000122070312,5171500,0.0,0.0
2024-05-29 00:00:00+09:00,920.0,942.2999877929688,901.0,935.5999755859375,3414500,0.0,0.0
2024-05-30 00:00:00+09:00,945.0,959.9000244140625,936.0,959.0,4650500,0.0,0.0
2024-05-31 00:00:00+09:00,960.0,989.7000122070312,951.0,970.2000122070312,21902400,0.0,0.0
2024-06-03 00:00:00+09:00,1030.5,1048.0,984.0999755859375,984.0999755859375,9432500,0.0,0.0
2024-06-04 00:00:00+09:00,970.9000244140625,977.5,929.0,970.2999877929688,6337100,0.0,0.0
2024-06-05 00:00:00+09:00,950.0,969.9000244140625,927.4000244140625,967.0,4626400,0.0,0.0
2024-06-06 00:00:00+09:00,969.7000122070312,974.7999877929688,932.0,937.0,4483900,0.0,0.0
2024-06-07 00:00:00+09:00,936.9000244140625,940.4000244140625,920.7000122070312,920.9000244140625,3351800,0.0,0.0
2024-06-10 00:00:00+09:00,950.0,979.9000244140625,935.2000122070312,979.0999755859375,5485700,0.0,0.0
2024-06-11 00:00:00+09:00,981.5,983.0,951.0,960.7000122070312,4221600,0.0,0.0
2024-06-12 00:00:00+09:00,951.7999877929688,977.7000122070312,951.5,965.0,3293600,0.0,0.0
2024-06-13 00:00:00+09:00,965.7999877929688,978.5,958.0999755859375,969.5999755859375,2919600,0.0,0.0
2024-06-14 00:00:00+09:00,968.9000244140625,986.0999755859375,956.2999877929688,984.7999877929688,4554700,0.0,0.0
2024-06-17 00:00:00+09:00,987.7999877929688,989.5,970.5,983.0999755859375,2566600,0.0,0.0
2024-06-18 00:00:00+09:00,985.0,1006.0,971.0,979.2000122070312,3916800,0.0,0.0
2024-06-19 00:00:00+09:00,978.2999877929688,979.4000244140625,945.0999755859375,960.7999877929688,3368000,0.0,0.0
2024-06-20 00:00:00+09:00,950.0,953.0,933.5,943.5999755859375,2532800,0.0,0.0
2024-06-21 00:00:00+09:00,946.0,960.9000244140625,933.0,958.2999877929688,3645700,0.0,0.0
2024-06-24 00:00:00+09:00,960.0999755859375,980.5,958.2999877929688,975.2000122070312,3191700,0.0,0.0
2024-06-25 00:00:00+09:00,981.0,987.7999877929688,972.7000122070312,979.0999755859375,2222300,0.0,0.0
2024-06-26 00:00:00+09:00,980.0,1009.5,976.0,984.4000244140625,3706200,0.0,0.0
2024-06-27 00:00:00+09:00,980.2999877929688,983.7000122070312,951.4000244140625,976.5999755859375,4504000,0.0,0.0
2024-06-28 00:00:00+09:00,977.9000244140625,982.4000244140625,927.7999877929688,930.0999755859375,5471000,0.0,0.0
2024-07-01 00:00:00+09:00,945.0999755859375,960.7000122070312,932.7999877929688,942.0,3225600,0.0,0.0
2024-07-02 00:00:00+09:00,939.2000122070312,959.0999755859375,929.4000244140625,940.0,3399100,0.0,0.0
2024-07-03 00:00:00+09:00,939.0,951.2000122070312,931.4000244140625,942.4000244140625,2426200,0.0,0.0
2024-07-04 00:00:00+09:00,942.4000244140625,955.2999877929688,942.4000244140625,952.9000244140625,1992100,0.0,0.0
2024-07-05 00:00:00+09:00,952.2000122070312,960.2000122070312,944.7000122070312,954.2000122070312,2088900,0.0,0.0
2024-07-08 00:00:00+09:00,953.9000244140625,959.2999877929688,934.0999755859375,941.9000244140625,2650900,0.0,0.0
2024-07-09 00:00:00+09:00,950.0,961.4000244140625,943.0999755859375,951.2999877929688,2550700,0.0,0.0
2024-07-10 00:00:00+09:00,950.0,950.0,928.0,937.7999877929688,3009800,0.0,0.0
2024-07-11 00:00:00+09:00,945.0999755859375,976.4000244140625,944.7999877929688,975.5999755859375,3326600,0.0,0.0
2024-07-12 00:00:00+09:00,974.5,981.7999877929688,958.0,968.7999877929688,3326100,0.0,0.0
2024-07-16 00:00:00+09:00,970.7000122070312,971.0,947.9000244140625,947.9000244140625,1921400,0.0,0.0
2024-07-17 00:00:00+09:00,957.2999877929688,962.0999755859375,951.2999877929688,958.0,1637000,0.0,0.0
2024-07-18 00:00:00+09:00,945.5,954.9000244140625,940.2999877929688,949.4000244140625,1861200,0.0,0.0
2024-07-19 00:00:00+09:00,947.0,956.4000244140625,943.5999755859375,946.2000122070312,1636800,0.0,0.0
2024-07-22 00:00:00+09:00,945.7999877929688,950.9000244140625,930.0,937.5,1845500,0.0,0.0
2024-07-23 00:00:00+09:00,937.2999877929688,943.0,924.5999755859375,932.2000122070312,1828300,0.0,0.0
2024-07-24 00:00:00+09:00,931.0,931.0,905.2999877929688,905.2999877929688,2377500,0.0,0.0
2024-07-25 00:00:00+09:00,885.0,886.7000122070312,870.4000244140625,873.9000244140625,2874400,0.0,0.0
2024-07-26 00:00:00+09:00,873.2000122070312,876.4000244140625,860.5999755859375,860.5999755859375,2836400,0.0,0.0
2024-07-29 00:00:00+09:00,874.0,884.5,861.9000244140625,868.9000244140625,2211000,0.0,0.0
2024-07-30 00:00:00+09:00,868.4000244140625,877.9000244140625,861.5999755859375,873.4000244140625,1601100,0.0,0.0
2024-07-31 00:00:00+09:00,867.2999877929688,879.0,861.2000122070312,878.2000122070312,2155000,0.0,0.0
2024-08-01 00:00:00+09:00,870.0,880.0,850.0,863.2000122070312,2763100,0.0,0.0
2024-08-02 00:00:00+09:00,853.4000244140625,865.7000122070312,835.4000244140625,835.7999877929688,3491300,0.0,0.0
2024-08-05 00:00:00+09:00,820.7999877929688,828.7999877929688,752.0999755859375,764.2000122070312,4718000,0.0,0.0
2024-08-06 00:00:00+09:00,808.2000122070312,833.0999755859375,796.7000122070312,823.9000244140625,4231200,0.0,0.0
2024-08-07 00:00:00+09:00,802.5999755859375,857.9000244140625,789.0,843.7999877929688,3735600,0.0,0.0
2024-08-08 00:00:00+09:00,843.7999877929688,858.5,832.4000244140625,850.4000244140625,2296100,0.0,0.0
2024-08-09 00:00:00+09:00,856.2000122070312,883.0,854.4000244140625,867.0999755859375,3580900,0.0,0.0
2024-08-13 00:00:00+09:00,845.5999755859375,850.0,809.5,816.0999755859375,6385200,0.0,0.0
2024-08-14 00:00:00+09:00,823.0,879.9000244140625,822.2000122070312,879.9000244140625,3812600,0.0,0.0
2024-08-15 00:00:00+09:00,882.9000244140625,892.5999755859375,867.7999877929688,871.2000122070312,2646600,0.0,0.0
2024-08-16 00:00:00+09:00,886.2000122070312,910.0,877.4000244140625,906.5,3082600,0.0,0.0
2024-08-19 00:00:00+09:00,906.2000122070312,918.0,895.9000244140625,897.7000122070312,2480500,0.0,0.0
2024-08-20 00:00:00+09:00,910.0,967.0,905.2000122070312,961.2000122070312,5430000,0.0,0.0
2024-08-21 00:00:00+09:00,947.7999877929688,958.0,929.0999755859375,945.7000122070312,3079400,0.0,0.0
2024-08-22 00:00:00+09:00,960.0999755859375,963.0,937.7999877929688,952.2999877929688,2165400,0.0,0.0
2024-08-23 00:00:00+09:00,982.2999877929688,1039.5,981.0,1018.5,10078100,0.0,0.0
2024-08-26 00:00:00+09:00,1016.0,1019.0,986.0999755859375,992.7999877929688,3370400,0.0,0.0
2024-08-27 00:00:00+09:00,992.9000244140625,999.0,975.0,990.0,2170600,0.0,0.0
2024-08-28 00:00:00+09:00,990.0999755859375,1002.5,989.5,992.5999755859375,1951800,0.0,0.0
2024-08-29 00:00:00+09:00,991.9000244140625,994.7000122070312,978.0,993.0999755859375,1990300,0.0,0.0
2024-08-30 00:00:00+09:00,980.0,1003.5,980.0,998.4000244140625,1803200,0.0,0.0
2024-09-02 00:00:00+09:00,999.0,999.7999877929688,978.0,988.4000244140625,1925000,0.0,0.0
2024-09-03 00:00:00+09:00,980.0,992.2000122070312,979.5,982.0,1507400,0.0,0.0
2024-09-04 00:00:00+09:00,959.0,981.0,954.9000244140625,969.0999755859375,2843700,0.0,0.0
2024-09-05 00:00:00+09:00,948.7999877929688,949.9000244140625,919.0,921.5,3247500,0.0,0.0
2024-09-06 00:00:00+09:00,925.0,931.2000122070312,910.2999877929688,912.2000122070312,1968100,0.0,0.0
2024-09-09 00:00:00+09:00,890.2999877929688,910.7999877929688,879.0999755859375,906.0,2235400,0.0,0.0
2024-09-10 00:00:00+09:00,897.2999877929688,913.7000122070312,896.0999755859375,899.2000122070312,1614500,0.0,0.0
2024-09-11 00:00:00+09:00,895.5999755859375,897.0,875.0,879.7999877929688,1615100,0.0,0.0
2024-09-12 00:00:00+09:00,894.7999877929688,900.0,878.4000244140625,886.5999755859375,1355800,0.0,0.0
2024-09-13 00:00:00+09:00,878.0,885.4000244140625,872.2999877929688,885.0,1928700,0.0,0.0
2024-09-17 00:00:00+09:00,885.0,928.0,884.0999755859375,920.7999877929688,3616000,0.0,0.0
2024-09-18 00:00:00+09:00,926.5,933.2999877929688,902.2000122070312,918.2999877929688,2703400,0.0,0.0
2024-09-19 00:00:00+09:00,927.0,931.4000244140625,911.0999755859375,922.9000244140625,1967500,0.0,0.0
2024-09-20 00:00:00+09:00,932.0999755859375,936.0,918.2000122070312,920.5999755859375,1480900,0.0,0.0
2024-09-24 00:00:00+09:00,924.5,932.5999755859375,914.2000122070312,914.9000244140625,1683000,0.0,0.0
2024-09-25 00:00:00+09:00,909.7999877929688,917.2000122070312,895.0999755859375,904.0999755859375,2179800,0.0,0.0
2024-09-26 00:00:00+09:00,917.2000122070312,928.4000244140625,911.0,928.0,1898000,0.0,0.0
2024-09-27 00:00:00+09:00,936.5,968.0,923.0,963.7000122070312,2932800,0.0,0.0
2024-09-30 00:00:00+09:00,922.0,952.0,922.0,949.7999877929688,2584800,0.0,0.0
2024-10-01 00:00:00+09:00,955.0,973.0,954.7999877929688,971.0,2082100,0.0,0.0
2024-10-02 00:00:00+09:00,956.0,970.7000122070312,950.5999755859375,953.0,1673900,0.0,0.0
2024-10-03 00:00:00+09:00,975.0,982.5999755859375,967.7000122070312,981.7000122070312,2085500,0.0,0.0
2024-10-04 00:00:00+09:00,981.0999755859375,1015.0,980.7999877929688,1013.5,3334400,0.0,0.0
2024-10-07 00:00:00+09:00,1011.5,1024.0,1009.0,1019.5,2484300,0.0,0.0
2024-10-08 00:00:00+09:00,1010.0,1016.5,993.4000244140625,998.0,1761300,0.0,0.0
2024-10-09 00:00:00+09:00,1012.0,1014.5,996.4000244140625,997.7000122070312,1479500,0.0,0.0
2024-10-10 00:00:00+09:00,1000.0,1000.5,985.5,990.9000244140625,1254800,0.0,0.0
2024-10-11 00:00:00+09:00,988.4000244140625,999.0,975.9000244140625,977.4000244140625,1407900,0.0,0.0
2024-10-15 00:00:00+09:00,980.0999755859375,1006.0,977.7000122070312,999.0999755859375,1682500,0.0,0.0
2024-10-16 00:00:00+09:00,984.0999755859375,991.5,976.5999755859375,981.5999755859375,1379000,0.0,0.0
2024-10-17 00:00:00+09:00,984.0999755859375,995.7000122070312,979.7000122070312,982.5999755859375,1157000,0.0,0.0
2024-10-18 00:00:00+09:00,985.5999755859375,985.5999755859375,974.5999755859375,978.5999755859375,833200,0.0,0.0
2024-10-21 00:00:00+09:00,978.0,992.2000122070312,971.5,991.2000122070312,1135100,0.0,0.0
2024-10-22 00:00:00+09:00,991.0,991.0999755859375,968.5,972.2999877929688,1526100,0.0,0.0
2024-10-23 00:00:00+09:00,961.4000244140625,971.2000122070312,956.0999755859375,959.7999877929688,954300,0.0,0.0
2024-10-24 00:00:00+09:00,958.0999755859375,961.7999877929688,948.2000122070312,950.5999755859375,1176200,0.0,0.0
2024-10-25 00:00:00+09:00,950.0,951.5,936.5,939.7999877929688,1039200,0.0,0.0
2024-10-28 00:00:00+09:00,930.0,954.5999755859375,930.0,946.7000122070312,1217100,0.0,0.0
2024-10-29 00:00:00+09:00,946.0,947.7999877929688,937.2999877929688,942.2999877929688,1098600,0.0,0.0
2024-10-30 00:00:00+09:00,942.2000122070312,943.2999877929688,929.5,929.7000122070312,7710700,0.0,0.0
2024-10-31 00:00:00+09:00,931.0999755859375,942.5999755859375,922.0,937.7000122070312,1789700,0.0,0.0
2024-11-01 00:00:00+09:00,925.0,937.7999877929688,921.9000244140625,936.0,1755700,0.0,0.0
2024-11-05 00:00:00+09:00,938.0,939.7999877929688,927.4000244140625,931.0,1454400,0.0,0.0
2024-11-06 00:00:00+09:00,940.0,940.0,901.0,901.0,2765300,0.0,0.0
2024-11-07 00:00:00+09:00,901.0,907.4000244140625,891.0999755859375,901.0,2089900,0.0,0.0
2024-11-08 00:00:00+09:00,905.0,906.0999755859375,889.2999877929688,893.0,1384400,0.0,0.0
2024-11-11 00:00:00+09:00,891.4000244140625,891.5,872.7999877929688,872.7999877929688,1771300,0.0,0.0
2024-11-12 00:00:00+09:00,884.7000122070312,898.0,875.2999877929688,888.4000244140625,2903900,0.0,0.0
2024-11-13 00:00:00+09:00,993.4000244140625,1038.0,949.0,1011.0,11018700,0.0,0.0
2024-11-14 00:00:00+09:00,1011.0,1025.0,980.2999877929688,1012.5,3893300,0.0,0.0
2024-11-15 00:00:00+09:00,1012.0,1025.0,992.2000122070312,1004.5,2985200,0.0,0.0
2024-11-18 00:00:00+09:00,997.9000244140625,1011.5,973.7000122070312,983.0,3039400,0.0,0.0
2024-11-19 00:00:00+09:00,986.0,1002.0,977.9000244140625,981.5999755859375,1930600,0.0,0.0
2024-11-20 00:00:00+09:00,978.0,1015.0,977.7000122070312,1012.0,2185400,0.0,0.0
2024-11-21 00:00:00+09:00,1015.0,1023.0,995.0,997.2000122070312,1458600,0.0,0.0
2024-11-22 00:00:00+09:00,999.0,1008.5,996.4000244140625,1003.0,959200,0.0,0.0
2024-11-25 00:00:00+09:00,1010.0,1019.0,1002.0,1013.5,1654400,0.0,0.0
2024-11-26 00:00:00+09:00,1007.0,1022.0,1000.5,1009.5,1721300,0.0,0.0
2024-11-27 00:00:00+09:00,995.2999877929688,995.9000244140625,973.2000122070312,986.0999755859375,2250600,0.0,0.0
2024-11-28 00:00:00+09:00,980.0,992.2000122070312,978.7000122070312,983.5,961200,0.0,0.0
2024-11-29 00:00:00+09:00,984.5,985.0,957.5,960.7000122070312,1263400,0.0,0.0
2024-12-02 00:00:00+09:00,953.0999755859375,957.5999755859375,937.7000122070312,951.9000244140625,1945900,0.0,0.0
2024-12-03 00:00:00+09:00,950.0,959.7999877929688,943.5,944.7999877929688,1630600,0.0,0.0
2024-12-04 00:00:00+09:00,944.4000244140625,949.0999755859375,933.0,944.0,1264900,0.0,0.0
2024-12-05 00:00:00+09:00,952.0,955.4000244140625,938.0,939.0999755859375,1355100,0.0,0.0
2024-12-06 00:00:00+09:00,939.5,965.2000122070312,938.0,944.7999877929688,1471400,0.0,0.0
2024-12-09 00:00:00+09:00,947.9000244140625,949.4000244140625,926.5,927.2000122070312,1469600,0.0,0.0
2024-12-10 00:00:00+09:00,950.0,980.9000244140625,949.4000244140625,951.7999877929688,1623100,0.0,0.0
2024-12-11 00:00:00+09:00,945.0,960.5,941.9000244140625,943.7000122070312,1296700,0.0,0.0
2024-12-12 00:00:00+09:00,952.0999755859375,953.4000244140625,936.2999877929688,948.9000244140625,1799700,0.0,0.0
2024-12-13 00:00:00+09:00,950.0999755859375,1009.5,945.5,987.5999755859375,3980000,0.0,0.0
2024-12-16 00:00:00+09:00,981.9000244140625,1003.0,974.0999755859375,997.2999877929688,1909300,0.0,0.0
2024-12-17 00:00:00+09:00,999.9000244140625,1009.0,993.2000122070312,994.0,1311300,0.0,0.0
2024-12-18 00:00:00+09:00,989.0999755859375,1005.5,980.5999755859375,995.0,1277500,0.0,0.0
2024-12-19 00:00:00+09:00,985.0,998.0,976.0,992.0999755859375,1219800,0.0,0.0
2024-12-20 00:00:00+09:00,988.4000244140625,994.2000122070312,982.2000122070312,989.9000244140625,1245700,0.0,0.0
2024-12-23 00:00:00+09:00,999.0,1027.0,974.2000122070312,976.2999877929688,3370200,0.0,0.0
2024-12-24 00:00:00+09:00,974.0,992.0,965.7999877929688,986.9000244140625,1376400,0.0,0.0
2024-12-25 00:00:00+09:00,986.9000244140625,986.9000244140625,963.2000122070312,971.0,1201000,0.0,0.0
2024-12-26 00:00:00+09:00,963.0,980.7000122070312,956.0,977.9000244140625,1813400,0.0,0.0
2024-12-27 00:00:00+09:00,985.0,1003.5,984.7999877929688,1000.0,1901500,0.0,0.0
2024-12-30 00:00:00+09:00,995.0,999.4000244140625,979.2000122070312,984.9000244140625,1540500,0.0,0.0
2025-01-06 00:00:00+09:00,998.0,998.0999755859375,942.0999755859375,947.2999877929688,2528100,0.0,0.0
2025-01-07 00:00:00+09:00,952.0,992.7000122070312,948.2000122070312,988.0,2332100,0.0,0.0
2025-01-08 00:00:00+09:00,979.0,981.2999877929688,963.7000122070312,970.2000122070312,1052800,0.0,0.0
2025-01-09 00:00:00+09:00,965.7999877929688,965.7999877929688,944.0999755859375,946.7999877929688,1553700,0.0,0.0
2025-01-10 00:00:00+09:00,956.5999755859375,960.0,939.4000244140625,940.5,1739600,0.0,0.0
2025-01-14 00:00:00+09:00,935.0,936.5999755859375,915.7999877929688,923.5999755859375,2092200,0.0,0.0
2025-01-15 00:00:00+09:00,923.0,931.0,910.4000244140625,914.0999755859375,1185400,0.0,0.0
2025-01-16 00:00:00+09:00,919.7000122070312,923.0,905.5,910.2000122070312,1252600,0.0,0.0
2025-01-17 00:00:00+09:00,901.5,903.7000122070312,888.7000122070312,900.0,1555200,0.0,0.0
2025-01-20 00:00:00+09:00,905.0,908.4000244140625,900.4000244140625,901.9000244140625,1162000,0.0,0.0
2025-01-21 00:00:00+09:00,910.0,910.0,898.4000244140625,909.5999755859375,844700,0.0,0.0
2025-01-22 00:00:00+09:00,910.0999755859375,914.0999755859375,907.0,911.7000122070312,980100,0.0,0.0
2025-01-23 00:00:00+09:00,906.0,935.0999755859375,896.0999755859375,926.0,2099400,0.0,0.0
2025-01-24 00:00:00+09:00,930.2999877929688,934.5,919.0,921.4000244140625,1151200,0.0,0.0
2025-01-27 00:00:00+09:00,934.5999755859375,962.0,934.5,951.4000244140625,2313600,0.0,0.0
2025-01-28 00:00:00+09:00,936.4000244140625,958.0,929.5999755859375,944.2000122070312,1723400,0.0,0.0
2025-01-29 00:00:00+09:00,949.0,957.7999877929688,944.0999755859375,949.7000122070312,1498900,0.0,0.0
2025-01-30 00:00:00+09:00,949.5,972.0,941.4000244140625,966.9000244140625,1688100,0.0,0.0
2025-01-31 00:00:00+09:00,960.4000244140625,965.4000244140625,931.2000122070312,934.5999755859375,2051800,0.0,0.0
2025-02-03 00:00:00+09:00,920.0,922.4000244140625,909.0999755859375,921.0999755859375,2216300,0.0,0.0
2025-02-04 00:00:00+09:00,934.0,938.0,923.2000122070312,930.4000244140625,1301700,0.0,0.0
2025-02-05 00:00:00+09:00,920.0999755859375,929.4000244140625,914.7999877929688,923.9000244140625,1216400,0.0,0.0
2025-02-06 00:00:00+09:00,933.0,955.5,929.5,951.0,2372700,0.0,0.0
2025-02-07 00:00:00+09:00,951.0,971.7000122070312,945.0,957.2000122070312,2670200,0.0,0.0
2025-02-10 00:00:00+09:00,987.2000122070312,1000.0,953.7999877929688,969.9000244140625,5013500,0.0,0.0
2025-02-12 00:00:00+09:00,980.0,1007.0,967.2000122070312,1007.0,4663800,0.0,0.0
2025-02-13 00:00:00+09:00,1013.5,1029.5,994.0,1004.5,3657200,0.0,0.0
2025-02-14 00:00:00+09:00,1005.0,1020.5,989.7999877929688,998.7999877929688,2783700,0.0,0.0
2025-02-17 00:00:00+09:00,999.0,1000.5,973.5,998.0,1952800,0.0,0.0
2025-02-18 00:00:00+09:00,986.0,1002.0,982.0999755859375,989.9000244140625,2024000,0.0,0.0
2025-02-19 00:00:00+09:00,989.7000122070312,989.9000244140625,969.2999877929688,983.2000122070312,2252400,0.0,0.0
2025-02-20 00:00:00+09:00,979.0,985.5999755859375,965.0999755859375,965.2999877929688,2020000,0.0,0.0
2025-02-21 00:00:00+09:00,960.0,967.0999755859375,955.0999755859375,960.0,1776900,0.0,0.0
2025-02-25 00:00:00+09:00,955.0,976.9000244140625,950.5,976.9000244140625,2123300,0.0,0.0
2025-02-26 00:00:00+09:00,976.0,996.7000122070312,975.0,986.7000122070312,1573800,0.0,0.0
2025-02-27 00:00:00+09:00,990.5999755859375,993.5,983.9000244140625,990.0,980600,0.0,0.0
2025-02-28 00:00:00+09:00,990.2000122070312,998.0,978.7000122070312,983.0999755859375,1398100,0.0,0.0
2025-03-03 00:00:00+09:00,980.5999755859375,986.5,970.0999755859375,982.7000122070312,1409500,0.0,0.0
2025-03-04 00:00:00+09:00,979.0999755859375,979.0999755859375,959.2000122070312,965.0,1658200,0.0,0.0
2025-03-05 00:00:00+09:00,962.0,980.2999877929688,955.9000244140625,976.5999755859375,1277300,0.0,0.0
2025-03-06 00:00:00+09:00,980.0,998.7999877929688,976.9000244140625,984.7999877929688,1339700,0.0,0.0
2025-03-07 00:00:00+09:00,969.7999877929688,974.4000244140625,953.2999877929688,956.5999755859375,1625000,0.0,0.0
2025-03-10 00:00:00+09:00,957.4000244140625,962.0,953.5,959.5999755859375,1520500,0.0,0.0
2025-03-11 00:00:00+09:00,952.9000244140625,969.0,937.2000122070312,964.2000122070312,2295800,0.0,0.0
2025-03-12 00:00:00+09:00,963.5,965.5999755859375,941.7999877929688,950.0,1627700,0.0,0.0
2025-03-13 00:00:00+09:00,947.0,964.0999755859375,946.0,958.2999877929688,1415700,0.0,0.0
2025-03-14 00:00:00+09:00,955.0999755859375,969.7000122070312,950.0,960.0,1463000,0.0,0.0
